date,unscheduled,fomc_latest,main,mp1,mp2,ff1,ff2,ff3,ff4,ff5,ff6,ed1,ed2,ed3,ed4,ed5,ed6,ed7,ed8,ust3m,ust6m,ust2y,ust5y,ust10y,ust30y,sp500,spfut,eurusd,ff4_mr,nfp_surp,nfp_12m,sp500_3m,slope_3m,bcom_3m,tr_skew,sep,pc,ois1y,ois2y,tips5y,tips10y,tips30y,dxy,usdjpy,mr_fomc,daten,raw_date,raw_daten,FOMCdate,GBdate,GBpubDate,fomc,DATE,gRGDPB4,gRGDPB3,gRGDPB2,gRGDPB1,gRGDPF0,gRGDPF1,gRGDPF2,gRGDPF3,gRGDPF4,gRGDPF5,gRGDPF6,gRGDPF7,gRGDPF8,gRGDPF9,gPGDPB4,gPGDPB3,gPGDPB2,gPGDPB1,gPGDPF0,gPGDPF1,gPGDPF2,gPGDPF3,gPGDPF4,gPGDPF5,gPGDPF6,gPGDPF7,gPGDPF8,gPGDPF9,UNEMPB4,UNEMPB3,UNEMPB2,UNEMPB1,UNEMPF0,UNEMPF1,UNEMPF2,UNEMPF3,UNEMPF4,UNEMPF5,UNEMPF6,UNEMPF7,UNEMPF8,UNEMPF9,gb,gbYQ,DgRGDPB1,DgRGDPF0,DgRGDPF1,DgRGDPF2,DgRGDPF3,DgPGDPB1,DgPGDPF0,DgPGDPF1,DgPGDPF2,DgPGDPF3,DUNEMPB1,DUNEMPF0,DUNEMPF1,DUNEMPF2,DUNEMPF3,mismatch,monthly,t
2/4/1993,0,2/4/1993,1,0,,0,-.02,-.039999999,-.02,,,0,-.0099999998,0,0,,,,,,,0,.0066900002,.0039400002,0,-.051309999,-.078019999,,-.02,-.10136531,1.3064291,6.5899062,-.34006011,-2.9773159,.17616761,,,,,,,,,,04feb93,01feb1993,12088,01feb1993,19930203,19930129,19930127,12087,1993.1,2.9,1.5,3.4,3.8,2.7,2.9,2.9,2.9,2.9,3,3,3.1,,,3.1,2.7,1.8,1.8,3.4,2.2,2.2,2.1,2.3,2,1.8,1.7,,,7.3,7.5,7.5,7.3,7.2,7.2,7.1,7,6.9,6.8,6.7,6.6,,,12082,132,.5,0,.2,.2,.30000001,-1,.2,0,-.2,-.1,0,-.1,0,0,0,0,1993m2,91
3/24/1993,0,3/24/1993,1,0,,-.0099999998,0,.0099999998,0,,,0,0,0,.039999999,,,,,,,.01239,.0033,.0077200001,.0052299998,-.084399998,-.14413001,,0,.51193565,1.4993114,3.0154214,-.15898462,2.0071716,.07016819,,,,,,,,,,24mar93,01mar1993,12136,01mar1993,19930323,19930317,19930317,12135,1993.1,2.9,1.5,3.4,4.8,3,2.7,2.8,2.9,2.9,2.9,2.9,2.9,,,3.1,2.7,1.8,2.2,3.5,2.6,2.2,2.2,2.2,2.2,2.3,2.1,,,7.3,7.5,7.5,7.3,7,7,6.9,6.9,6.8,6.8,6.6,6.6,,,12129,132,1,.30000001,-.2,-.1,0,.40000001,.1,.40000001,0,.1,0,-.2,-.2,-.2,-.1,0,1993m3,92
5/19/1993,0,5/19/1993,1,-.025830001,,-.0099999998,-.02,-.02,-.02,,,0,-.0099999998,-.02,-.029999999,,,,,,,-.02011,-.01319,-.01545,-.01857,.16628,.19366001,,-.02,-.11011504,1.7553754,-.96282339,-.23371713,2.8496737,.15086418,,,,,,,,,,19may93,01may1993,12192,01may1993,19930518,19930514,19930514,12191,1993.2,1.5,3.4,4.7,1.8,2,2.5,2.6,2.7,2.7,2.7,2.7,,,,2.7,1.8,2.3,3.3,2.2,2.2,2.4,2.4,2.4,2.5,2.2,,,,7.5,7.5,7.3,7,7,7,7,6.9,6.8,6.7,6.7,,,,12187,133,-1.2,-.69999999,-.30000001,-.30000001,-.2,-.2,-.40000001,0,.2,.2,0,0,.1,.1,.1,0,1993m5,93
7/8/1993,0,7/8/1993,1,.02696,,.02,0,0,0,,,0,-.0099999998,0,0,,,,,,,-.0155,-.0032800001,-.0075900001,-.0025299999,.31433001,.23544,,0,-.34832078,2.0578768,.32570472,-.74933422,2.5388546,.19140853,,,,,,,,,,08jul93,01jul1993,12242,01jul1993,19930707,19930630,19930630,12241,1993.2,1.5,3.4,4.7,.7,2.5,2.2,2.5,2.5,2.6,2.6,2.7,,,,,1.8,2.3,3.5,2.6,2.2,2.9,2.6,2.5,2.3,2.2,,,,7.5,7.5,7.3,7,7,7,6.9,6.9,6.9,6.8,6.8,,,,12234,133,-1.1,.5,-.30000001,-.1,-.2,.2,.40000001,0,.5,.2,0,0,0,-.1,0,0,1993m7,94
8/18/1993,0,8/18/1993,1,0,,0,.02,.0099999998,.0099999998,,,.0099999998,0,0,0,,,,,,,.01546,.00654,.0113,.00245,-.056930002,-.098540001,,.0099999998,-.013091559,2.0753438,3.0404849,-.59183717,.55707961,.23410343,,,,,,,,,,18aug93,01aug1993,12283,01aug1993,19930817,19930811,19930811,12282,1993.3,3.4,4.7,.7,1.6,2.3,2.4,2.8,2.3,2.4,2.4,,,,,1.8,2.3,3.5,2.4,2.5,3,2.5,2.6,2.3,2.2,,,,,7.5,7.3,7,7,6.9,6.9,6.9,6.8,6.8,6.8,,,,,12276,134,-.89999998,.1,-.1,.30000001,-.30000001,-.2,.30000001,.1,-.1,.1,0,-.1,0,0,-.1,0,1993m8,95
9/22/1993,0,9/22/1993,1,0,,0,0,.0099999998,.0099999998,,,0,.0099999998,.0099999998,-.02,,,,,,,.01547,.0065000001,.0074700001,.0096199997,.0022,-.01097,,.0099999998,-.46381864,2.2659669,2.0678205,-.28766114,-.087318644,.21552004,,,,,,,,,,22sep93,01sep1993,12318,01sep1993,19930921,19930915,19930915,12317,1993.3,3.4,5.7,.8,1.8,1.2,3.4,3,2.3,2.4,2.4,,,,,1.2,3.3,3.6,2.3,2.3,2.3,2.3,2.3,2.1,2,,,,,7.5,7.3,7,7,6.8,6.7,6.7,6.7,6.7,6.7,,,,,12311,134,.2,-1.1,1,.2,0,-.1,-.2,-.69999999,-.2,-.30000001,0,-.1,-.2,-.2,-.1,0,1993m9,96
11/17/1993,0,11/17/1993,1,.023080001,,.0099999998,0,.0099999998,0,,,-.0099999998,-.0099999998,-.0099999998,0,,,,,,,.00465,-.0097700004,-.01498,-.0072300001,.04721,-.085830003,,0,-.002124642,2.4450874,3.124979,-.27497205,-.5774436,.21655492,,,,,,,,,,17nov93,01nov1993,12374,01nov1993,19931116,19931110,19931110,12373,1993.4,5.7,.8,1.9,2.8,4,2.7,2.3,2.4,2.4,2.5,2.5,2.5,2.5,,3.3,3.6,2.3,1.5,2.5,2.6,2.5,2.1,2,2.3,2,1.9,1.9,,7.3,7,7,6.7,6.8,6.7,6.7,6.7,6.7,6.7,6.7,6.6,6.6,,12367,135,1.6,.60000002,-.30000001,0,0,-.80000001,.2,.30000001,.2,0,-.1,.1,0,0,0,0,1993m11,97
12/22/1993,0,12/22/1993,1,0,,0,-.0099999998,-.0099999998,-.0099999998,,,0,0,0,-.079999998,,,,,,,0,0,0,.0049700001,.01719,-.032120001,,-.0099999998,.04225504,2.5444739,2.2275057,.2095557,.52702713,.25575009,,,,,,,,,,22dec93,01dec1993,12409,01dec1993,19931221,19931215,19931215,12408,1993.4,5.7,.8,1.9,2.7,5,3.6,2,2.5,2.5,2.5,2.5,2.5,2.5,,3.3,3.6,2.3,1.6,2.3,2.7,2.6,2.4,2.1,2.4,2.1,2,2,,7.3,7,7,6.7,6.6,6.5,6.5,6.4,6.4,6.4,6.4,6.4,6.4,,12402,135,-.1,1,.89999998,-.30000001,.1,.1,-.2,.1,.1,.30000001,0,-.2,-.2,-.2,-.30000001,0,1993m12,98
2/4/1994,0,2/4/1994,1,.16333333,-.054780371,.14,.10001,.079999998,0,0,0,.13,.15000001,.14,.15000001,.13,.13,.13,.13,.14900017,,.1420002,.11199999,.073999882,.015999794,,,,0,-.30150083,2.4540117,2.585613,.05369908,6.9109235,.34087846,,,,,,,,.86530441,,04feb94,01feb1994,12453,01feb1994,19940204,19940131,19940128,12453,1994.1,.8,1.9,2.9,5.9,4,3,2.5,2.4,2.4,2.4,2.5,2.5,,,3.6,2.3,1.5,1.4,3,2.3,2.2,2.1,2.6,2.1,1.9,1.9,,,7,7,6.7,6.5,7,6.9,6.9,6.8,6.8,6.8,6.8,6.8,,,12449,136,.89999998,.40000001,1,0,-.1,-.89999998,.30000001,-.30000001,-.2,0,-.1,.5,.40000001,.5,.40000001,0,1994m2,99
3/22/1994,0,3/22/1994,1,0,-.088571429,0,-.039999999,-.039999999,0,0,0,-.050000001,-.050000001,-.029999999,-.039999999,-.050000001,-.050000001,-.050000001,-.050000001,-.020999908,,-.052000046,-.072999954,-.065999985,-.051000118,,,,0,.10778255,2.9036884,1.1160377,-.073339611,4.1598196,.29863846,,,,,,,,.22727273,,22mar94,01mar1994,12499,01mar1994,19940322,19940316,19940317,12499,1994.1,.8,1.9,2.9,7.5,3.2,2.5,2.7,2.4,2.3,2.3,2.4,2.4,,,3.6,2.3,1.5,1.2,2.5,2.5,2.3,2.2,2.8,2.2,2,1.9,,,7,7,6.7,6.5,6.5,6.6,6.8,6.6,6.6,6.6,6.6,6.6,,,12493,136,1.6,-.80000001,-.5,.2,0,-.2,-.5,.2,.1,.1,0,-.5,-.30000001,-.1,-.2,0,1994m3,100
5/17/1994,0,5/17/1994,1,.11071429,-.051371429,.050000001,.050000001,-.02,.050000001,-.050000001,0,-.039999999,-.059999999,-.07,-.07,-.11,-.1,-.11,-.11,.036000252,,-.06000042,-.090999603,-.10000038,-.087999821,,,,.050000001,.16174029,2.9856155,-6.1681452,-.05093715,6.2410002,.40660578,,,,,,,,.22549126,,17may94,01may1994,12555,01may1994,19940517,19940513,19940513,12555,1994.2,1.9,2.9,7,2.6,4.2,2.7,2.1,2.2,2.2,2.3,2.4,,,,,1.5,1.4,2.5,1.9,2.3,2.2,2.5,2,1.9,1.9,,,,7,6.7,6.5,6.6,6.5,6.8,6.6,6.6,6.6,6.6,6.6,,,,12551,137,-.60000002,1.7,0,-.30000001,-.1,0,-.60000002,0,0,-.30000001,.1,-.1,0,0,0,0,1994m5,102
7/6/1994,0,7/6/1994,1,-.049600001,.052906666,-.039999999,0,0,0,0,0,-.015,-.0099999998,-.0049999999,-.0099999998,.0099999998,.0099999998,0,0,-.010000229,,.0040001869,.013000011,.018000126,.017999649,,,,0,-.2232044,3.1089573,.1838747,-.52596486,7.5823169,.45630923,,,,,,,,-.055822261,,06jul94,01jul1994,12605,01jul1994,19940706,19940630,19940629,12605,1994.2,1.9,2.9,7,3.4,3.5,2.9,2.4,2,2.2,2.3,2.4,,,,,1.5,1.4,2.6,2.4,2.2,2.3,2.8,2.3,2.2,2.1,,,,7,6.7,6.5,6.6,6.3,6.3,6.3,6.3,6.4,6.4,6.4,,,,12599,137,.80000001,-.69999999,.2,.30000001,-.2,.1,.5,-.1,.1,.30000001,0,-.2,-.5,-.30000001,-.30000001,0,1994m7,103
8/16/1994,0,8/16/1994,1,.124,0,.059999999,.090000004,0,0,0,0,.079999998,.029999999,.0099999998,.0099999998,.0099999998,0,0,0,.083000183,,.044000149,-.011000156,-.035999775,-.021999836,,,,0,.06650424,3.2757912,3.8635516,-.28578284,.81657928,.42143047,,,,,,,,.53370786,,16aug94,01aug1994,12646,01aug1994,19940816,19940812,19940812,12646,1994.3,2.7,6.3,3.3,3.7,2.8,2.3,1.9,2.1,2.2,2.3,,,,,1.1,1.3,2.7,3,1.5,2.5,2.6,2.1,2.1,2,,,,,6.7,6.5,6.6,6.2,6.2,6.2,6.2,6.2,6.3,6.3,,,,,12642,138,.2,-.1,-.1,-.1,-.1,.60000002,-.69999999,.2,-.2,-.2,-.1,-.1,-.1,-.1,-.2,0,1994m8,104
9/27/1994,0,9/27/1994,1,-.090000004,-.0099999998,-.02,-.090000004,-.050000001,-.029999999,0,0,-.029999999,-.025,-.0099999998,-.0049999999,0,.0099999998,0,0,-.062000275,,-.0090003014,.021000385,.020999908,.036000252,,,,-.029999999,-.15714191,3.3510563,2.4582493,-.12683234,.52708232,.45120922,,,,,,,,-.23348519,,27sep94,01sep1994,12688,01sep1994,19940927,19940921,19940921,12688,1994.3,2.7,6.3,3.3,3.8,3,2.8,1.9,1.7,1.8,2,2.2,2.3,2.3,2.3,1.1,1.3,2.7,3,1.7,2.7,3,2.3,2.4,2.3,2.5,2.3,2.2,2.2,6.7,6.5,6.6,6.2,6.1,6,6.1,6.2,6.2,6.3,6.3,6.3,6.3,6.3,12682,138,.1,.2,.5,0,-.40000001,0,.2,.2,.40000001,.2,0,-.1,-.2,-.1,0,0,1994m9,105
11/15/1994,0,11/15/1994,1,.12,.0072727269,.059999999,.079999998,.050000001,.079999998,.079999998,.079999998,.039999999,.029999999,.02,.035,0,.0099999998,.0099999998,.0099999998,.072999954,,.039999962,.0080003738,-.010000229,-.015000343,,,,.079999998,-.15004455,3.4059889,.88364679,-.22052285,3.9236836,.22058158,,,,,,,,.29595903,,15nov94,01nov1994,12737,01nov1994,19941115,19941109,19941109,12737,1994.4,6.3,3.3,4.1,3.4,4.1,2.5,1.4,1,1.5,1.8,2.2,2.3,2.4,,1.3,2.9,2.9,1.6,2,3.1,2.8,2.6,2.4,2.6,2.3,2.3,2.3,,6.5,6.6,6.2,6,5.7,5.7,5.8,6,6.1,6.2,6.2,6.2,6.3,,12731,139,.40000001,1.3,.60000002,-.30000001,-.80000001,-.1,-.69999999,.1,.5,.2,-.1,-.30000001,-.40000001,-.40000001,-.2,0,1994m11,106
12/20/1994,0,12/20/1994,1,-.22545454,-.043501683,-.079999998,-.14,-.050000001,-.050000001,-.050000001,-.050000001,-.07,-.0049999999,.015,.039999999,0,.0099999998,0,0,-.078000069,,-.0090003014,-.0040001869,.0089998255,.015000343,,,,-.050000001,.17503782,3.3692908,-2.8588748,-1.1481578,2.2385859,.20405294,,,,,,,,-.05575379,,20dec94,01dec1994,12772,01dec1994,19941220,19941214,19941214,12772,1994.4,6.3,3.3,4.1,3.9,5,3,2,1.3,1.2,1.4,1.8,2,2.1,,1.3,2.9,2.9,1.9,1.7,3.1,2.6,2.5,2.4,2.7,2.5,2.5,2.5,,6.5,6.6,6.2,6,5.6,5.5,5.5,5.6,5.7,5.9,6,6.1,6.1,,12766,139,.5,.89999998,.5,.60000002,.30000001,.30000001,-.30000001,0,-.2,-.1,0,-.1,-.2,-.30000001,-.40000001,0,1994m12,107
2/1/1995,0,2/1/1995,1,.072592594,.050000001,.07,.02,.050000001,.045000002,0,0,.059999999,.07,.07,.059999999,.050000001,.07,.090000004,.059999999,.046999931,,.06400013,.049000263,.031000137,.015999794,,,,0,-.048622679,3.4083593,.97622341,-.94998449,.90368044,.24430332,,,,,,,,-.062571101,,01feb95,01feb1995,12815,01feb1995,19950201,19950125,19950125,12815,1995.1,3.3,4.1,4,5,3.2,2,1.7,1.7,2,2.5,2.6,2.6,,,2.9,2.9,1.9,1.8,3.1,2.4,2.3,2.3,2.6,2.4,2.5,2.5,,,6.6,6.2,6,5.6,5.3,5.3,5.4,5.4,5.5,5.5,5.5,5.5,,,12808,140,0,.2,0,.40000001,.5,.1,0,-.2,-.2,-.1,0,-.2,-.2,-.2,-.30000001,0,1995m2,108
3/28/1995,0,3/28/1995,1,0,0,0,0,0,.0099999998,.0099999998,.050000001,.0099999998,.02,.029999999,.02,.02,.02,.02,.039999999,.01099968,,.0089998255,.011000156,.016000271,.0089998255,,,,.02,.14376152,3.1833687,9.0609455,.11015316,2.3854079,.31829911,,,,,,,,-.0060313628,,28mar95,01mar1995,12870,01mar1995,19950328,19950322,19950322,12870,1995.1,3.3,4.1,4,4.6,2.5,1.7,2.1,2.3,2.3,2.4,2.3,2.2,,,2.9,2.9,1.9,1.3,3.3,2.4,2.2,2.2,2.6,2.4,2.4,2.4,,,6.6,6.2,6,5.6,5.5,5.5,5.6,5.7,5.7,5.7,5.7,5.8,,,12864,140,-.40000001,-.69999999,-.30000001,.40000001,.60000002,-.5,.2,0,-.1,-.1,0,.2,.2,.2,.30000001,0,1995m3,109
5/23/1995,0,5/23/1995,1,0,0,0,.02,0,0,-.0099999998,0,-.0099999998,-.02,-.0049999999,-.0099999998,-.0099999998,0,-.0099999998,-.02,-.005000114,,0,.002999783,.0020003321,.001999855,,,,0,-.37950474,2.706156,7.622117,-.21569826,3.009584,.25126046,,,,,,,,0,,23may95,01may1995,12926,01may1995,19950523,19950517,19950517,12926,1995.2,4.1,4,5.1,2.8,.9,1.9,2.8,2.1,2.4,2.5,2.4,,,,2.9,1.9,1.3,2.2,2.7,2.6,2.4,2.7,2.4,2.4,2.3,,,,6.2,6,5.6,5.5,5.7,5.7,5.8,5.8,5.8,5.8,5.8,,,,12920,141,.30000001,-.80000001,-.2,.5,-.2,-1.1,.30000001,.40000001,.2,.1,0,.2,.1,.1,.1,0,1995m5,110
7/6/1995,0,7/6/1995,1,-.086800002,-.13226667,-.07,-.1,-.14,-.145,0,0,-.2,-.27000001,-.26499999,-.25,-.25,-.22,-.17998999,-.2,-.14599991,,-.19000006,-.16900015,-.1340003,-.083000183,,,,-.15000001,-.62334764,2.636528,8.8896952,-.28008541,-3.0671961,.11495725,,,,,,,,-.018371096,,06jul95,01jul1995,12970,01jul1995,19950706,19950628,19950628,12970,1995.2,4.1,4,5.1,2.7,-.5,1.1,3.4,2.1,2.1,2.3,2.4,,,,2.9,1.9,1.3,2.2,2.2,2.8,2.3,2.4,2.2,2.2,2.1,,,,6.2,6,5.6,5.5,5.8,6,6,6,6.1,6.1,6.1,,,,12962,141,-.1,-1.4,-.80000001,.60000002,0,0,-.5,.2,-.1,-.30000001,0,.1,.30000001,.2,.2,0,1995m7,111
8/22/1995,0,8/22/1995,1,.034444444,.0099999998,.0099999998,.029999999,.0099999998,.0099999998,.02,0,.055,.039999999,.059999999,.039999999,.050000001,.029999999,.029999999,.039999999,.009999752,,.035000324,.036000252,.026000023,.037000179,,,,0,-.18873867,2.3591821,7.1535225,.10581581,-.17821635,.15026037,,,,,,,,-.034734283,,22aug95,01aug1995,13017,01aug1995,19950822,19950816,19950816,13017,1995.3,4,5.1,2.7,.5,2.2,2.9,2.3,2.3,2.3,2.3,,,,,1.9,1.3,2.2,1.3,2.5,2.4,2.4,2,2,2,,,,,6,5.6,5.5,5.7,5.8,5.8,5.8,5.9,5.9,5.9,,,,,13011,142,1,1.1,-.5,.2,.2,-.89999998,-.30000001,.1,0,-.2,-.1,-.2,-.2,-.2,-.2,0,1995m8,112
9/26/1995,0,9/26/1995,1,.02,.039999999,0,.02,.029999999,.039999999,.025,0,.07,.07,.07,.050000001,.039999999,.050000001,.050000001,.039999999,.084000111,,.039000034,.044999599,.032000065,.013000011,,,,.029999999,.13801678,2.2530122,5.4282074,.078133956,2.2836072,.059948888,,,,,,,,.011781338,,26sep95,01sep1995,13052,01sep1995,19950926,19950920,19950920,13052,1995.3,4,5.1,2.7,1.1,2.2,2.5,2.3,2.2,2.2,2.1,2,2,2,2,1.9,1.3,2.2,1.6,2.7,2.6,2.8,2.1,1.8,1.9,2.1,1.9,1.8,1.7,6,5.6,5.5,5.7,5.7,5.8,5.8,5.9,5.9,6,6,6.1,6.1,6.2,13046,142,.60000002,0,-.40000001,0,-.1,.30000001,.2,.2,.40000001,.1,0,-.1,0,0,0,0,1995m9,113
11/15/1995,0,11/15/1995,1,.059999999,-.043333333,.029999999,.02,.029999999,.02,.039999999,0,.039999999,.025,.02,.025,.02,.02,.02,.029999999,.016000271,,.03000021,.022000313,.015999794,.0039997101,,,,0,-.069662958,1.963034,5.1446013,-.26294443,3.4072602,.01897019,,,,,,,,.095670894,,15nov95,01nov1995,13102,01nov1995,19951115,19951108,19951108,13102,1995.4,5.1,2.7,1.3,4.1,2.6,2.7,2.7,2.1,2.7,2.5,2.9,1.9,2,,1.3,2.2,1.6,.5,2.1,2.5,2.2,2.1,1.9,2.1,1.9,1.9,1.8,,5.6,5.5,5.7,5.6,5.6,5.6,5.6,5.6,5.6,5.6,5.6,5.7,5.7,,13095,143,1.9,.1,.40000001,.5,-.1,-2.2,-.5,-.30000001,.1,.30000001,-.1,-.2,-.2,-.30000001,-.30000001,0,1995m11,114
12/19/1995,0,12/19/1995,1,-.077500001,-.07,-.029999999,-.079999998,-.07,-.039999999,-.090000004,-.11,-.045000002,-.039999999,-.039999999,-.039999999,-.050000001,-.050000001,-.029999999,-.039999999,-.020999908,,-.016999722,-.022000313,-.007999897,-.014999866,,,,-.050000001,-.0273863,1.8354616,3.9428415,-.15536352,3.2069237,.015806792,,,,,,,,.094095506,,19dec95,01dec1995,13136,01dec1995,19951219,19951214,19951214,13136,1995.4,5.1,2.7,1.3,5.4,1.9,2.5,2.4,2,2.9,2.5,2.7,2.1,2.4,,1.3,2.2,1.6,.5,1.9,2.6,2.2,2,1.9,2.1,1.9,1.9,1.7,,5.6,5.5,5.7,5.6,5.6,5.6,5.6,5.6,5.6,5.6,5.6,5.6,5.6,,13131,143,1.3,-.69999999,-.2,-.30000001,-.1,0,-.2,.1,0,-.1,0,0,0,0,0,0,1995m12,115
1/31/1996,0,1/31/1996,1,-.029999999,-.0099999998,-.0024999999,-.029999999,-.0099999998,-.0099999998,-.0049999999,-.035,-.025,-.029999999,-.039999999,-.039999999,-.039999999,-.039999999,-.029999999,-.050000001,-.0080000004,-.034000002,-.0040000002,-.0255,-.028000001,-.011,.049879655,,,-.02,-.016825575,1.5433272,8.8601093,.20609781,4.523344,.030869333,,,,,,,,.045803275,0,31jan96,01jan1996,13179,01jan1996,19960131,19960126,19960126,13179,1996.1,.6,.5,3.2,1.9,.8,2,2,2.5,1.9,2.1,1.6,2.3,,,3.2,2.3,2.4,2.6,3.4,2.4,2.6,2.4,2.7,2.5,2.6,2.5,,,5.5,5.7,5.6,5.6,5.6,5.6,5.6,5.6,5.6,5.6,5.6,5.6,,,13174,144,0,-1.7,-.40000001,0,-.40000001,.69999999,.80000001,.2,.60000002,.5,0,0,0,0,0,0,1996m1,116
3/26/1996,0,3/26/1996,1,.02,-.011,0,.02,.0099999998,0,.0099999998,0,.015,.02,.029999999,.029999999,.035,.029999999,.02,.0099999998,.0089999996,.017000001,.0060000001,0,.023,.0099999998,.12770607,,,.0099900002,.81884009,1.7668964,7.0252891,.39586338,6.0853043,.10455635,,,,,,,,.011568718,.032899376,26mar96,01mar1996,13234,01mar1996,19960326,19960321,19960321,13234,1996.1,.6,.5,3.6,.3,1.5,3.4,1.8,2.3,2.1,2.1,1.8,2.3,,,3.2,2.3,2.2,1.8,3,2.4,2.5,2.5,2.8,2.7,2.5,2.7,,,5.5,5.7,5.6,5.5,5.6,5.6,5.6,5.6,5.6,5.6,5.6,5.6,,,13229,144,-1.6,.69999999,1.4,-.2,-.2,-.80000001,-.40000001,0,-.1,.1,-.1,0,0,0,0,0,1996m3,117
5/21/1996,0,5/21/1996,1,.0155,.0094107138,.0049999999,-.0024999999,.0099999998,.02,.02,.02,0,.0099999998,.0099999998,.029999999,.029999999,.039999999,.029999999,.029999999,.017000001,.017999999,.0099999998,.021,.022,0,-.20010376,,,0,-.30354047,2.0707335,3.2967141,.0648733,6.9048209,.23077002,,,,,,,,.022550456,.10274612,21may96,01may1996,13290,01may1996,19960521,19960516,19960516,13290,1996.2,.5,3.6,.5,2.5,3.5,2,1.9,2.3,2.1,1.8,2.4,,,,2.5,2.2,2.2,2.5,2.5,3.2,2.9,3.1,2.8,2.9,2.9,,,,5.7,5.6,5.5,5.6,5.5,5.5,5.5,5.5,5.5,5.5,5.5,,,,13285,145,1,.1,.2,-.40000001,.2,-.5,.1,.69999999,.40000001,.30000001,0,-.1,-.1,-.1,-.1,0,1996m5,118
7/3/1996,0,7/3/1996,1,-.060892858,-.0020129869,-.055,-.039999999,-.035,-.025,-.029999999,0,-.050000001,-.025,-.015,-.0099999998,-.0099999998,-.02,-.02,-.025,0,-.033,.0060000001,-.041000001,-.026000001,-.022,.14904684,,,-.029999999,.33054298,2.091521,4.2626076,.040230092,-5.3076854,.19871274,,,,,,,,-.091116175,.01811102,03jul96,01jul1996,13333,01jul1996,19960703,19960626,19960626,13333,1996.2,.5,3.6,.5,2.2,3.8,2.3,1.9,2.1,2.2,2,2.3,,,,2.5,2.2,2.2,2.3,2.1,2.6,2.7,2.8,2.8,2.8,2.7,,,,5.7,5.6,5.5,5.6,5.5,5.5,5.5,5.5,5.5,5.5,5.5,,,,13326,145,-.30000001,.30000001,.30000001,0,-.2,-.2,-.40000001,-.60000002,-.2,-.30000001,0,0,0,0,0,0,1996m7,119
8/20/1996,0,8/20/1996,1,-.028181817,0,-.0099999998,-.0099999998,0,.0099999998,.0099999998,0,-.029999999,0,.0099999998,.0099999998,0,.0099999998,.0099999998,0,.013,-.017000001,.0089999996,-.0099999998,.015,-.011,-.13651979,,,0,-.033820517,2.1460268,.25987735,-.11470795,-4.8300948,.20130949,,,,,,,,-.080710247,-.073780321,20aug96,01aug1996,13381,01aug1996,19960820,19960815,19960815,13381,1996.3,3.8,.3,2,3.7,2.6,2,2,2.1,2.2,2.2,,,,,2.1,2.1,2.3,2.2,2.3,3,3,2.8,2.8,2.8,,,,,5.6,5.5,5.6,5.4,5.4,5.4,5.4,5.4,5.4,5.4,,,,,13376,146,-.1,.30000001,.1,-.1,-.1,.1,-.30000001,.30000001,.2,0,-.1,-.1,-.1,-.1,-.1,0,1996m8,120
9/24/1996,0,9/24/1996,1,-.13,-.11235294,-.025,-.13,-.12,-.12,-.07,-.050000001,-.1,-.079999998,-.090000004,-.085000001,-.090000004,-.090000004,-.079999998,-.085000001,-.026000001,-.0955,-.0105,-.125,-.059999999,-.118,.2990635,,,-.13,-.013076628,2.121176,3.6160498,-.10200815,1.205127,.16626863,,,,,,,,-.057195149,-.13654985,24sep96,01sep1996,13416,01sep1996,19960924,19960918,19960918,13416,1996.3,3.8,.3,2,4.7,2.4,2.2,2.1,2.1,2.2,2.2,2.1,2.1,2.1,2.1,2.1,2.1,2.3,2.2,2.1,2.6,3,2.7,2.6,2.7,2.9,2.7,2.8,2.8,5.6,5.5,5.6,5.4,5.3,5.4,5.4,5.4,5.4,5.4,5.4,5.4,5.4,5.4,13410,146,1,-.2,.2,.1,0,0,-.2,-.40000001,0,-.1,0,-.1,0,0,0,0,1996m9,121
11/13/1996,0,11/13/1996,1,0,0,0,0,0,-.0099999998,0,-.02,-.0099999998,-.015,-.02,-.025,-.029999999,-.0099999998,-.0099999998,-.02,-.021,-.0085000005,-.018999999,-.0099999998,-.015,-.011,.24392249,,,-.0099999998,-.0090665538,2.3270481,9.1497316,-.12068324,-.31683132,.20030241,,,,,,,,.1386642,.31418312,13nov96,01nov1996,13466,01nov1996,19961113,19961106,19961106,13466,1996.4,.3,2,4.7,2.5,1.8,2.4,2.2,2.2,2.1,2.1,2.1,2.1,2.1,,2.1,2.3,2.2,1.9,2.5,2.9,2.4,2.4,2.4,2.7,2.5,2.7,2.7,,5.5,5.6,5.4,5.2,5.2,5.2,5.2,5.2,5.2,5.2,5.2,5.2,5.2,,13459,147,.1,-.40000001,.30000001,.1,0,-.2,-.1,-.1,-.30000001,-.2,-.1,-.2,-.2,-.2,-.2,0,1996m11,122
12/17/1996,0,12/17/1996,1,0,0,0,.0099999998,0,.0099999998,0,.0099999998,-.015,-.0099999998,-.0099999998,.050000001,.050000001,.059999999,-.0099999998,.050000001,.0089999996,0,.003,.00050000002,.015,-.0099999998,-.075199381,,,-.0099999998,-.15763155,2.3536589,5.77248,-.20972033,1.5697169,.11339036,,,,,,,,-.011300712,.013171181,17dec96,01dec1996,13500,01dec1996,19961217,19961212,19961212,13500,1996.4,.3,2,4.7,2.3,2.3,2.1,2.3,2.3,2.2,2.1,1.9,1.9,1.9,,2.1,2.3,2.2,1.9,2.5,3.2,2.3,2.3,2.3,2.6,2.5,2.6,2.7,,5.5,5.6,5.4,5.2,5.3,5.2,5.2,5.2,5.2,5.2,5.2,5.2,5.2,,13495,147,-.2,.5,-.30000001,.1,.1,0,0,.30000001,-.1,-.1,0,.1,0,0,0,0,1996m12,123
2/5/1997,0,2/5/1997,1,-.030434784,-.0099999998,-.025,-.0099999998,-.0099999998,0,0,.02,-.02,.0049999999,.0099999998,.029999999,.02,.02,.0099999998,.02,-.0099999998,.011,0,.022,.0175,.023,-.29816049,,,0,.138615,2.5369151,11.251508,-.022137219,4.9074659,.27966136,,,,,,,,-.010721561,.064766839,05feb97,01feb1997,13550,01feb1997,19970205,19970129,19970129,13550,1997.1,2,4.7,2.1,3.5,1.7,2.4,2.4,2.4,2.2,2.1,2.1,2,,,2.3,2.2,2,2.5,3.2,2.7,2.2,2.3,2.8,2.7,2.8,2.9,,,5.6,5.4,5.3,5.3,5.2,5.1,5.1,5.1,5.1,5,5,5,,,13543,148,1.2,-.40000001,.1,.1,.2,0,0,.40000001,-.1,0,0,0,-.1,-.1,-.1,0,1997m2,124
3/25/1997,0,3/25/1997,1,.050000001,.021818181,.015,.050000001,.039999999,.050000001,.029999999,.039999999,.039999999,.059999999,.059999999,.055,.059999999,.07,.050000001,.050000001,-.011,.0099999998,.043499999,.052999999,.044,.037999999,-.45479992,,,.039999999,.19755337,2.4891007,7.800704,-.0096212206,.024400812,.26596439,,,,,,,,-.041849758,-.12923028,25mar97,01mar1997,13598,01mar1997,19970325,19970319,19970319,13598,1997.1,2,4.7,2.1,4.3,3.4,2.9,2.5,2.4,2.3,2.1,2,2,,,2.3,2.2,2,1.8,3.1,2.5,2.2,2.2,2.7,2.8,2.9,2.9,,,5.6,5.4,5.3,5.3,5.3,5.1,5,5,4.9,4.9,4.9,4.9,,,13592,148,.80000001,1.7,.5,.1,0,-.69999999,-.1,-.2,0,-.1,0,.1,0,-.1,-.1,0,1997m3,125
5/20/1997,0,5/20/1997,1,-.084545456,-.068996862,-.029999999,-.085000001,-.07,-.079999998,-.079999998,-.059999999,-.064999998,-.052499998,-.045000002,-.045000002,-.039999999,-.050000001,-.039999999,-.039999999,-.082999997,-.097000003,-.035,-.022,-.0040000002,.0020000001,.52328306,,,-.090000004,-.15423334,2.5317807,2.6079092,.015716624,5.2647252,.21039525,,,,,,,,-.4991504,-.87719297,20may97,01may1997,13654,01may1997,19970520,19970515,19970515,13654,1997.2,4.7,2.1,3.8,6,1.8,2.5,2.3,2.1,2,1.9,1.9,,,,2.2,2,1.9,2.8,2.1,2.3,2.4,2.6,2.7,2.7,2.7,,,,5.4,5.3,5.3,5.3,5,4.9,4.8,4.8,4.8,4.8,4.8,,,,13649,149,2.5999999,-1.1,0,-.1,-.2,-.30000001,-.40000001,.1,.2,-.1,0,-.1,-.1,-.2,-.1,0,1997m5,126
7/2/1997,0,7/2/1997,1,-.021379311,.008017241,-.02,-.0099999998,-.02,-.02,0,-.11,-.0099999998,-.0024999999,-.0049999999,0,-.0099999998,-.0099999998,-.0099999998,-.0099999998,-.011,-.011,-.016000001,0,-.0080000004,-.0070000002,.17337032,,,-.02,-.21663974,2.5114064,16.285637,-.16205722,-6.2369561,.15569808,,,,,,,,-.041753653,.026230656,02jul97,01jul1997,13697,01jul1997,19970702,19970625,19970625,13697,1997.2,4.7,2.1,3.8,5.8,2.2,2.9,2.8,2.5,2.3,2,1.8,,,,2.2,2,1.9,2.8,1.9,2.1,2.2,2.5,2.5,2.6,2.6,,,,5.4,5.3,5.3,5.3,4.9,4.8,4.7,4.6,4.6,4.6,4.6,,,,13690,149,-.2,.40000001,.40000001,.5,.40000001,0,-.2,-.2,-.2,-.1,0,-.1,-.1,-.1,-.2,0,1997m7,127
8/19/1997,0,8/19/1997,1,0,0,0,-.0099999998,0,0,.0099999998,0,-.0024999999,.0049999999,.0125,.0125,-.0049999999,.02,0,.02,0,.0099999998,-.017000001,.0115,.017000001,.017000001,-.37799197,,,.0099999998,.19949982,2.3742914,8.0539627,-.11176479,-8.9245214,.069060624,,,,,,,,-.040020011,-.0084602367,19aug97,01aug1997,13745,01aug1997,19970819,19970814,19970814,13745,1997.3,1,4.3,4.9,2.6,2.2,2.4,2.3,2.1,1.9,1.7,,,,,2.7,1.9,2.4,1.5,1.9,2.1,2.3,2.3,2.3,2.4,,,,,5.3,5.3,5.3,4.9,4.8,4.7,4.7,4.7,4.7,4.7,,,,,13740,150,.40000001,-.69999999,-.40000001,-.2,-.2,-.40000001,-.2,-.1,-.2,-.2,0,0,0,.1,.1,0,1997m8,128
9/30/1997,0,9/30/1997,1,-.015,-.0066666668,-.0035000001,-.015,-.0099999998,-.02,-.02,-.02,0,-.0049999999,0,0,.0099999998,.0099999998,.0099999998,.02,0,-.032000002,0,0,.0080000004,.0099999998,-.20748845,-.32412809,,0,-.10274275,2.6028726,7.5876637,-.23434862,2.9299152,.098493844,,,,,,,,.030886441,.1744186,30sep97,01sep1997,13787,01sep1997,19970930,19970924,19970924,13787,1997.3,1,4.3,4.9,3.6,2.8,3,3,2.6,1.9,1.5,1.5,1.4,1.4,1.5,2.7,1.9,2.4,1.6,1.5,2,2.2,2.1,2,2,2.4,2.1,2.1,2.1,5.3,5.3,5.3,4.9,4.8,4.7,4.6,4.5,4.5,4.5,4.6,4.7,4.8,4.9,13781,150,1,.60000002,.60000002,.69999999,.5,.1,-.40000001,-.1,-.1,-.2,0,0,0,-.1,-.2,0,1997m9,129
11/12/1997,0,11/12/1997,1,-.050000001,-.029333333,-.029999999,-.039999999,-.029999999,-.02,-.029999999,0,-.032499999,-.029999999,-.029999999,-.037500001,-.039999999,-.029999999,-.039999999,-.029999999,-.041000001,-.043000001,-.050999999,-.0185,-.021,-.016000001,-.4999674,-.45995671,,0,.1087948,2.6750054,-1.4209303,-.37717211,.39974579,.013157663,,,,,,,,-.14601585,.24577816,12nov97,01nov1997,13830,01nov1997,19971112,19971106,19971106,13830,1997.4,4.3,4.9,3.3,3.5,3.5,2.7,2.5,2,1.7,1.5,1.5,1.4,1.4,,1.9,2.4,1.8,1.4,1.7,2.2,2,2,2,2.3,2.1,2.1,2.1,,5.3,5.3,4.9,4.9,4.8,4.7,4.6,4.6,4.7,4.7,4.8,5,5.1,,13824,151,.69999999,.5,-.30000001,-.1,.1,-.1,-.30000001,0,-.1,0,.1,.1,.1,.1,.1,0,1997m11,130
12/16/1997,0,12/16/1997,1,0,0,0,0,0,0,-.02,.0099999998,.0049999999,-.0074999998,.0175,.015,.0099999998,0,0,.029999999,-.011,-.011,-.017000001,.0070000002,-.0040000002,-.0020000001,-.10101114,-.10298661,,-.0099999998,.36922753,2.7727547,4.1843696,-.53506136,-4.1731429,-.051512986,,,,,,,,-.010089799,-.0496752,16dec97,01dec1997,13864,01dec1997,19971216,19971211,19971211,13864,1997.4,4.3,4.9,3.3,3.4,3.9,2,1.7,1.6,1.4,1.2,1.3,1.4,1.5,,1.9,2.4,1.8,1.5,1.9,2.2,1.7,1.6,1.8,2,1.8,1.8,1.9,,5.3,5.3,4.9,4.9,4.6,4.6,4.6,4.7,4.8,4.9,5.1,5.2,5.3,,13859,151,-.1,.40000001,-.69999999,-.80000001,-.40000001,.1,.2,0,-.30000001,-.40000001,0,-.2,-.1,0,.1,0,1997m12,131
2/4/1998,0,2/4/1998,1,.035,.0099999998,.029999999,.029999999,.0099999998,.0099999998,.0099999998,.02,.0099999998,.015,.0175,.02,.0099999998,.015,.015,.029999999,0,.011,.0085000005,.0070000002,0,0,-.26288378,-.32090843,,0,.29973659,2.8023918,9.0277166,-.12805891,-9.048214,-.073465042,,,,,,,,-.06047168,-.1050505,04feb98,01feb1998,13914,01feb1998,19980204,19980128,19980128,13914,1998.1,4.9,3.3,3.1,3.9,2.7,1,1.5,1.7,1.8,1.9,2,2.1,,,2.4,1.8,1.4,1.9,1.8,1.6,1.6,1.7,1.9,1.6,1.7,1.7,,,5.3,4.9,4.9,4.7,4.6,4.7,4.7,4.8,4.9,5,5.1,5.2,,,13907,152,0,.69999999,-.69999999,-.1,.30000001,0,-.40000001,-.1,0,-.1,.1,0,.1,0,0,0,1998m2,132
3/31/1998,0,3/31/1998,1,-.0049999999,-.017916666,-.0049999999,-.0049999999,-.0099999998,.001,0,-.0099999998,.0024999999,-.0024999999,.0049999999,0,-.0099999998,0,0,.0099999998,0,-.011,0,.0070000002,.0040000002,.0040000002,-.037528712,.044772778,,0,.079728156,2.5685596,15.227634,.11282384,-3.3838143,.046087049,,,,,,,,-.059095833,-.17237502,31mar98,01mar1998,13969,01mar1998,19980331,19980325,19980325,13969,1998.1,4.9,3.3,3.1,3.9,3.1,2.1,2,2,2,2.1,2.2,2.3,,,2.4,1.8,1.4,1.5,1.4,1.5,1.8,1.8,2,1.7,1.7,1.7,,,5.3,4.9,4.9,4.7,4.6,4.6,4.6,4.7,4.7,4.8,4.8,4.9,,,13963,152,0,.40000001,1.1,.5,.30000001,-.40000001,-.40000001,-.1,.2,.1,0,0,-.1,-.1,-.1,0,1998m3,133
5/19/1998,0,5/19/1998,1,-.03875,-.019375,-.015,-.029999999,-.02,-.0099999998,0,-.02,-.0275,-.0099999998,-.0099999998,-.015,-.0099999998,0,-.0099999998,-.0099999998,-.021,-.0099999998,-.0085000005,-.0040000002,-.0020000001,0,-.13304687,-.24614008,.24449877,-.0099999998,-.055942256,2.645823,7.6733842,.010552763,-4.8278456,.11601614,,,,,,,,-.099790439,-.043933515,19may98,01may1998,14018,01may1998,19980519,19980514,19980514,14018,1998.2,3.3,3.1,3.7,5.2,2.5,1.8,1.8,2,2.2,2.3,2.4,,,,1.8,1.4,1.4,.9,1.6,1.7,1.7,1.9,1.6,1.6,1.6,,,,4.9,4.9,4.7,4.7,4.4,4.5,4.5,4.6,4.7,4.7,4.8,,,,14013,153,2.0999999,.40000001,-.2,-.2,0,-.5,.1,-.1,-.1,-.1,.1,-.2,-.1,-.2,-.1,0,1998m5,134
7/1/1998,0,7/1/1998,1,-.005166667,-.040538464,-.0049999999,-.02,0,.0099999998,-.039999999,-.0099999998,-.025,-.029999999,-.039999999,-.045000002,-.07,-.059999999,,,-.003,-.024,-.050000001,-.044,-.02,-.0080000004,1.1199718,.54371464,-.146641,.0099900002,.10051408,2.61976,3.4454017,-.17107102,-5.9913459,-.041718677,,,,,,,,.039443843,-.057841081,01jul98,01jul1998,14061,01jul1998,19980701,19980624,19980624,14061,1998.2,3.3,3.1,3.7,5.4,2,2,1.7,1.5,1.8,2.2,2.3,,,,1.8,1.4,1.4,1,1.7,1.6,1.7,1.9,1.6,1.6,1.7,,,,4.9,4.9,4.7,4.7,4.3,4.3,4.4,4.6,4.7,4.8,4.9,,,,14054,153,.2,-.5,.2,-.1,-.5,.1,.1,-.1,0,0,0,-.1,-.2,-.1,0,0,1998m7,135
8/18/1998,0,8/18/1998,1,.011923077,.0099999998,.0049999999,0,.0099999998,.02,0,0,.0074999998,.0049999999,.015,.025,0,.02,.015,0,-.021,-.011,0,0,-.0020000001,.0020000001,.16856088,.27297544,0,.0099999998,-.018336279,2.772258,-3.0624237,-.12353652,-8.4402208,-.012063621,,,,,,,,.068426199,.048282523,18aug98,01aug1998,14109,01aug1998,19980818,19980813,19980813,14109,1998.3,4.2,3,5.5,1.3,2.2,2.5,1.2,1.4,1.8,2.2,,,,,1.2,1.1,.9,.9,1.4,1.4,1.7,1.4,1.4,1.4,,,,,4.9,4.7,4.7,4.4,4.5,4.6,4.7,4.9,5,5.1,,,,,14104,154,-.69999999,.2,.80000001,-.30000001,-.40000001,-.80000001,-.2,-.30000001,-.2,-.2,.1,.2,.2,.1,.2,0,1998m8,136
9/29/1998,0,9/29/1998,1,.055,.066538461,.0049999999,.055,.059999999,.07,.039999999,.02,.057500001,.0049999999,.0125,.015,0,-.0074999998,.0099999998,.0074999998,.021,.037,.033,.0070000002,-.018999999,-.011,-.66274595,-.96606976,.042498939,.07,-.010484004,2.5321045,-7.4038577,-.0094563477,-2.9871891,-.3139219,,,,,,,,-.031279325,.19368295,29sep98,01sep1998,14151,01sep1998,19980929,19980923,19980923,14151,1998.3,4.2,3,5.5,1.9,2.6,2.6,.9,.9,1.4,1.9,1.3,2.9,2.7,2.7,1.2,1.1,.9,.8,1.5,1,1.8,1.4,1.4,1.4,1.6,1.4,1.4,1.5,4.9,4.7,4.7,4.4,4.5,4.5,4.7,4.8,5,5.2,5.3,5.4,5.4,5.4,14145,154,.60000002,.40000001,.1,-.30000001,-.5,-.1,.1,-.40000001,.1,0,0,0,-.1,0,-.1,0,1998m9,137
11/17/1998,0,11/17/1998,1,-.069230773,.065897435,-.029999999,-.029999999,-.039999999,-.039999999,0,-.039999999,-.0275,-.02,.0049999999,.0049999999,.0099999998,-.0099999998,-.0175,.0049999999,-.032000002,-.064000003,0,-.0175,-.012,-.0020000001,.59703207,.77075535,.13560471,0,-.15594092,2.3838966,6.6538982,.20422766,.6781497,-.039649278,,,,,,,,.063211128,.38865459,17nov98,01nov1998,14200,01nov1998,19981117,19981112,19981112,14200,1998.4,3,5.5,1.8,3.6,2.1,1.4,1.4,1.5,1.9,.9,2.9,2.6,2.7,,1.1,.9,.9,.8,1.1,1.7,1.3,1.5,1.4,1.9,1.5,1.5,1.5,,4.7,4.7,4.4,4.6,4.6,4.6,4.7,4.8,5,5.1,5.2,5.2,5.3,,14195,155,1,-.5,.5,.5,.1,-.69999999,.1,-.1,-.1,.1,.1,.1,-.1,-.1,-.2,0,1998m11,139
12/22/1998,0,12/22/1998,1,-.017222222,.002066667,-.0049999999,0,0,.0099999998,.02,0,.0099999998,-.0074999998,-.0099999998,.0024999999,-.0049999999,-.0099999998,-.0049999999,-.0049999999,.011,.0165,.0255,.0035000001,0,.0020000001,-.12984158,-.16427104,0,0,.1499078,2.4161973,16.479452,.2020593,-11.002436,-.10924605,,,,,,,,-.031692374,.085506625,22dec98,01dec1998,14235,01dec1998,19981222,19981216,19981216,14235,1998.4,3,5.5,1.8,3.8,3.1,2.5,1.7,1.8,2.2,.9,2.8,2.6,2.7,,1.1,.9,.9,.8,1,1.9,1.3,1.4,1.4,2,1.6,1.6,1.6,,4.7,4.7,4.4,4.6,4.5,4.4,4.5,4.6,4.7,4.8,4.8,4.9,4.9,,14229,155,.2,1,1.1,.30000001,.30000001,0,-.1,.2,0,-.1,0,-.1,-.2,-.2,-.2,0,1998m12,140
2/3/1999,0,2/3/1999,1,.0055999998,.0099999998,.0049999999,-.0099999998,.0099999998,.0099999998,.0099999998,0,-.0049999999,.0024999999,.0099999998,0,.0099999998,.015,.0099999998,.0099999998,-.011,0,0,.0070000002,.012,.0094999997,.10486106,.098154694,.017669406,0,.30711541,2.2915401,16.681786,-.052081905,-8.8098011,-.1002536,,,,,,,,0,-.0044308561,03feb99,01feb1999,14278,01feb1999,19990203,19990128,19990128,14278,1999.1,5.5,1.8,3.7,5,2.7,2.4,2.2,2.9,1,3,2.4,2.9,,,.9,.9,1,1,1.7,1.4,1.5,1.5,2.2,1.8,1.8,1.8,,,4.6,4.4,4.5,4.4,4.3,4.3,4.3,4.3,4.3,4.4,4.4,4.4,,,14272,156,1.9,.2,.69999999,.40000001,.69999999,0,-.2,.1,.1,.1,-.1,-.1,-.2,-.30000001,-.40000001,0,1999m2,141
3/30/1999,0,3/30/1999,1,0,-.023846153,.0049999999,0,-.0099999998,-.02,0,-.0099999998,-.0125,-.025,-.029999999,-.0275,-.025,-.029999999,-.025,-.029999999,-.0099999998,-.0099999998,-.017000001,-.015,-.0040000002,-.0020000001,-.24110749,-.18964536,.0093266182,-.02,.0086588142,2.4223852,8.4864836,.38880208,8.622716,.13423555,,,,,,,,0,-.099709183,30mar99,01mar1999,14333,01mar1999,19990330,19990324,19990324,14333,1999.1,5.5,1.8,3.7,5.9,3.4,3.2,2.3,3,.7,3.6,2.2,2.2,,,.9,.9,1,.8,1.6,1.4,1.5,1.4,2.1,1.7,1.8,1.8,,,4.6,4.4,4.5,4.4,4.3,4.2,4.2,4.2,4.3,4.3,4.4,4.5,,,14327,156,.89999998,.69999999,.80000001,.1,.1,-.2,-.1,0,0,-.1,0,0,-.1,-.1,-.1,0,1999m3,142
5/18/1999,0,5/18/1999,1,0,.029999999,0,-.0099999998,.029999999,.029999999,.075000003,.059999999,.032499999,.115,.15000001,.16,.155,.1,.14,.14,.026000023,.043000001,.121,.124,.098999999,.059,-1.3082861,-1.3536066,.084293343,.039999999,-.022598322,2.3302803,6.5918565,.40590703,11.531008,.067498446,,,,,,,,-.054590572,-.01623904,18may99,01may1999,14382,01may1999,19990518,19990513,19990513,14382,1999.2,1.8,3.7,6,4.1,3.4,2.8,3.7,.1,4.2,3.1,3,,,,.9,1,.8,1.5,1.4,1.5,1.5,1.8,1.6,1.6,1.6,,,,4.4,4.5,4.4,4.3,4.2,4.1,4,4.1,4.1,4.2,4.2,,,,14377,157,.69999999,.2,.5,.69999999,-.60000002,-.1,0,0,.1,-.30000001,0,0,-.1,-.2,-.2,0,1999m5,143
6/30/1999,0,6/30/1999,1,-.045000002,-.07,0,-.045000002,-.059999999,-.07,-.079999998,-.090000004,-.079999998,-.1,-.105,-.12,-.115,-.125,-.11,-.11,-.030999999,-.064000003,-.109,-.1015,-.077,-.050000001,1.6134919,1.7177688,.33960798,-.07,.058669154,2.3578455,5.2132826,.11374233,1.9450693,.21604604,,,,,,,,-.2760959,-.090826519,30jun99,01jun1999,14425,01jun1999,19990630,19990623,19990623,14425,1999.2,1.8,3.7,6,4.5,2.9,3.5,3.7,.1,4.4,2.9,3,,,,.9,1,.8,1.5,1.7,1.3,1.6,2.1,1.6,1.7,1.7,,,,4.4,4.5,4.4,4.3,4.2,4.1,4.1,4.1,4.1,4.2,4.2,,,,14418,157,.40000001,-.5,.69999999,0,0,0,.30000001,-.2,.1,.30000001,0,0,0,.1,0,0,1999m6,144
8/24/1999,0,8/24/1999,1,.037500001,.0047115381,.015,.037500001,.0099999998,.025,.025,.0049999999,.0099999998,0,-.0024999999,-.022500001,-.025,-.025,-.035,-.022500001,-.011,.0055,-.017999999,-.022,-.016000001,-.012,.5808937,.60439563,-.28522533,.015,.16074298,2.3630834,1.5850364,.084767267,12.237572,.10738137,,,,,,,,.27338701,.23427644,24aug99,01aug1999,14480,01aug1999,19990824,19990818,19990818,14480,1999.3,3.7,6,4.3,1.9,3.5,4.1,.4,4.4,3.2,3.1,,,,,1,.8,1.6,1.6,1.4,1.6,2.2,1.8,1.9,1.9,,,,,4.5,4.4,4.3,4.3,4.2,4.2,4.2,4.2,4.3,4.3,,,,,14474,158,-1,0,.40000001,.30000001,0,-.1,.1,0,.1,.2,.1,.1,.1,.1,.1,0,1999m8,145
10/5/1999,0,10/5/1999,1,-.047692306,.00093406602,-.039999999,-.025,0,.045000002,.015,.079999998,.029999999,.072499998,.094999999,.090000004,.082500003,.090000004,.085000001,.07,.011,.043000001,.050999999,.074000001,.055,.046,-.62595665,-.82924992,.34637707,.039999999,-.48100817,2.360976,-5.688242,.084636271,12.933166,.15674025,,,,,,,,-.22846119,-.056116723,05oct99,01oct1999,14522,01oct1999,19991005,19990929,19990929,14522,1999.3,3.7,6,4.3,1.8,4.4,4.5,.9,4.5,3.2,2.9,2.8,2.8,2.8,2.8,1,.8,1.6,1.6,1.1,1.4,2.3,1.9,1.9,1.9,2.3,2,2,2,4.5,4.4,4.3,4.3,4.2,4.1,4,4,4.1,4.1,4.1,4.2,4.2,4.2,14516,158,-.1,.89999998,.40000001,.5,.1,0,-.30000001,-.2,.1,.1,0,0,-.1,-.2,-.2,0,1999m10,146
11/16/1999,0,11/16/1999,1,.053571429,.15099999,.025,.085000001,.085000001,.045000002,.075000003,.1,.0625,.075000003,.07,.059999999,.059999999,.045000002,.02,.037500001,.046999998,.027000001,.086000003,.050999999,.039000001,.024,-.34862956,-.35254714,.10185275,.060010001,-.045815922,2.5178869,4.9023957,-.31595853,5.8800697,.10546111,,,,,,,,-.079278566,-.0094473306,16nov99,01nov1999,14564,01nov1999,19991116,19991110,19991110,14564,1999.4,5.9,3.7,1.9,5.4,4.1,1.5,5,3.8,3.6,3.5,3.5,3.5,3.5,,.9,2,1.3,1,1.7,2.1,1.7,1.7,1.7,2.1,1.8,1.8,1.8,,4.4,4.3,4.3,4.2,4.1,4.1,4,4,4,4.1,4.1,4.2,4.2,,14558,159,1,-.40000001,.60000002,.5,.60000002,-.1,.30000001,-.2,-.2,-.2,0,0,.1,0,-.1,0,1999m11,147
12/21/1999,0,12/21/1999,1,.0155,-.006518519,.0049999999,-.0099999998,-.0049999999,-.0049999999,.02,0,.015,.045000002,.039999999,.050000001,.047499999,.045000002,.055,.045000002,.011,.032000002,.044,.029999999,.041999999,.037,.47870398,.46785653,.019825535,-.0049999999,.0059097242,2.4678276,6.0064988,-.13925295,4.0328736,.25184065,,,,,,,,.02943485,.13718766,21dec99,01dec1999,14599,01dec1999,19991221,19991215,19991215,14599,1999.4,5.9,3.7,1.9,5.6,4.8,3.2,4.3,3.8,3.8,3.8,3.8,3.8,3.8,,.9,2,1.3,1.2,1.7,2.1,1.6,1.7,1.6,2.1,1.8,1.9,1.8,,4.4,4.3,4.3,4.2,4.1,4.1,4,4,4,4.1,4.1,4.1,4.1,,14593,159,.2,.69999999,1.7,-.69999999,0,.2,0,0,-.1,0,0,0,0,0,0,0,1999m12,148
2/2/2000,0,2/2/2000,1,-.053703703,.0042777779,-.050000001,-.035,-.015,.0049999999,0,-.029999999,-.02,-.0049999999,.0024999999,.015,.02,.02,.02,.0275,-.021,-.016000001,.034000002,.043000001,.0295,.001,-.33370805,-.24617548,.046009917,.0049999999,.1926381,2.5605357,4.8590145,-.3402639,10.102662,.19096257,,,,,,,,-.038222648,.03693103,02feb00,01feb2000,14642,01feb2000,20000202,20000127,20000127,14642,2000.1,3.7,1.9,5.7,5.2,4,4.2,4.1,3.9,3.8,3.8,3.8,3.9,,,2,1.3,1.1,1.6,2.1,1.8,1.9,1.8,2.1,1.7,1.8,1.8,,,4.3,4.3,4.2,4.1,4,4,4,4,4.1,4.1,4.1,4.1,,,14636,160,.40000001,.80000001,-.1,.30000001,.1,-.1,0,.2,.2,.2,0,-.1,0,0,0,0,2000m2,149
3/21/2000,0,3/21/2000,1,-.030999999,.022733333,-.0099999998,-.02,-.0049999999,-.0099999998,-.0049999999,-.02,-.0049999999,-.0049999999,.0049999999,0,0,.0049999999,.0049999999,.0024999999,0,.0265,.017000001,.024,-.0040000002,-.0070000002,.006455997,.15103205,.041429311,-.0099900002,-.36593869,2.5940695,3.0176961,-.59558654,5.8884282,.025462613,,,,,,,,-.014186409,.018677624,21mar00,01mar2000,14690,01mar2000,20000321,20000315,20000315,14690,2000.1,3.7,1.9,5.7,7,4.3,4.9,3.8,3.8,3.7,3.6,3.7,3.7,,,2,1.3,1.1,2,2.9,2.6,1.6,1.7,2,1.8,1.9,1.9,,,4.3,4.3,4.2,4.1,4,4,4,4,4.1,4.1,4.1,4.2,,,14684,160,1.8,.30000001,.69999999,-.30000001,-.1,.40000001,.80000001,.80000001,-.30000001,-.1,0,0,0,0,0,0,2000m3,150
5/16/2000,0,5/16/2000,1,.041333333,.050000001,.02,.050000001,.050000001,.055,.039999999,.029999999,.05125,.052499998,.050000001,.045000002,.0425,-.0175,-.022500001,.047499999,.021,.021600001,.082800001,.046599999,.0217,.0044999998,-.6397562,-.67796612,.15462779,.07,-.043846745,2.5235322,2.4767859,-.46854663,4.2729745,.15086652,,,,,,,,-.098956458,-.10028262,16may00,01may2000,14746,01may2000,20000516,20000511,20000511,14746,2000.2,1.9,5.7,7.3,4.9,5.3,4.1,4,3.6,3.6,3.6,3.6,,,,1.3,1.1,2,2.6,2.7,1.9,1.8,2.1,1.9,2,2,,,,4.3,4.2,4.1,4.1,3.9,3.8,3.8,3.9,3.9,3.9,4,,,,14741,161,.60000002,.40000001,.30000001,.2,-.1,-.30000001,.1,.30000001,.1,.1,.1,-.1,-.2,-.2,-.2,0,2000m5,151
6/28/2000,0,6/28/2000,1,-.02,-.02,0,-.02,-.02,-.015,-.029999999,-.0099999998,-.025,-.029999999,-.045000002,-.045000002,-.045000002,-.039999999,-.032499999,-.0425,-.0392,-.0108,-.0043000001,-.022299999,-.0128,-.0132,.26498082,.27008778,.13766812,-.01501,-.3408128,2.2808154,-5.166337,-.13784598,6.7147927,.23523884,,,,,,,,-.065098114,.05212282,28jun00,01jun2000,14789,01jun2000,20000628,20000621,20000621,14789,2000.2,1.9,5.7,7.3,5.5,4.1,3.8,3.8,3.5,3.5,3.5,3.5,,,,1.3,1.1,2,2.7,2.6,2.3,1.7,2,1.8,1.8,1.9,,,,4.3,4.2,4.1,4.1,4,3.9,3.9,4,4,4.1,4.1,,,,14782,161,.60000002,-1.2,-.30000001,-.2,-.1,.1,-.1,.40000001,-.1,-.1,0,.1,.1,.1,.1,0,2000m6,152
8/22/2000,0,8/22/2000,1,.017222222,-.001845238,.0049999999,-.0049999999,0,.105,.0049999999,0,-.0024999999,.015,.02,.02,.029999999,.015,.0099999998,.015,0,.0054000001,.0174,.0057000001,-.0082999999,0,-.1693902,-.16542597,.077968366,.0049999999,-.37832871,2.0336368,4.241466,-.32451269,.45246705,.17041998,,,,,,,,-.071556352,0,22aug00,01aug2000,14844,01aug2000,20000822,20000816,20000816,14844,2000.3,5.7,8.300000000000001,4.8,4.9,3.2,3.8,3.9,4,4.1,4.2,,,,,1.1,1.6,3.3,2.5,1.5,1.6,2.2,1.7,1.8,1.8,,,,,4.2,4.1,4.1,4,4,4,4.1,4.1,4.2,4.3,,,,,14838,162,.80000001,-.60000002,0,.40000001,.5,-.1,-.80000001,-.1,.2,-.1,0,.1,.1,.1,.1,0,2000m8,153
10/3/2000,0,10/3/2000,1,0,.0099999998,0,.0049999999,.0099999998,.02,.029999999,.029999999,.022500001,.035,.045000002,.059999999,.059999999,.059999999,.045000002,.0625,0,0,.046500001,.044100001,.0254,.0077,-.1943531,-.23781213,-.25111288,.025,-.019286938,1.9580191,-.42798588,.074612178,3.2175357,.11750915,,,,,,,,.18412977,.04599816,03oct00,01oct2000,14886,01oct2000,20001003,20000927,20000927,14886,2000.3,5.7,8.300000000000001,4.8,5.2,3,3.7,3.8,3.9,4,4.2,4.3,4.3,4.3,4.4,1.1,1.6,3.3,2.6,1.8,2,2.3,1.8,1.8,1.8,2.2,1.8,1.8,1.8,4.2,4.1,4.1,4,4.1,4.1,4.1,4.1,4.2,4.3,4.3,4.4,4.4,4.5,14880,162,.30000001,-.2,-.1,-.1,-.1,.1,.30000001,.40000001,.1,.1,0,.1,.1,0,0,0,2000m10,154
11/15/2000,0,11/15/2000,1,0,0,0,0,.0049999999,.015,0,0,.0074999998,.0099999998,.0049999999,.0024999999,0,-.0049999999,0,-.0099999998,0,0,0,.0018,-.0085000005,-.020099999,-.6356343,-.64308679,-.093316227,0,-.12501793,1.5884876,-7.5603728,.12104581,6.5871916,.08292459,,,,,,,,.077312946,.0045901039,15nov00,01nov2000,14929,01nov2000,20001115,20001108,20001108,14929,2000.4,8.300000000000001,4.8,5.6,2.6,3.5,3.6,3.6,3.7,3.9,3.9,4,4.1,4.2,,1.6,3.3,2.4,2,2.2,2.4,1.7,1.7,1.8,2.1,1.8,1.8,1.8,,4.1,4.1,4,4,4,4.1,4.2,4.3,4.4,4.4,4.5,4.5,4.6,,14922,163,-.40000001,-.2,-.2,-.30000001,-.30000001,.2,.2,.1,-.1,-.1,-.1,-.1,0,.1,.1,0,2000m11,155
12/19/2000,0,12/19/2000,1,.051666666,.015,.02,.045000002,.015,.0099999998,.0099999998,-.015,.035,.022500001,.0074999998,-.0049999999,-.0049999999,.055,.057500001,.0049999999,.0261,-.0052999998,.025599999,.0054000001,.022299999,.0287,-.60675007,-.62293881,.12345679,-.0049999999,-.1324276,1.4672046,-10.270269,-.32905725,-.31546909,-.037218153,,,,,,,,-.088144556,-.035527132,19dec00,01dec2000,14963,01dec2000,20001219,20001213,20001213,14963,2000.4,8.300000000000001,4.8,5.6,2.3,2.4,2.2,3.1,3.3,3.6,3.7,3.8,3.9,4,,1.6,3.3,2.4,1.9,2.3,2.7,1.8,1.6,1.7,2.1,1.7,1.7,1.7,,4.1,4.1,4,4,4,4.3,4.4,4.6,4.7,4.8,4.9,4.9,5,,14957,163,-.30000001,-1.1,-1.4,-.5,-.40000001,-.1,.1,.30000001,.1,-.1,0,0,.2,.2,.30000001,0,2000m12,156
1/31/2001,0,1/31/2001,0,.029999999,.072272725,0,.029999999,.045000002,-.0099999998,.029999999,-.015,.029999999,-.0125,-.029999999,-.045000002,-.050000001,-.037500001,-.035,-.0175,.0208,.0266,.0124,.0109,.0082,.0040000002,-.61749882,-.4874526,.21459228,.03001,.29888636,1.2832259,.64484698,.86111224,5.2153287,-.17062517,,,,,,,,-.1445609,0,31jan01,01jan2001,15006,01jan2001,20010131,20010125,20010125,15006,2001.1,4.8,5.6,2.2,2,-.5,1.3,2.6,3.6,3.7,3.7,3.8,4,,,3.3,2.4,1.6,2,3,1.8,1.6,1.6,1.9,1.6,1.6,1.6,,,4.1,4,4,4,4.4,4.7,5,5.2,5.3,5.4,5.5,5.5,,,15000,164,-.40000001,-2.7,-1.8,-.69999999,0,-.30000001,.30000001,0,0,-.1,0,.1,.30000001,.40000001,.5,0,2001m1,158
3/20/2001,0,3/20/2001,1,.056363635,-.072215907,.02,.0275,-.0099999998,-.07,-.059999999,0,-.039999999,-.064999998,-.085000001,-.082500003,-.092500001,-.082500003,-.075000003,-.072499998,.062199999,-.042399999,-.0295,-.041999999,-.0139,-.0114,-.60118711,-.58897769,-.049732,-.075000003,.089787938,.86777794,-15.797585,1.0625147,-3.1935277,-.16310532,,,,,,,,.043652873,.057096247,20mar01,01mar2001,15054,01mar2001,20010320,20010314,20010314,15054,2001.1,4.8,5.6,2.2,1,.8,1.3,2.4,3.3,3.5,3.6,3.7,3.9,,,3.3,2.4,1.6,1.9,3.4,1.3,1.6,1.7,1.9,1.6,1.6,1.6,,,4.1,4,4,4,4.3,4.6,4.9,5.2,5.4,5.5,5.5,5.6,,,15048,164,-1,1.3,0,-.2,-.30000001,-.1,.40000001,-.5,0,.1,0,-.1,-.1,-.1,0,0,2001m3,159
5/15/2001,0,5/15/2001,1,-.096874997,-.12,-.050000001,-.090000004,-.12,-.125,-.12,-.2,-.11,-.1375,-.13,-.1575,-.155,-.052499998,-.1275,-.105,0,-.084100001,-.1349,-.075499997,-.027650001,.024700001,.37392843,.47990403,-.090981461,-.14,-.48338887,.22985561,-6.48002,1.0972445,-3.4470847,-.080931745,,,,,,,,.077153876,.10552805,15may01,01may2001,15110,01may2001,20010515,20010509,20010509,15110,2001.2,5.6,2.2,1,2,.7,1.5,3.4,3.3,3.3,3.5,3.7,,,,2.4,1.6,2,3.2,3.1,1.3,1.3,2,1.7,1.8,1.8,,,,4,4,4,4.2,4.6,4.9,5.1,5.3,5.4,5.4,5.5,,,,15104,165,1.2,-.60000002,-.89999998,.1,-.2,-.2,1.8,-.30000001,-.40000001,.1,-.1,0,0,-.1,-.1,0,2001m5,161
6/27/2001,0,6/27/2001,1,.105,.043000001,.015,.105,.085000001,.075000003,.07,.064999998,.075000003,.075000003,.075000003,.059999999,.055,.025,.0275,.039999999,.05415,.0262,.059500001,.034600001,.0063,-.0022,-.48409918,-.44980577,-.092764378,.075000003,-.0079748677,.17930032,6.5312505,.85037035,-5.1640344,-.077577598,,,,,,,,.076135688,.040218789,27jun01,01jun2001,15153,01jun2001,20010627,20010620,20010620,15153,2001.2,5.6,2.2,1,1.2,.6,1.3,2.9,3.2,3.2,3.7,3.8,,,,2.4,1.6,2,3.2,2.9,1.3,1.3,1.9,1.7,1.8,1.8,,,,4,4,4,4.2,4.5,4.9,5.2,5.4,5.5,5.6,5.6,,,,15146,165,-.80000001,-.1,-.2,-.5,-.1,0,-.2,0,0,-.1,0,-.1,0,.1,.1,0,2001m6,162
8/21/2001,0,8/21/2001,1,.026350001,-.023196552,.0085000005,.015,-.02,-.0049999999,-.055,-.02,-.0275,-.090000004,-.090000004,-.11,-.079999998,-.090000004,-.075000003,-.045000002,-.015799999,-.036800001,-.096799999,-.075599998,-.049699999,-.0361,-1.4876426,-1.9283746,.70190829,-.02,-.0098076956,-.16120796,-9.5262804,.1137057,-7.0417199,-.033789881,,,,,,,,-.51114833,-.016676394,21aug01,01aug2001,15208,01aug2001,20010821,20010816,20010816,15208,2001.3,1.3,1.9,1.3,.2,1,1.5,2.4,2.4,2.9,3,,,,,1.9,1.8,3.3,2.2,1.5,1.8,2.2,1.7,1.8,1.8,,,,,4,4,4.2,4.5,4.7,5.1,5.3,5.5,5.6,5.6,,,,,15203,166,-.40000001,-.30000001,-1.4,-.80000001,-.80000001,-.69999999,.2,.5,.30000001,0,0,-.2,-.1,-.1,0,0,2001m8,163
10/2/2001,0,10/2/2001,1,-.037413795,-.046896551,-.035,-.045000002,-.045000002,-.039999999,-.090000004,-.11,-.047499999,-.07,-.0625,-.057500001,-.037500001,-.029999999,-.0275,-.0049999999,-.041099999,-.0363,-.0122,0,.0029500001,.015799999,-.33599249,-.40689325,.13091861,-.039999999,-.21263458,-.43544015,-16.540094,.7072711,-6.3347282,-.13365549,,,,,,,,-.11040452,-.19008264,02oct01,01oct2001,15250,01oct2001,20011002,20010927,20010927,15250,2001.3,1.3,1.9,1.3,.4,-.6,-.7,-.1,1.4,3.2,3.5,3.5,3.5,3.5,3.5,1.9,1.8,3.3,2.2,3.7,.1,1.8,1.5,1.6,1.6,2.1,1.7,1.6,1.6,4,4,4.2,4.5,4.8,5.4,5.8,6.1,6.2,6.2,6.2,6.2,6.1,6,15245,166,.2,-1.6,-2.2,-2.5,-1,0,2.2,-1.7,-.40000001,-.2,0,.1,.30000001,.5,.60000002,0,2001m10,165
11/6/2001,0,11/6/2001,1,-.14687499,-.12071875,-.1175,-.13,-.14,-.145,-.16500001,-.15000001,-.16,-.1525,-.16249999,-.16500001,-.14,-.13500001,-.15000001,-.125,-.154,-.1347,-.082950003,-.090700001,-.024800001,.0073000002,.61185223,.63766795,-.066777959,-.14,-.26056638,-1.0709242,-8.819252,.72393495,-12.580211,-.12169781,,,,,,,,.034852315,.041301835,06nov01,01nov2001,15285,01nov2001,20011106,20011031,20011031,15285,2001.4,1.9,1.3,.3,-.4,-2.4,-.1,2.8,3.5,3.5,3.5,3.7,3.7,3.8,,1.8,3.3,2.1,2.1,.4,2,1.7,1.7,1.6,2,1.5,1.5,1.5,,4,4.2,4.5,4.8,5.4,5.9,6,6.1,6.1,6.1,6,5.9,5.9,,15279,167,.2,-1.7,0,1.4,.30000001,-1.6,.30000001,.2,.2,.1,0,0,.1,-.1,-.1,0,2001m11,166
12/11/2001,0,12/11/2001,1,-.0077499999,-.035,-.0049999999,.0099999998,-.035,-.029999999,-.050000001,-.094999999,-.02,-.059999999,-.094999999,-.094999999,-.094999999,-.1,-.094999999,-.094999999,-.025599999,-.025800001,-.061799999,-.097099997,-.030999999,-.014,.2778506,.3057436,.067340069,-.029999999,-.27061129,-1.3143963,.55861765,1.5174366,-11.359632,-.063788414,,,,,,,,-.051670685,.039641641,11dec01,01dec2001,15320,01dec2001,20011211,20011205,20011205,15320,2001.4,1.9,1.3,.3,-1.1,-2.1,-.1,3.3,4.5,3.6,3.5,3.7,3.7,3.7,,1.8,3.3,2.1,2.2,.3,1.9,1.6,1.5,1.5,1.8,1.3,1.3,1.3,,4,4.2,4.5,4.8,5.5,5.9,6.1,6.1,6,6,5.9,5.8,5.8,,15314,167,-.69999999,.30000001,0,.5,1,.1,-.1,-.1,-.1,-.2,0,.1,0,.1,0,0,2001m12,167
1/30/2002,0,1/30/2002,1,.02,.02,0,.02,.02,.022500001,.022500001,.029999999,.025,.02,.0275,.025,.0125,.0024999999,.0049999999,.0099999998,.0153,.0051000002,.0081000002,-.0027999999,-.0077999998,-.0082999999,-.06148101,-.045547713,-.046339203,.02,-.0057178419,-1.399314,1.4127586,.48442283,-.025698964,.079053015,,,,,,,,.037626989,.030138638,30jan02,01jan2002,15370,01jan2002,20020130,20020123,20020123,15370,2002.1,1.3,.3,-1.3,-.3,1.5,2.5,3.5,3.3,3.4,3.5,3.6,3.7,,,3.3,2.1,2.3,.2,1.7,1.6,1.5,1.4,1.7,1.3,1.3,1.3,,,4.2,4.5,4.8,5.6,5.9,6,6,6,5.9,5.9,5.9,5.8,,,15363,168,1.8,1.6,-.80000001,-1,-.30000001,-.1,-.2,0,0,-.1,.1,0,-.1,-.1,0,0,2002m1,168
3/19/2002,0,3/19/2002,1,-.03875,-.033906251,-.015,-.02,-.035,-.039999999,-.047499999,-.0099999998,-.059999999,-.075000003,-.079999998,-.090000004,-.072499998,-.087499999,-.079999998,-.082500003,-.025699999,-.046700001,-.069600001,-.060199998,-.045449998,-.0254,-.38188761,-.38289726,.0567022,-.045000002,.08035785,-1.5402262,2.5011001,-.33962426,15.512093,.12096292,,,,,,,,-.03400493,.037835792,19mar02,01mar2002,15418,01mar2002,20020319,20020313,20020313,15418,2002.1,1.3,.3,-1.3,1.4,3.8,3.5,3.6,3.6,3.9,3.9,3.9,4.1,,,3.3,2.1,2.3,-.3,1.5,2.1,1.6,1.4,1.9,1.4,1.5,1.5,,,4.2,4.5,4.8,5.6,5.6,5.7,5.6,5.5,5.5,5.4,5.3,5.3,,,15412,168,1.7,2.3,1,.1,.30000001,-.5,-.2,.5,.1,0,0,-.30000001,-.30000001,-.40000001,-.5,0,2002m3,169
5/7/2002,0,5/7/2002,1,0,0,0,.0049999999,0,-.02,-.029999999,-.045000002,-.015,-.029999999,-.052499998,-.064999998,-.047499999,-.045000002,-.035,-.032499999,-.0154,-.0155,-.0337,-.0196,-.0165,-.0092500001,-.30458102,-.30732861,.12031062,-.02,-.074493483,-1.3511407,-7.106473,.015877493,11.510687,.14548078,,,,,,,,-.087680839,-.1287403,07may02,01may2002,15467,01may2002,20020507,20020501,20020501,15467,2002.2,.3,-1.3,1.7,5.8,2,3.2,3.9,4.1,4.1,4.2,4.2,,,,2.1,2.3,-.1,.8,2.1,1.3,1.4,1.8,1.3,1.3,1.4,,,,4.5,4.8,5.6,5.6,5.9,5.9,5.7,5.6,5.5,5.5,5.4,,,,15461,169,2,-1.5,-.40000001,.30000001,.2,-.69999999,0,-.30000001,0,-.1,0,.2,.30000001,.2,.1,0,2002m5,170
6/26/2002,0,6/26/2002,1,0,.008611111,0,0,.0049999999,.0049999999,.0099999998,.0049999999,.015,.0099999998,.0049999999,.0024999999,.0049999999,-.0024999999,-.0024999999,0,.0051000002,-.0104,.0125,.0105,.0091000004,.00060000003,-.47917664,-.46850598,.17216933,-.0099999998,-.09170486,-1.2366493,-16.278008,.078532055,2.286947,.14795054,,,,,,,,-.1596394,-.17551191,26jun02,01jun2002,15517,01jun2002,20020626,20020620,20020620,15517,2002.2,.3,-1.3,1.7,5.5,1.8,3.3,3.5,4,4.1,4.2,4.2,,,,2.1,2.3,-.1,1.1,1.3,.9,1.4,1.8,1.4,1.4,1.4,,,,4.5,4.8,5.6,5.6,5.9,6,5.9,5.9,5.7,5.6,5.5,,,,15511,169,-.30000001,-.2,.1,-.40000001,-.1,.30000001,-.80000001,-.40000001,0,0,0,0,.1,.2,.30000001,0,2002m6,171
8/13/2002,0,8/13/2002,1,.034444444,-.0099999998,.02,.029999999,-.0099999998,-.039999999,-.035,-.050000001,-.022500001,-.075000003,-.155,-.205,-.19,-.16,-.115,-.090000004,-.0308,-.051600002,-.091600001,-.073899999,-.07,-.0298,-.5028941,-.46754676,.11215334,-.039999999,-.15869991,-1.0959619,-17.161499,-.2604959,2.1118228,-.059370372,,,,,,,,-.083963059,-.050415929,13aug02,01aug2002,15565,01aug2002,20020813,20020807,20020807,15565,2002.3,-.3,2.7,5,1.2,2.7,2.2,3.3,3.4,3.6,3.8,,,,,2.2,-.5,1.3,1.2,.8,1.3,1.7,1.4,1.4,1.4,,,,,4.8,5.6,5.6,5.9,6,6,6,5.9,5.7,5.7,,,,,15559,170,-.60000002,-.60000002,-1.3,-.69999999,-.69999999,-.1,-.1,-.1,-.1,0,0,0,.1,.1,.2,0,2002m8,172
9/24/2002,0,9/24/2002,1,.02,.00125,.0049999999,.02,.0049999999,-.0049999999,.0099999998,.0099999998,-.0024999999,-.0099999998,-.02,-.035,-.029999999,-.02,-.0099999998,-.015,.0052,.0155,-.0020999999,-.030400001,-.02675,-.0034,-1.0277052,-1.0564443,.18361726,-.0049999999,-.028575655,-.96086395,-18.815191,-.67475289,10.753956,.019598154,,,,,,,,-.13006318,0,24sep02,01sep2002,15607,01sep2002,20020924,20020918,20020918,15607,2002.3,-.3,2.7,5,1.5,3.2,2,2.9,3.1,3.4,3.7,3.8,3.9,3.9,3.5,2.2,-.5,1.3,1.1,1.1,1.2,1.9,1.5,1.4,1.4,1.8,1.4,1.3,1.3,4.8,5.6,5.6,5.9,5.8,6,6.1,6.1,6,6,5.9,5.9,5.8,5.7,15601,170,.30000001,.5,-.2,-.40000001,-.30000001,-.1,.30000001,-.1,.2,.1,0,-.2,0,.1,.2,0,2002m9,173
11/6/2002,0,11/6/2002,1,-.203125,-.098869048,-.16249999,-.13249999,-.105,-.075000003,-.090000004,-.13,-.082500003,-.059999999,-.064999998,-.064999998,-.082500003,-.090000004,-.075000003,-.105,-.17910001,-.14929999,-.0471,-.1488,-.054749999,-.026350001,-.52314764,-.60240966,.49132657,-.085000001,-.055362031,-.40342352,9.239768,-.14847502,8.8004255,.22419459,,,,,,,,-.42412817,-.34381139,06nov02,01nov2002,15650,01nov2002,20021106,20021030,20021030,15650,2002.4,2.7,5,1.3,3.1,1,2.2,2.6,3.3,3.8,3.9,4,4,3.6,,-.5,1.3,1.2,1,1.8,1.6,1.2,1.3,1.3,1.7,1.2,1.2,1.2,,5.6,5.6,5.9,5.7,5.9,6.2,6.2,6.1,6.1,6,5.9,5.9,5.8,,15643,171,-.1,-1,-.69999999,-.5,-.1,-.1,.60000002,-.30000001,-.30000001,-.1,-.1,-.1,.1,.1,.1,0,2002m11,174
12/10/2002,0,12/10/2002,1,0,.0049999999,0,-.0049999999,.0049999999,.0049999999,-.0099999998,0,.0049999999,.0099999998,.029999999,.039999999,.035,.039999999,.047499999,.032499999,-.0103,0,.0243,.017200001,.0149,.0116,-.29047206,-.2772387,.044596404,.0099999998,-.17780101,-.39625522,-.2150134,.30063328,.82788175,.26487258,,,,,,,,-.037950665,-.040433448,10dec02,01dec2002,15684,01dec2002,20021210,20021204,20021204,15684,2002.4,2.7,5,1.3,4,1,2.3,2.9,3.9,4.2,4.4,4.3,4.3,4.1,,-.5,1.3,1.2,1,2.1,1.7,1.2,1.3,1.3,1.6,1.3,1.3,1.3,,5.6,5.6,5.9,5.7,5.8,6,6,6,5.9,5.8,5.7,5.6,5.4,,15678,171,.89999998,0,.1,.30000001,.60000002,0,.30000001,.1,0,0,0,-.1,-.2,-.2,-.1,0,2002m12,175
1/29/2003,0,1/29/2003,1,.0049999999,.028846154,0,.0049999999,.015,.025,.0275,.0175,.032499999,.039999999,.055,.050000001,.055,.045000002,.055,.055,.0103,.0103,.0458,.043099999,.0414,.0286,.15715949,.20408164,-.092233904,.029999999,-.26989588,-.21879503,-4.2863421,.18647252,10.049692,.3371186,,,,,,,,.070564516,.0507228,29jan03,01jan2003,15734,01jan2003,20030129,20030122,20030122,15734,2003.1,5,1.3,4,.2,2.6,2.9,4.3,4.6,5,4.9,4.7,4.4,,,1.3,1.2,1,1.8,1.2,1.2,1.2,1.3,1.6,1.2,1.2,1.2,,,5.6,5.9,5.7,5.9,6.2,6.2,6.2,6.1,6,5.8,5.6,5.4,,,15727,172,-.80000001,.30000001,0,.40000001,.40000001,-.30000001,-.5,0,-.1,0,.1,.2,.2,.2,.2,0,2003m1,176
3/18/2003,0,3/18/2003,1,.023846153,-.011923077,.0099999998,.015,-.0049999999,-.0099999998,-.0049999999,.0099999998,.0099999998,-.0049999999,.0024999999,-.0099999998,-.025,-.047499999,-.025,-.015,.0154,.0051000002,-.0060999999,-.0137,-.01575,-.0038999999,-.45161366,-.44862518,.05648122,-.02,-.63774759,-.37324199,-4.7155738,-.11950406,5.396841,.24761784,,,,,,,,-.069313794,-.01261034,18mar03,01mar2003,15782,01mar2003,20030318,20030313,20030313,15782,2003.1,5,1.3,4,1.4,2.3,2.3,3.8,4.5,4.9,4.7,4.6,4.4,,,1.3,1.2,1,1.6,2,1.4,1,1.2,1.6,1.2,1.1,1.1,,,5.6,5.9,5.8,5.9,5.8,6.1,6.2,6.1,6,5.9,5.7,5.5,,,15777,172,1.2,-.30000001,-.60000002,-.5,-.1,-.2,.80000001,.2,-.2,-.1,0,-.40000001,-.1,0,0,0,2003m3,177
5/6/2003,0,5/6/2003,1,.030999999,-.025,.025,.015,-.025,-.050000001,-.029999999,-.055,-.029999999,-.077500001,-.11,-.145,-.15000001,-.1375,-.13500001,-.13,-.028100001,-.0129,-.098200001,-.084700003,-.0517,-.0261,.15698755,.2137323,.2506927,-.039999999,-.017021695,-.33432025,9.2593031,-.046646383,-6.6920547,.37037763,,,,,,,,-.20894276,-.080539189,06may03,01may2003,15831,01may2003,20030506,20030430,20030430,15831,2003.2,1.3,4,1.4,1.6,2,3.4,4.3,4.7,4.8,4.8,4.8,,,,1.2,1,1.8,2.6,1,1.1,1.2,1.6,1.2,1.1,1.1,,,,5.9,5.8,5.9,5.8,6,6.1,6.1,6.1,6,5.9,5.6,,,,15825,173,-.69999999,-.30000001,-.40000001,-.2,-.2,.60000002,-.40000001,.1,0,0,0,-.1,-.1,0,.1,0,2003m5,178
6/25/2003,0,6/25/2003,1,.125,.10868421,.029999999,.125,.115,.105,.1,.105,.115,.115,.13500001,.13,.105,.079999998,.055,.029999999,.071500003,.097400002,.069700003,.0469,.028000001,-.0052999998,-.19251326,-.15228426,-.22423458,.105,-.0055102692,-.37415037,9.3360825,-.46209824,2.0472748,.18854295,,,,,,,,.22409561,.26367271,25jun03,01jun2003,15881,01jun2003,20030625,20030618,20030618,15881,2003.2,1.3,4,1.4,1.6,1.5,3.8,4.6,5.3,5.3,5.4,5.4,,,,1.2,1,1.8,2.5,.9,.4,1.1,1.5,1,1,.9,,,,5.9,5.8,5.9,5.8,6.1,6.2,6.1,6,5.9,5.7,5.4,,,,15874,173,0,-.5,.40000001,.30000001,.60000002,-.1,-.1,-.69999999,-.1,-.1,0,.1,.1,0,-.1,0,2003m6,179
8/12/2003,0,8/12/2003,1,0,0,0,0,0,0,-.0099999998,-.0099999998,-.0049999999,-.015,-.050000001,-.079999998,-.082500003,-.092500001,-.090000004,-.085000001,-.0051000002,-.0154,-.044799998,-.0473,-.0284,-.0163,-.062137742,-.076472089,.15917934,0,-.14754681,-.32907003,6.3487334,.72200716,-.55402982,.35362202,,,,,,,,-.041597337,-.016879061,12aug03,01aug2003,15929,01aug2003,20030812,20030806,20030806,15929,2003.3,4,1.4,1.4,2.6,3.6,4.4,4.8,4.8,4.8,4.8,,,,,1,1.8,2.4,1,.9,1,1.3,.9,.9,.9,,,,,5.8,5.9,5.8,6.2,6.3,6.2,6,5.9,5.8,5.5,,,,,15923,174,1.1,-.2,-.2,-.5,-.5,.1,.5,-.1,-.2,-.1,.1,.1,.1,0,0,0,2003m8,180
9/16/2003,0,9/16/2003,1,0,.0049999999,0,0,.0049999999,0,-.0049999999,-.0024999999,0,-.0049999999,0,-.0024999999,.0049999999,-.0049999999,-.02,-.015,-.0102,0,-.0081500001,-.0136,-.0156,-.0062000002,-.1262441,-.097871296,.07160759,0,-.2512477,-.1917502,1.6192502,1.1047064,1.7016714,.38826105,,,,,,,,-.062060405,-.025822001,16sep03,01sep2003,15964,01sep2003,20030916,20030910,20030910,15964,2003.3,4,1.4,1.4,3.3,4.4,4.6,5.2,5.1,5,4.7,3.8,4.1,4,3.9,1,1.8,2.4,.8,1.5,1.1,1.1,.9,.9,.9,1.3,.9,.9,.8,5.8,5.9,5.8,6.2,6.2,6.2,6.1,6,5.9,5.7,5.5,5.4,5.3,5.3,15958,174,.69999999,.80000001,.2,.40000001,.30000001,-.2,.60000002,.1,-.2,0,0,-.1,0,.1,.1,0,2003m9,181
10/28/2003,0,10/28/2003,1,0,0,0,0,0,-.0099999998,-.025,-.039999999,-.022500001,-.085000001,-.12,-.125,-.14,-.145,-.14,-.15000001,-.0051000002,-.0154,-.1142,-.1132,-.088749997,-.0572,-.028431542,0,.30827197,-.0099999998,.10958095,-.13560259,3.1976173,-.24782056,9.3701124,.47572824,,,,,,,,-.26103982,-.15215085,28oct03,01oct2003,16006,01oct2003,20031028,20031022,20031022,16006,2003.4,1.4,1.4,3.3,6.3,4.4,5.2,5.2,5.1,4.8,3.9,4.2,4.1,4,,1.8,2.4,1,1.8,.8,1.1,.9,1,1,1.4,1,1,.9,,5.9,5.8,6.2,6.1,6.2,6,5.8,5.7,5.4,5.2,5.1,5.1,5.1,,16000,175,1.9,-.2,0,.1,.1,.30000001,-.30000001,0,0,.1,-.1,0,-.1,-.2,-.2,0,2003m10,182
12/9/2003,0,12/9/2003,1,0,-.0049999999,0,.0049999999,-.0049999999,-.0049999999,0,.015,-.0049999999,.0024999999,.050000001,.075000003,.094999999,.105,.1125,.125,0,0,.044599999,.079099998,.078450002,.065300003,-.11250176,-.11720581,.11446325,.0049999999,-.2105,.094999507,4.5839815,-.35490674,13.433208,.35877371,,,.045000002,,,,,-.090222172,-.056001492,09dec03,01dec2003,16048,01dec2003,20031209,20031203,20031203,16048,2003.4,1.4,1.4,3.3,8.199999999999999,4.4,5.3,5.5,5.3,4.9,3.8,4,3.9,3.7,,1.8,2.4,1,1.7,1.1,1.2,.9,.9,1,1.4,1.1,1.1,1,,5.9,5.8,6.2,6.1,6,6,5.8,5.5,5.3,5.2,5.1,5,5,,16042,175,1.9,0,.1,.30000001,.2,-.1,.30000001,.1,0,-.1,0,-.2,0,0,-.2,0,2003m12,183
1/28/2004,0,1/28/2004,1,0,.020666666,0,0,.0099999998,.0099999998,.039999999,.025,.0275,.11,.1875,.245,.25999999,.27000001,.26499999,.25999999,.0153,.025599999,.1654,.13869999,.097499996,.0024999999,-.91067463,-.93743187,-1.1710714,.0049999999,-.31560171,.14005336,10.46664,-.17892338,11.088362,.36014608,,,.088,,,,,1.0083449,.50679678,28jan04,01jan2004,16098,01jan2004,20040128,20040121,20040121,16098,2004.1,2,3.1,8.199999999999999,4.8,5,5.4,5.4,5.4,4.1,4,4,3.8,,,2.3,1.1,1.6,1.4,1.6,.6,.6,.8,1.3,1,1.1,1,,,5.8,6.1,6.1,5.9,5.8,5.6,5.4,5.3,5.2,5.1,5.1,5,,,16091,176,.40000001,-.30000001,-.1,.1,.5,.30000001,.40000001,-.30000001,-.30000001,-.2,-.1,-.2,-.2,-.1,0,0,2004m1,184
3/16/2004,0,3/16/2004,1,.010333333,.004209877,.0049999999,0,.0049999999,-.0099999998,-.02,-.025,-.025,-.055,-.085000001,-.1,-.12,-.13249999,-.077500001,-.13500001,-.0052,-.0103,-.0713,-.082599998,-.067199998,-.047400001,-.035129756,-.078793339,-.081492953,-.0049999999,-.24635069,.69173187,4.0944924,-.46276817,9.3522949,.54326624,,,-.041499998,,,,,.05643978,-.0045909472,16mar04,01mar2004,16146,01mar2004,20040316,20040311,20040311,16146,2004.1,2,3.1,8.199999999999999,4,4.4,4.9,5.3,5.3,4.1,4,4,3.9,,,2.3,1.1,1.6,1.3,2.1,.9,.4,.7,1.3,1.1,1.1,1.1,,,5.8,6.1,6.1,5.9,5.6,5.6,5.5,5.5,5.4,5.3,5.3,5.2,,,16141,176,-.80000001,-.60000002,-.5,-.1,-.1,-.1,.5,.30000001,-.2,-.1,0,-.2,0,.1,.2,0,2004m3,185
5/4/2004,0,5/4/2004,1,-.011481481,-.0049999999,-.0099999998,-.0074999998,-.0049999999,-.0074999998,-.0125,-.0049999999,-.0049999999,.0049999999,.015,.015,.0099999998,-.0049999999,.02,.0099999998,-.0103,0,.0080000004,.0211,.0184,.032200001,.36162719,.35890535,.024834437,-.0049999999,.18432197,.94807732,-1.4763099,-.0052367118,8.5892859,.54804575,,,.0065000001,,,,,-.022249416,-.072760344,04may04,01may2004,16195,01may2004,20040504,20040428,20040428,16195,2004.2,3.1,8.199999999999999,4.1,5.2,4.6,5.1,5.1,4,3.8,3.7,3.6,,,,1.1,1.6,1.5,2.3,1.6,.6,.7,1.4,1.2,1.2,1.2,,,,6.1,6.1,5.9,5.6,5.6,5.5,5.4,5.3,5.3,5.2,5.2,,,,16189,177,.80000001,-.30000001,-.2,-.2,-.1,.2,.69999999,.2,0,.1,0,0,0,-.1,-.1,0,2004m5,186
6/30/2004,0,6/30/2004,1,-.0099999998,-.024761906,0,-.0099999998,-.02,-.015,-.0175,-.055,-.039999999,-.029999999,-.025,-.025,-.02,-.025,-.015,-.02,-.0153,-.0155,-.0122,.0068999999,.0138,.020199999,.28120098,.28653294,.073934115,-.0099999998,-.29412231,1.2283581,2.4059353,-.18276805,-3.9542267,.22860231,,,-.022500001,,,,,-.11235955,-.38412291,30jun04,01jun2004,16252,01jun2004,20040630,20040623,20040623,16252,2004.2,3.1,8.199999999999999,4.1,4.4,4.7,5.2,4.9,3.7,3.6,3.6,3.5,,,,1.1,1.6,1.5,2.7,2.6,1.1,.8,1.5,1.3,1.3,1.3,,,,6.1,6.1,5.9,5.6,5.6,5.4,5.3,5.2,5.2,5.2,5.2,,,,16245,177,-.80000001,.1,.1,-.2,-.30000001,.40000001,1,.5,.1,.1,0,0,-.1,-.1,-.1,0,2004m6,187
8/10/2004,0,8/10/2004,1,.014761905,.015555556,.0099999998,.015,.035,.039999999,.050000001,.055,.035,.045000002,.050000001,.050000001,.050000001,.050000001,.050000001,.050000001,.0051000002,.0103,.032499999,.041499998,.0251,.0101,-.30838606,-.34956887,-.292564,.03999,-.4304601,1.3636593,-5.1512527,-.65980071,-5.1766706,.23693092,,,.041000001,,,,,.27170837,.30672079,10aug04,01aug2004,16293,01aug2004,20040810,20040805,20040805,16293,2004.3,7.4,4.2,4.5,3.1,3.9,4.7,3.9,3.6,3.6,3.6,,,,,1.4,1.6,2.8,3.2,.9,1.2,1.9,1.6,1.6,1.5,,,,,6.1,5.9,5.6,5.6,5.6,5.5,5.4,5.4,5.4,5.3,,,,,16288,178,-1.6,-1.3,-.2,.2,0,.60000002,-.2,.40000001,.40000001,.30000001,0,.2,.2,.2,.2,0,2004m8,188
9/21/2004,0,9/21/2004,1,0,0,0,0,0,-.0049999999,0,-.0049999999,-.015,-.015,-.02,-.029999999,-.039999999,-.035,-.035,-.055,-.021,-.016000001,-.0080000004,-.027000001,-.034000002,-.032000002,.026194049,.022187708,.3991203,-.0099999998,-.058996383,1.4012367,-.87391907,-.63204217,1.0145174,.067607656,,,-.015,,,,,-.29985857,-.12727273,21sep04,01sep2004,16335,01sep2004,20040921,20040915,20040915,16335,2004.3,7.4,4.2,4.5,3.3,3.6,4.1,3.7,3.8,3.9,3.9,4,4,4,4,1.4,1.6,2.8,3.2,.8,1.1,2.1,1.7,1.5,1.5,1.9,1.5,1.5,1.4,6.1,5.9,5.6,5.6,5.5,5.5,5.4,5.4,5.4,5.3,5.3,5.2,5.2,5.1,16329,178,.2,-.30000001,-.60000002,-.2,.2,0,-.1,-.1,.2,.1,0,-.1,0,0,0,0,2004m9,189
11/10/2004,0,11/10/2004,1,0,-.0091176471,0,-.0049999999,-.0049999999,-.0099999998,0,0,-.0049999999,-.025,-.035,-.050000001,-.055,-.055,-.050000001,-.045000002,-.011,-.0049999999,-.037,-.035999998,-.028999999,-.027000001,.10726667,.15008576,.077621669,-.0099900002,.27127919,1.5385212,8.8749714,-.553101,7.1289911,.19140041,,,-.090999998,,,,,-.082879469,-.14912853,10nov04,01nov2004,16385,01nov2004,20041110,20041103,20041103,16385,2004.4,4.2,4.5,3.3,3.4,3.4,3.1,3.8,3.9,3.9,3.9,4,4,4,,1.6,2.8,3.2,1.3,1.7,1.6,1.3,1.4,1.5,1.8,1.5,1.5,1.4,,5.9,5.6,5.6,5.5,5.5,5.5,5.4,5.4,5.4,5.4,5.3,5.2,5.1,,16378,179,-.2,-.69999999,-.60000002,0,0,.5,.60000002,-.5,-.40000001,-.1,0,0,.1,0,0,0,2004m11,190
12/14/2004,0,12/14/2004,1,0,-.0053846152,0,.0024999999,-.0049999999,-.0049999999,-.0099999998,-.015,-.0074999998,-.015,-.015,-.02,-.02,-.015,-.02,-.02,-.021,-.013,-.0080000004,-.013,-.017000001,-.013,.064155437,-.020811655,.12789647,-.0049999999,-.20601194,1.550077,6.4398384,-.69435626,3.4993477,.28855929,,,-.012,,,,,-.14563107,-.1326637,14dec04,01dec2004,16419,01dec2004,20041214,20041208,20041208,16419,2004.4,4.2,4.5,3.3,3.7,3.7,3.4,4,4.1,4,3.8,3.7,3.7,3.7,,1.6,2.8,3.2,1.3,1.9,1.6,1.3,1.5,1.6,1.9,1.5,1.5,1.5,,5.9,5.6,5.6,5.5,5.4,5.4,5.3,5.3,5.3,5.2,5.2,5.1,5.1,,16413,179,.30000001,.30000001,.30000001,.2,.2,0,.2,0,0,.1,0,-.1,-.1,-.1,-.1,0,2004m12,191
2/2/2005,0,2/2/2005,1,-.0053846152,.013162393,-.0049999999,0,0,0,0,-.0099999998,-.0049999999,-.0099999998,-.015,-.015,-.02,-.025,-.02,-.025,.013,-.011,-.0080000004,-.014,-.023,-.024,.091875903,-.041937511,.069060773,0,-.12850724,1.5368164,5.3507891,-.72995293,-4.3165116,.38434118,,,-.0115,,-.0189,-.024000049,-.021700025,-.071778923,-.048109304,02feb05,01feb2005,16469,01feb2005,20050202,20050126,20050126,16469,2005.1,4.5,3.3,4,3.5,3.8,4,3.9,3.8,3.7,3.6,3.6,3.6,,,2.8,3.2,1.4,1.9,1.3,1.6,1.6,1.5,1.9,1.6,1.5,1.4,,,5.6,5.6,5.5,5.4,5.4,5.3,5.3,5.3,5.3,5.2,5.2,5.1,,,16462,180,-.2,.40000001,0,-.2,-.2,0,-.30000001,.30000001,.1,-.1,0,0,0,0,0,0,2005m2,192
3/22/2005,0,3/22/2005,1,0,.0083035706,0,0,.0074999998,.0099999998,.015,.035,.029999999,.07,.094999999,.105,.115,.115,.115,.125,.0099999998,.016000001,.071999997,.109,.107,.092,-.343988,-.35624477,-.43949383,.0099999998,.021928236,1.5233504,-1.8364141,-.34449822,12.027779,.37003356,,,.056000002,,.074500002,.10050011,.057500005,.38670695,.20932445,22mar05,01mar2005,16517,01mar2005,20050322,20050316,20050316,16517,2005.1,4.5,3.3,4,4.3,4.3,4.1,3.9,3.8,3.7,3.6,3.6,3.6,,,2.8,3.2,1.4,2.2,2.8,1.8,1.2,1.4,1.9,1.6,1.6,1.5,,,5.6,5.6,5.5,5.4,5.3,5.3,5.3,5.3,5.2,5.2,5.2,5.1,,,16511,180,.80000001,.5,.1,0,0,.30000001,1.5,.2,-.40000001,-.1,0,-.1,0,0,0,0,2005m3,193
5/3/2005,0,5/3/2005,1,0,.0049999999,0,0,.0049999999,.0099999998,.0099999998,.0099999998,.0099999998,.025,.032499999,.035,.035,.039999999,.045000002,.035,.0060000001,.0080000004,.032000002,.024,.014,.003,.10934702,.38709676,-.10861133,.0099999998,.13773637,1.5906364,-1.0604765,-.37022248,7.1344051,.35492414,,,.022,,.0132,.027899981,.015699983,.082938388,.028536098,03may05,01may2005,16559,01may2005,20050503,20050428,20050428,16559,2005.2,3.3,4,3.8,3.1,3.6,3.7,3.7,3.6,3.5,3.5,3.5,,,,3.2,1.4,2.3,3.3,2.6,1.2,1.5,2.1,1.8,1.8,1.7,,,,5.6,5.5,5.4,5.3,5.3,5.3,5.3,5.3,5.3,5.3,5.3,,,,16554,181,-1.2,-.5,-.2,-.1,-.1,.5,.80000001,0,.1,.2,0,0,0,0,.1,0,2005m5,194
6/30/2005,0,6/30/2005,1,-.0024999999,.0080681816,0,-.0024999999,.0049999999,.015,.035,.035,.045000002,.055,.055,.059999999,.059999999,.050000001,.039999999,.029999999,.0049999999,.021,.061000001,.039000001,.015,-.003,-.4303073,-.45652625,-.066186816,.015,-.13333389,1.6204102,2.9166489,-.63211131,-1.2800469,.17508294,,,.035,,.0275,-.0052999258,-.003100038,.078484133,.081161514,30jun05,01jun2005,16617,01jun2005,20050630,20050622,20050622,16617,2005.2,3.3,4,3.8,3.9,3,3.8,3.7,3.5,3.4,3.4,3.3,,,,3.2,1.4,2.3,3.1,2.5,1.6,1.9,2.2,1.9,1.8,1.8,,,,5.6,5.5,5.4,5.3,5.1,5.1,5.1,5.1,5.1,5.1,5.1,,,,16609,181,.80000001,-.60000002,.1,0,-.1,-.2,-.1,.40000001,.40000001,.1,0,-.2,-.2,-.2,-.2,0,2005m6,195
8/9/2005,0,8/9/2005,1,-.0070454548,-.00090909097,-.0049999999,-.0049999999,-.0099999998,-.015,-.015,-.0099999998,-.0049999999,-.02,-.025,-.029999999,-.025,-.029999999,-.029999999,-.025,-.0099999998,-.026000001,-.021,-.023,-.023,-.023,.21449637,.22307849,.18629515,-.0099999998,.010179685,1.923923,4.2164059,-.33646771,8.6003733,.21783717,,,-.018999999,,-.0251,-.015899897,-.020200133,-.17037711,-.20499109,09aug05,01aug2005,16657,01aug2005,20050809,20050804,20050804,16657,2005.3,4,3.3,3.8,3.3,4.3,4,3,3.1,3.1,3.1,,,,,1.5,2.7,3.1,2.5,1.6,2,2.4,2,2,2,,,,,5.5,5.4,5.3,5.1,5,5,5,5,5,5,,,,,16652,182,.30000001,.5,.30000001,-.5,-.30000001,0,0,.1,.2,.1,0,-.1,-.1,-.1,-.1,0,2005m8,196
9/20/2005,0,9/20/2005,1,.045000002,.045000002,.015,.029999999,.045000002,.035,.035,.029999999,.035,.025,.015,.02,.0099999998,.0099999998,.02,.015,.030999999,.021,.025,.013,-.018999999,-.035500001,-.13139911,-.14124294,-.23013069,.029999999,-.084644981,1.8474526,1.6429709,-.11218173,9.2697163,.15421548,,,.015,,.0035999999,-.024199963,-.040300012,.20366599,.24182715,20sep05,01sep2005,16699,01sep2005,20050920,20050914,20050914,16699,2005.3,,,3.8,3.2,3.1,3.7,4.2,3.5,3.1,2.9,2.9,2.9,2.9,2.9,,,3.1,2.5,2.6,2.8,1.7,2.1,2.1,2.1,2.3,2,2,2,,,5.3,5.1,5,5,5,5,5,5,5,5,5,5,16693,182,-.1,-1.2,-.30000001,1.2,.40000001,0,1,.80000001,-.69999999,.1,0,0,0,0,0,0,2005m9,197
11/1/2005,0,11/1/2005,1,-.0051724138,.0037356319,-.0049999999,0,0,0,.0049999999,.02,.0049999999,.015,.015,.015,.015,.015,.02,.0099999998,.0049999999,.0049999999,.012,.0089999996,.0040000002,-.001,.22650197,.22807381,-.074956276,0,-.15141061,1.6565076,-2.226059,-.11108339,5.824028,.16514263,,,.0035000001,,.0074999998,.0054000621,.00330019,.06662225,.077167109,01nov05,01nov2005,16741,01nov2005,20051101,20051026,20051026,16741,2005.4,,3.8,3.3,3.2,3.5,4,3.6,2.9,2.7,2.8,2.8,2.9,2.9,,,3.1,2.6,2.6,3,1.8,2.2,2.1,2.1,2.2,1.9,1.9,1.8,,,5.3,5.1,5,5,5,5,5,5,5.1,5.1,5.1,5.1,,16735,183,.1,-.2,-.2,.1,-.2,0,.2,.1,.1,0,0,0,0,0,0,0,2005m11,198
12/13/2005,0,12/13/2005,1,-.008611111,-.0049999999,-.0049999999,0,-.0049999999,-.0049999999,-.02,-.02,-.0024999999,-.025,-.039999999,-.039999999,-.035,-.039999999,-.029999999,-.025,-.030999999,-.0099999998,-.025,-.025,-.02,-.011,.52325928,.55478501,.25138259,-.0049999999,-.041908283,1.8888707,1.5148774,-.059979565,9.0088291,.29075557,,,-.034000002,,-.015699999,-.016599894,-.0080001354,-.2319673,-.21639617,13dec05,01dec2005,16783,01dec2005,20051213,20051207,20051207,16783,2005.4,,3.8,3.3,4.3,3.4,3.7,3.5,3.4,3.2,3.1,3,2.9,2.9,,,3.1,2.6,3.1,2.2,2.7,2.4,2.2,2,2.2,1.9,1.8,1.8,,,5.3,5.1,5,5,5,5,5,5,5,5,5,5,,16777,183,1.1,-.1,-.30000001,-.1,.5,.5,-.80000001,.89999998,.2,.1,0,0,0,0,0,0,2005m12,199
1/31/2006,0,1/31/2006,1,.0099999998,.025,0,.0099999998,.0099999998,.025,.025,.025,.029999999,.025,.035,.039999999,.045000002,.045000002,.045000002,.045000002,.015,.0099999998,.037,.037999999,.032000002,.028999999,-.25584623,-.25281993,-.36964023,.025,-.14707647,1.9724212,7.147243,-.27840409,4.6502643,.23989677,,,.015,,.039799999,.036599874,.02459991,.36036035,.45310763,31jan06,01jan2006,16832,01jan2006,20060131,20060125,20060125,16832,2006.1,3.8,3.3,4.1,2.4,4.1,3.8,3.6,3.3,3,3,3,2.9,,,3.1,2.6,3.3,2.6,2.1,2.5,2.2,2,2.2,1.9,1.9,1.9,,,5.2,5.1,5,5,5,5,5,5,5,5.1,5.1,5.1,,,16826,184,-1,.40000001,.30000001,.2,.1,.40000001,-.60000002,.1,0,0,0,0,0,0,0,0,2006m1,200
3/28/2006,0,3/28/2006,1,.0049999999,.034523811,.0049999999,.0049999999,.025,.029999999,.035,.029999999,.035,.050000001,.059999999,.059999999,.059999999,.059999999,.059999999,.055,.0099999998,.0265,.048999999,.056000002,.043000001,.029999999,-.62529695,-.62773442,-.38955656,.029999999,.02437814,2.1428223,3.2791865,-.035414755,-2.3834534,.25713167,,,.044,,.054299999,.047199965,.027300119,.35614914,.38359901,28mar06,01mar2006,16888,01mar2006,20060328,20060322,20060322,16888,2006.1,3.8,3.3,4.1,1.8,4.7,3.5,3.7,3.4,3.1,3.1,3.1,3,,,3.1,2.6,3.3,3.3,3.4,2.6,2,2,2.1,2.2,2.1,1.9,,,5.2,5.1,5,5,4.8,4.8,4.8,4.8,4.8,4.8,4.9,4.9,,,16882,184,-.60000002,.60000002,-.30000001,.1,.1,.69999999,1.3,.1,-.2,0,0,-.2,-.2,-.2,-.2,0,2006m3,201
5/10/2006,0,5/10/2006,1,0,.029999999,0,.0099999998,.029999999,.035,.035,.045000002,.035,.055,.064999998,.064999998,.064999998,.059999999,.064999998,.059999999,.011,.0185,.063000001,.059,.039999999,.035,-.20650998,-.18853696,-.031267099,.035,-.15746945,1.8967887,4.7213073,.28390405,10.997794,.16469385,,,.046999998,,.046999998,.042700052,.03760004,.035460994,.10865629,10may06,01may2006,16931,01may2006,20060510,20060503,20060503,16931,2006.2,3.3,4.1,1.7,5.3,3.7,3.2,3.1,3,3,3,3,,,,2.6,3.3,3.5,3.3,3.2,1.9,2.1,2.3,2.4,2.2,2,,,,5.1,5,5,4.7,4.7,4.8,4.8,4.9,4.9,4.9,5,,,,16924,185,.60000002,.2,-.5,-.30000001,-.1,-.1,.60000002,-.1,.1,.2,-.1,-.1,0,0,.1,0,2006m5,202
6/29/2006,0,6/29/2006,1,-.015,-.035217389,-.0049999999,-.015,-.029999999,-.029999999,-.039999999,-.039999999,-.050000001,-.055,-.055,-.055,-.045000002,-.039999999,-.025,-.02,-.017999999,-.048,-.046,-.027000001,-.0080000004,.0080000004,.54859746,.53349143,.81398135,-.025,-.21612254,1.7670892,-4.366353,-.027942264,6.9946766,.1152259,,,-.041999999,,-.031500001,-.013399839,-.0037000179,-.77233428,-.70561916,29jun06,01jun2006,16981,01jun2006,20060629,20060621,20060621,16981,2006.2,3.3,4.1,1.7,5.8,2,2.7,2.7,2.5,2.8,2.7,2.7,,,,2.6,3.3,3.5,3.3,3.8,2.3,1.6,2.3,2.5,2.3,2.1,,,,5.1,5,5,4.7,4.7,4.8,4.9,5,5.1,5.1,5.2,,,,16973,185,.5,-1.7,-.5,-.40000001,-.5,0,.60000002,.40000001,-.5,0,0,0,0,.1,.1,0,2006m6,203
8/8/2006,0,8/8/2006,1,-.047173914,-.010652174,-.035,-.035,-.035,-.035,-.029999999,-.045000002,-.035,-.035,-.025,-.029999999,-.035,-.035,-.035,-.035,-.030999999,-.026000001,-.028999999,-.017999999,0,.017999999,-.24229567,-.23410067,.11682243,-.035,-.093134589,1.6151031,-2.8193288,-.31138924,1.9115427,.087980434,,,-.028000001,,-.0352,-.017400026,-.00069999998,-.082576387,-.052128583,08aug06,01aug2006,17021,01aug2006,20060808,20060803,20060803,17021,2006.3,4.2,1.8,5.6,3,2.2,2.1,2.2,2.3,2.3,2.4,,,,,3.3,3.3,3.3,3.3,3,1.6,2.1,2.6,2.5,2.2,,,,,5,5,4.7,4.7,4.7,4.8,4.9,5,5.1,5.2,,,,,17016,186,1,-.5,-.60000002,-.30000001,-.5,-.5,.69999999,0,-.2,.1,0,-.1,-.1,-.1,-.1,0,2006m8,204
9/20/2006,0,9/20/2006,1,0,0,0,-.0049999999,0,0,.0049999999,.0074999998,.015,.015,.02,.029999999,.025,.02,.02,.02,0,.016000001,.0255,.017899999,.0119,.0041999999,-.26589936,-.28016436,-.094406419,0,-.030917009,1.6766366,5.1467443,-.13397945,-2.584847,-.0086691929,,,.0099999998,,.0146,.012500048,.010599852,.093327112,.034103505,20sep06,01sep2006,17064,01sep2006,20060920,20060913,20060913,17064,2006.3,,,5.6,2.8,1.8,1.7,1.9,2,2.1,2.2,2.3,2.4,2.5,2.5,,,3.3,3.4,2.2,1.9,2.6,2.8,2.6,2.3,2.5,2.6,2.4,2.2,,,4.7,4.7,4.7,4.8,4.9,5,5,5.1,5.1,5.2,5.2,5.2,17057,186,-.2,-.40000001,-.40000001,-.30000001,-.30000001,.1,-.80000001,.30000001,.5,.2,0,0,0,0,0,0,2006m9,205
10/25/2006,0,10/25/2006,1,-.0049999999,-.0049999999,.0049999999,-.0049999999,-.0049999999,-.0049999999,-.0049999999,-.02,-.0049999999,-.0049999999,-.015,-.0099999998,-.0049999999,-.0099999998,-.0099999998,-.0049999999,-.0052,0,-.0041999999,-.0109,-.018100001,-.0148,-.063833803,-.072241284,.11918951,-.0049999999,-.16424152,1.6229374,8.8349438,-.076168649,3.4601791,-.038882334,,,-.0099999998,,-.0112,-.018199921,-.013799906,-.10398614,-.11744966,25oct06,01oct2006,17099,01oct2006,20061025,20061018,20061018,17099,2006.4,,5.6,2.6,1,2.3,2.1,2.1,2.2,2.3,2.5,2.5,2.5,2.5,,,3.3,3.3,1.8,1.6,3,2.7,2.6,2.4,2.6,2.5,2.4,2.3,,,4.7,4.7,4.7,4.7,4.8,5,5,5.1,5.1,5.1,5.1,5.1,,17092,187,-.80000001,.60000002,.2,.1,.1,-.40000001,-.30000001,.40000001,-.1,0,0,-.1,-.1,0,0,0,2006m10,206
12/12/2006,0,12/12/2006,1,0,-.0024999999,0,0,-.0024999999,-.0049999999,-.015,-.02,-.0049999999,-.015,-.050000001,-.055,-.055,-.055,-.059999999,-.059999999,-.0104,-.0052999998,-.046300001,-.0407,-.031300001,-.0229,.25325537,.14199503,.392957,-.0049999999,.0073445481,1.535233,8.4210253,-.19921492,9.5558939,-.12117873,,,-.027000001,,-.0416,-.03030014,-.023499966,-.32451922,-.23051311,12dec06,01dec2006,17147,01dec2006,20061212,20061206,20061206,17147,2006.4,,5.6,2.6,2,1.3,1.7,2.2,2.4,2.4,2.5,2.5,2.5,2.5,,,3.3,3.3,1.8,1.5,3.5,2.4,2.4,2.3,2.5,2.4,2.3,2.2,,,4.7,4.7,4.7,4.5,4.6,4.8,4.9,5,5,5,5.1,5.1,,17141,187,1,-1,-.40000001,.1,.2,0,-.1,.5,-.30000001,-.2,0,-.2,-.2,-.2,-.1,0,2006m12,207
1/31/2007,0,1/31/2007,1,-.0049999999,-.0049999999,0,-.0049999999,-.0049999999,0,-.0049999999,0,0,-.0049999999,-.0099999998,-.0099999998,-.015,-.0049999999,-.0099999998,-.0099999998,-.0156,.0026499999,-.0082999999,-.0107,-.0133,-.016100001,.50235432,.55788004,.099900097,-.0049999999,-.10912977,1.4994894,3.6665745,.063214153,-.53871292,-.077053152,,,-.0070000002,,-.015799999,-.012500048,-.013200045,-.12980883,-.041373603,31jan07,01jan2007,17197,01jan2007,20070131,20070124,20070124,17197,2007.1,5.6,2.6,2,2.6,2,2.3,2.4,2.5,2.5,2.5,2.5,2.5,,,3.3,3.3,1.9,1.9,3.7,2.4,2.3,2.2,2.4,2.3,2.2,2.1,,,4.7,4.7,4.7,4.5,4.6,4.7,4.8,4.8,4.9,4.9,4.9,4.9,,,17190,188,1.3,.30000001,.1,0,.1,.40000001,.2,0,-.1,-.1,0,0,-.1,-.1,-.2,0,2007m1,208
3/21/2007,0,3/21/2007,1,0,-.014090909,0,-.0049999999,-.0099999998,-.0099999998,-.039999999,-.050000001,-.050000001,-.094999999,-.115,-.12,-.12,-.115,-.105,-.094999999,-.0052,-.0374,-.084899999,-.067299999,-.0473,-.0372,.8218345,.84195757,.48483482,-.01501,-.04187385,1.275317,-.043940987,.043638576,.81335598,-.33876133,,,-.068499997,,-.063900001,-.047500134,-.041500092,-.43269232,-.30542123,21mar07,01mar2007,17246,01mar2007,20070321,20070314,20070314,17246,2007.1,5.6,2.6,2,2.2,1.5,2.3,2.3,2.3,2.3,2.3,2.3,2.3,,,3.3,3.3,1.9,1.6,3.9,2.7,2,2.1,2.4,2.3,2.2,2.1,,,4.7,4.7,4.7,4.5,4.6,4.7,4.8,4.9,4.9,5,5,5.1,,,17239,188,-.40000001,-.5,0,-.1,-.2,-.30000001,.2,.30000001,-.30000001,-.1,0,0,0,0,.1,0,2007m3,209
5/9/2007,0,5/9/2007,1,.0070454548,.0049999999,.0049999999,0,.0049999999,.0049999999,.015,.02,.0049999999,.035,.055,.07,.07,.059999999,.050000001,.045000002,-.0104,.021400001,.0462,.0337,.0218,.015,-.13250473,-.13205679,-.1475797,.0049999999,-.061810628,1.2718865,4.014595,-.011851027,8.016221,-.11736447,,,.030999999,,.0405,.025099993,.019799948,.12457711,.083395883,09may07,01may2007,17295,01may2007,20070509,20070502,20070502,17295,2007.2,2.6,2,2.5,1.3,2.6,2,2.1,2.4,2.4,2.4,2.4,,,,3.3,1.9,1.7,3.9,2.8,1.7,2.1,2.3,2.3,2.3,2.1,,,,4.7,4.7,4.5,4.5,4.6,4.7,4.8,4.8,4.9,4.9,5,,,,17288,189,-.2,.30000001,-.30000001,-.2,.1,0,.1,-.30000001,0,-.1,-.1,-.1,-.1,-.1,-.1,0,2007m5,210
6/28/2007,0,6/28/2007,1,0,0,0,0,0,.0049999999,0,.0049999999,.0049999999,.0099999998,.02,.025,.035,.029999999,.029999999,.032499999,.0052,0,.0167,.0144,.0104,.0077,-.26730892,-.26251024,-.029733146,0,.00340273,1.2638468,4.6777353,.33820373,3.4374065,.393895,,,.015,,.0142,.0057001109,.0095000267,.013372072,-.048717115,28jun07,01jun2007,17345,01jun2007,20070628,20070620,20070620,17345,2007.2,2.6,2,2.5,1,3,2.5,2.2,2.5,2.5,2.5,2.5,,,,3.3,1.9,1.7,4.1,2.9,1.3,1.9,2.2,2.3,2.2,2.1,,,,4.7,4.7,4.5,4.5,4.5,4.6,4.7,4.7,4.8,4.8,4.8,,,,17337,189,-.30000001,.40000001,.5,.1,.1,.2,.1,-.40000001,-.2,-.1,0,-.1,-.1,-.1,-.1,0,2007m6,211
8/7/2007,0,8/7/2007,0,.0064583332,.0028125001,.0049999999,.0049999999,.0099999998,0,-.015,-.0074999998,-.0049999999,-.02,-.039999999,-.039999999,-.039999999,-.035,-.035,-.025,-.01305,-.021400001,-.041700002,-.033599999,-.0143,-.003,-1.0388122,-1.081081,.079994179,0,-.10522323,.96103483,-2.3381045,.44106787,-1.1899699,-.026586279,,,-.017750001,,-.0252,-.003499985,-.00150013,-.10991536,-.37118271,07aug07,01aug2007,17385,01aug2007,20070807,20070802,20070802,17385,2007.3,1.1,2.1,.6,3.4,2.2,1.6,1.8,1.9,2,2.1,,,,,2.4,1.7,4.2,2.7,1.4,2.1,2.2,2.3,2.3,2.2,,,,,4.7,4.5,4.5,4.5,4.6,4.7,4.7,4.8,4.8,4.8,,,,,17380,190,.40000001,-.30000001,-.60000002,-.69999999,-.60000002,-.2,.1,.2,0,0,0,0,0,0,0,0,2007m8,212
9/18/2007,0,9/18/2007,1,-.21250001,-.155,-.085000001,-.18000001,-.155,-.155,-.15000001,-.145,-.18000001,-.185,-.175,-.16,-.14,-.125,-.115,-.11,-.1064,-.1885,-.13070001,-.0638,.0029500001,.041900001,1.3359344,1.3786147,.4968318,-.17,-.22835675,.92533302,-3.0886331,.10840339,1.9648573,-.6514163,,,-.18000001,,-.1053,-.029599905,.013000011,-.45328981,-.18986796,18sep07,01sep2007,17427,01sep2007,20070918,20070912,20070912,17427,2007.3,,,.6,3.7,2.6,1,1.3,1.7,1.8,1.9,2.1,2.1,2.2,2.2,,,4.2,2.7,.8,2.3,2.1,2.1,2.1,2,2.2,2.1,2,2,,,4.5,4.5,4.6,4.7,4.7,4.8,4.9,4.9,4.9,4.9,4.9,4.9,17421,190,.30000001,.40000001,-.60000002,-.5,-.2,0,-.60000002,.2,-.1,-.2,0,0,0,0,0,0,2007m9,215
10/31/2007,0,10/31/2007,1,-.02,.034249999,0,-.02,.015,.029999999,.050000001,.075000003,.015,.059999999,.085000001,.090000004,.090000004,.090000004,.085000001,.079999998,.082900003,.054900002,.078199998,.069399998,.0469,.034299999,-.42830232,-.37180731,-.020744018,.029999999,.1100418,.96792662,3.8015437,.4016971,10.137158,-.30748343,1,,.055,,.077,.053999901,.040099859,-.009130395,-.034707159,31oct07,01oct2007,17470,01oct2007,20071031,20071024,20071024,17470,2007.4,,.6,3.8,3.3,1.4,1.5,1.8,1.9,1.9,2.1,2.2,2.2,2.2,,,4.2,2.6,.5,.8,2.7,2.2,2.1,2,2.2,2.2,2.1,2,,,4.5,4.5,4.7,4.7,4.7,4.7,4.7,4.8,4.8,4.8,4.8,4.8,,17463,191,.69999999,.40000001,.2,.1,.1,-.30000001,-1.5,.60000002,.1,0,.1,0,0,-.1,-.2,0,2007m10,216
12/11/2007,0,12/11/2007,1,.030999999,.025,.02,.045000002,.025,.035,.025,.0125,.185,.125,.02,-.055,-.1,-.105,-.1,-.094999999,-.051600002,-.057700001,-.1235,-.10965,-.074500002,-.061299998,-1.7377017,-1.8050542,-.17676252,.029999999,-.020181037,.83151209,4.204,.69361889,8.2242451,-.6361286,0,,-.0040000002,,-.069300003,-.041100025,-.045000076,.085386999,-.67120099,11dec07,01dec2007,17511,01dec2007,20071211,20071205,20071205,17511,2007.4,,.6,3.8,5,.1,.7,1.4,1.5,1.7,1.9,2.1,2.1,2.1,,,4.2,2.6,.9,1.8,2.5,2.2,2,1.9,2.1,2,1.9,1.9,,,4.5,4.5,4.7,4.7,4.8,4.8,4.9,4.9,4.9,5,5,5,,17505,191,1.7,-1.3,-.80000001,-.40000001,-.40000001,.40000001,1,-.2,0,-.1,0,0,.1,.1,.2,0,2007m12,217
1/30/2008,0,1/30/2008,0,-.11,-.098076925,.0024999999,-.11,-.105,-.125,-.155,-.13500001,-.145,-.13,-.11,-.085000001,-.045000002,-.02,0,.029999999,-.077100001,-.071999997,-.044300001,0,.016799999,.0348,.88289893,.82796687,.44591582,-.13,-.13033599,.6662752,-10.682165,.96752709,8.1246481,-.46357179,1,,-.116,,-.029300001,-.023299932,-.003999949,-.38365969,-.22377622,30jan08,01jan2008,17561,01jan2008,20080130,20080123,20080123,17561,2008.1,.6,3.8,4.9,.5,.6,1.2,1.9,2.4,1.6,2,2.5,2.6,,,4.2,2.6,1,2.4,2.7,2,2,2,2.1,2,1.9,1.8,,,4.5,4.5,4.7,4.8,5,5.1,5.1,5.1,5.2,5.2,5.2,5.2,,,17554,192,.40000001,-.1,-.2,.40000001,.69999999,.60000002,.2,-.2,0,.1,.1,.2,.30000001,.2,.2,0,2008m1,219
3/18/2008,0,3/18/2008,1,.10730769,.079999998,.045000002,.125,.079999998,.079999998,.079999998,.064999998,.050000001,.02,.0099999998,.0049999999,.015,.02,.029999999,.035,-.035700001,.056400001,.0243,-.0016,-.022299999,-.0361,-1.0769833,-1.0472201,-.13930222,.075000003,-.17734838,.3441546,-14.625273,1.0930647,15.717369,-.084181368,0,,.056499999,,.00089999998,-.024760067,-.023900032,.06595473,-.63803929,18mar08,01mar2008,17609,01mar2008,20080318,20080313,20080313,17609,2008.1,.6,3.8,4.9,.4,.1,-1,.9,.5,2.3,3.2,3.3,3.3,,,4.2,2.6,1,2.7,2.5,1.6,2,2,2.1,2.1,1.9,1.9,,,4.5,4.5,4.7,4.8,4.9,5.2,5.5,5.7,5.7,5.6,5.6,5.5,,,17604,192,-.1,-.5,-2.2,-1,-1.9,.30000001,-.2,-.40000001,0,0,0,-.1,.1,.40000001,.60000002,0,2008m3,221
4/30/2008,0,4/30/2008,1,-.059999999,-.064999998,0,-.059999999,-.064999998,-.064999998,-.072499998,-.075000003,-.059999999,-.079999998,-.079999998,-.050000001,-.029999999,-.02,-.0099999998,0,-.0308,-.0207,-.0162,-.0051000002,-.0019,-.0019,.26628488,.16082916,.23130301,-.075000003,.063126609,.13991441,4.4342265,.37399328,11.698554,-.13040635,1,,-.072499998,,-.0063999998,-.0033999679,-.00079999998,-.19426006,-.047865212,30apr08,01apr2008,17652,01apr2008,20080430,20080423,20080423,17652,2008.2,3.8,4.9,.6,.4,-1.4,1.2,.7,1.7,3.1,3.2,3.3,,,,2.6,1,2.4,2.6,.9,2.4,2.1,2.3,2.1,1.9,1.8,,,,4.5,4.7,4.8,4.9,5.2,5.5,5.7,5.7,5.6,5.6,5.5,,,,17645,193,.30000001,-.40000001,.30000001,.2,-.60000002,.1,-.69999999,.40000001,.1,.2,0,0,0,0,0,0,2008m4,222
6/25/2008,0,6/25/2008,1,-.0099999998,-.039807692,0,-.0099999998,-.035,-.045000002,-.059999999,-.035,-.064999998,-.050000001,-.045000002,-.059999999,-.07,-.067500003,-.059999999,-.050000001,-.01285,-.00765,-.068899997,-.034899998,-.0217,-.0101,.085608363,.018828847,.37859342,.015,-.023742994,-.26906788,-2.6719077,-.33840141,12.563594,-.056836493,1,,-.0275,,-.030099999,-.014199972,-.0074000359,-.31535837,-.22181146,25jun08,01jun2008,17708,01jun2008,20080625,20080618,20080618,17708,2008.2,3.8,4.9,.6,1.1,1.7,.9,.5,1.4,2.7,2.8,2.8,,,,2.6,1,2.4,2.7,.2,3,2.3,2.4,2.3,2.1,2,,,,4.5,4.7,4.8,4.9,5.3,5.5,5.6,5.7,5.7,5.7,5.6,,,,17701,193,.69999999,3.0999999,-.30000001,-.2,-.30000001,.1,-.69999999,.60000002,.2,.1,0,.1,0,-.1,0,0,2008m6,223
8/5/2008,0,8/5/2008,1,-.0059615378,-.014615385,-.0049999999,-.0099999998,-.022500001,-.025,-.035,-.055,-.025,-.035,-.029999999,-.039999999,-.045000002,-.045000002,-.039999999,-.037500001,-.0154,-.0052,-.0162,.0052,.0137,.017899999,.13440755,.15726361,-.012931592,-.029999999,-.001892872,-.58279967,-12.077024,-.10334025,-5.1045413,.081452601,0,,.0049999999,,.0104,.010499954,.022099972,-.012174831,-.10155096,05aug08,01aug2008,17749,01aug2008,20080805,20080730,20080730,17749,2008.3,4.9,.6,1,2.7,.7,.4,1.4,2.3,2.4,2.6,,,,,1,2.4,2.7,.5,3.5,2,2.6,2.5,2.2,2.1,,,,,4.7,4.8,4.9,5.3,5.8,5.9,6,6,6,5.9,,,,,17743,194,1,-.2,-.1,0,-.40000001,.30000001,.5,-.30000001,.2,.2,0,.30000001,.30000001,.30000001,.30000001,0,2008m8,224
9/16/2008,0,9/16/2008,1,.1125,.13,.052499998,.105,.13,.1275,.115,.11,.14,.1,.090000004,.090000004,.115,.13,.145,.125,.0049999999,.086900003,.077,.069700003,.0526,.034400001,-.62996483,-.04192872,-.23319906,.12,-.052805372,-.97431129,-11.635299,.16687532,-25.947306,.041271303,0,,.086850002,,.068300001,.070899963,.053600073,.18093479,0,16sep08,01sep2008,17791,01sep2008,20080916,20080910,20080910,17791,2008.3,,,.9,3.5,.6,1.1,1.6,2.2,2.2,2.3,2.4,2.6,2.8,2.9,,,2.6,1.2,4.9,2.7,2.3,2.3,2.1,2,1.9,2,1.9,1.9,,,4.9,5.3,6,6.2,6.2,6.2,6.2,6.2,6.1,6,5.9,5.9,17785,194,.80000001,-.1,.69999999,.2,-.1,.69999999,1.4,.69999999,-.30000001,-.2,0,.2,.30000001,.2,.2,0,2008m9,225
10/29/2008,0,10/29/2008,0,-.050000001,-.060333334,0,-.050000001,-.055,-.064999998,-.029999999,-.039999999,0,-.039999999,-.075000003,-.085000001,-.075000003,-.050000001,-.035,-.025,.0049999999,-.035500001,-.035799999,-.0186,-.041900001,-.0143,-1.1726887,-1.3492063,-.6803773,-.050000001,-.13141397,-1.3728492,-27.189371,1.2978071,-44.169048,-.17076099,1,,.0265,,0,-.024199963,.0090999603,.51453519,-.47325101,29oct08,01oct2008,17834,01oct2008,20081029,20081022,20081022,17834,2008.4,,.9,2.8,-1,-1.3,-1.4,-.4,.4,1,1.5,2,2.5,3,,,2.6,1.1,4.1,4.3,2,1.6,1.5,1.3,1.2,1.4,1.3,1.2,,,4.9,5.3,6,6.3,6.6,6.9,7.1,7.2,7.3,7.3,7.3,7.2,,17827,195,-1.6,-2.4000001,-3,-2.5999999,-1.8,-.80000001,1.6,-.30000001,-.69999999,-.60000002,0,.1,.40000001,.69999999,.89999998,0,2008m10,227
12/16/2008,0,12/16/2008,1,-.14983334,-.17,-.072499998,-.185,-.17,-.185,-.185,-.17,-.25999999,-.25999999,-.26499999,-.27000001,-.255,-.25,-.23999999,-.23,-.0153,-.065399997,-.12639999,-.1132,-.083899997,-.01285,1.1028725,1.4152279,.76755977,-.18501,-.39955261,-2.5971112,-36.540966,.76069808,-34.86684,-.090758622,0,,-.058150001,,-.1149,-.099499941,-.04189992,-.7073679,-.65526432,16dec08,01dec2008,17882,01dec2008,20081216,20081210,20081210,17882,2008.4,,.9,2.8,-.4,-4.7,-5,-1.2,1,1.6,1.9,2.2,2.6,3,,,2.6,1.1,4.1,2.4,2.1,1.6,1.4,.9,.8,.9,.8,.7,,,4.9,5.3,6,6.7,7.5,7.8,8,8.1,8.300000000000001,8.300000000000001,8.199999999999999,8.199999999999999,,17876,195,.60000002,-3.4000001,-3.5999999,-.80000001,.60000002,0,-1.9,.1,0,-.1,0,.40000001,.89999998,.89999998,.89999998,0,2008m12,230
1/28/2009,0,1/28/2009,1,.0049999999,-.0069230772,0,.0049999999,0,0,.0049999999,0,0,-.0099999998,-.015,-.015,-.025,-.015,-.0049999999,-.0049999999,-.0051000002,0,-.0078999996,.0167,.017200001,.027799999,-.21774009,-.23001724,-.88288558,0,-.017820315,-3.1661291,-5.8634067,-.38352311,-9.8853025,.37072685,1,,-.0089999996,,.027000001,.015200019,.021999836,.68630016,.31100744,28jan09,01jan2009,17925,01jan2009,20090128,20090122,20090122,17925,2009.1,.9,2.8,-.5,-4.9,-5.6,-1.3,1.8,2.1,2.2,2.4,2.7,3.1,,,2.6,1.1,3.9,1.7,1.3,2.3,1.4,1.1,1,1,.9,.8,,,4.9,5.4,6,6.9,7.7,8.199999999999999,8.300000000000001,8.4,8.5,8.4,8.199999999999999,8.1,,,17919,196,-.2,-.60000002,-.1,.80000001,.5,-.69999999,-.80000001,.69999999,0,.2,.2,.2,.40000001,.30000001,.30000001,0,2009m1,231
3/18/2009,0,3/18/2009,1,0,-.0049999999,0,-.0074999998,-.0049999999,-.015,-.015,-.025,-.050000001,-.059999999,-.07,-.07,-.064999998,-.064999998,-.064999998,-.059999999,0,-.0102,-.068899997,-.25580001,-.43430001,-.33129999,1.8144993,1.9292605,2.0660212,-.0099999998,-.026936853,-4.2592006,-14.46692,-.020880727,1.304572,.32544923,0,,.0024999999,,-.1859,-.32980001,-.39970005,-1.9428148,-1.9162165,18mar09,01mar2009,17974,01mar2009,20090318,20090312,20090312,17974,2009.1,.9,2.8,-.5,-6.7,-6.5,-2,-.5,-.1,.7,1.4,1.9,2.1,,,2.6,1.1,3.9,.3,3.4,.9,1.1,.9,.8,.8,.7,.6,,,4.9,5.4,6,6.9,8,8.699999999999999,9,9.199999999999999,9.4,9.5,9.5,9.5,,,17968,196,-1.8,-.89999998,-.69999999,-2.3,-2.2,-1.4,2.0999999,-1.4,-.30000001,-.2,0,.30000001,.5,.69999999,.80000001,0,2009m3,232
4/29/2009,0,4/29/2009,1,0,0,-.0024999999,0,.0049999999,0,0,.0049999999,0,.0099999998,.015,.035,.045000002,.055,.059999999,.059999999,0,.0038000001,.023700001,.059599999,.071599998,.0801,.62601382,.60189164,-.34500861,.0049999999,-.04005729,-4.608407,2.7516198,.11826308,5.1884465,.51977223,1,,.012,,.082500003,.043900013,.060899973,.3454662,.73143095,29apr09,01apr2009,18016,01apr2009,20090429,20090422,20090422,18016,2009.2,2.8,-.5,-6.3,-6.3,-1.5,.4,1.2,1.9,2.5,3,3.3,,,,1.1,3.9,.5,3.3,.5,1.5,1.1,1,1,.9,.8,,,,5.4,6,6.9,8.1,9,9.199999999999999,9.300000000000001,9.300000000000001,9.199999999999999,9.1,9.1,,,,18009,197,.2,.5,.89999998,1.3,1.2,-.1,-.40000001,.40000001,.2,.2,.1,.30000001,.2,.1,-.1,0,2009m4,233
6/24/2009,0,6/24/2009,1,0,.0081578949,0,0,.0049999999,.0099999998,.0049999999,.0099999998,.0099999998,.035,.050000001,.07,.090000004,.094999999,.105,.1,-.0101,.0026,.051600002,.0911,.097099997,.066200003,-.64602548,-.69232899,-.57159185,0,.29636824,-4.9812126,15.244284,1.2555662,12.069322,.22718008,1,,.017999999,,.070799999,.086500049,.085500002,.49388874,.47184649,24jun09,01jun2009,18072,01jun2009,20090624,20090617,20090617,18072,2009.2,2.8,-.5,-6.3,-5.5,-1,.7,1.6,2.3,2.8,3.2,3.4,,,,1.1,3.9,.5,2.7,-.6,1.6,1.6,1.4,1.2,1,.8,,,,5.4,6,6.9,8.1,9.300000000000001,9.800000000000001,10,10,9.9,9.800000000000001,9.699999999999999,,,,18065,197,.80000001,.5,.30000001,.40000001,.40000001,-.60000002,-1.1,.1,.5,.40000001,0,.30000001,.60000002,.69999999,.69999999,0,2009m6,234
8/12/2009,0,8/12/2009,1,0,0,0,0,0,-.0049999999,-.015,-.0099999998,0,-.02,-.045000002,-.029999999,-.029999999,-.015,-.0125,-.015,-.0049999999,-.0049999999,-.0041,.0153,.025699999,.0307,-.29132527,-.32314193,-.5554384,-.0049999999,.10720012,-5.0361242,6.7732968,.50188482,8.4312201,.24748306,0,,-.0165,,.0068999999,.020699978,.014999866,.47932857,.16647591,12aug09,01aug2009,18121,01aug2009,20090812,20090806,20090806,18121,2009.3,-2.7,-5.4,-6.4,-1.5,.8,1.7,2.5,3,3.4,3.6,,,,,4,.1,1.9,.2,.8,1.2,1.1,1.2,1.1,1,,,,,6,6.9,8.1,9.199999999999999,9.800000000000001,10,10,9.9,9.800000000000001,9.6,,,,,18115,198,-.5,.1,.1,.2,.2,.80000001,-.80000001,-.40000001,-.30000001,0,-.1,0,0,0,0,0,2009m8,235
9/23/2009,0,9/23/2009,1,-.0099999998,-.01576923,0,-.0099999998,-.015,-.02,-.02,-.035,-.050000001,-.1,-.125,-.13500001,-.13500001,-.13500001,-.125,-.115,-.0051000002,-.01135,-.086999997,-.083750002,-.076399997,-.060899999,.51329827,.51461989,.30440369,-.015,-.013244225,-4.8809543,15.125444,-.19086307,6.9331307,.27870637,0,,-.0074999998,,-.038400002,-.061600089,-.049099922,-.32830805,-.49217981,23sep09,01sep2009,18163,01sep2009,20090923,20090916,20090916,18163,2009.3,,,-6.4,-1,2.5,3.2,2.8,3.2,3.8,4.2,4.4,4.5,4.6,4.6,,,1.9,0,.7,1,1.4,1.2,1.1,1.1,1.2,1.1,1,1,,,8.1,9.199999999999999,9.6,9.9,9.800000000000001,9.6,9.4,9.199999999999999,8.800000000000001,8.5,8.199999999999999,7.9,18156,198,.5,1.7,1.5,.30000001,.2,-.2,-.1,-.2,.30000001,0,0,-.2,-.1,-.2,-.30000001,0,2009m9,236
11/4/2009,0,11/4/2009,1,-.0057692309,-.0093461536,-.0049999999,-.0074999998,-.0099999998,-.0099999998,-.015,-.02,-.015,-.015,-.035,-.039999999,-.035,-.035,-.02,-.0049999999,-.0076000001,-.0126,-.031800002,.0051000002,.024599999,.034499999,.084351398,0,.087559775,-.0099900002,-.068876132,-4.6795721,4.1782632,-.097169966,6.9228053,.56915945,1,,.0073000002,,-.0141,.0050998931,.007699966,-.051417273,.065984823,04nov09,01nov2009,18205,01nov2009,20091104,20091029,20091029,18205,2009.4,,-6.4,-.7,3.4,2.8,3.2,3.2,3.5,3.9,4.2,4.4,4.5,4.5,,,1.9,0,.8,.3,1.7,1.3,1.2,1.1,1.2,1.1,1,1,,,8.1,9.199999999999999,9.6,10.1,10.1,9.9,9.699999999999999,9.5,9.199999999999999,8.9,8.6,8.199999999999999,,18199,199,.89999998,-.40000001,.40000001,0,-.30000001,.1,-.69999999,.30000001,.1,.1,0,.2,.30000001,.30000001,.30000001,0,2009m11,237
12/16/2009,0,12/16/2009,1,-.025833333,0,-.0125,-.015,0,-.0024999999,-.0099999998,.0024999999,-.0049999999,-.0049999999,0,.015,.025,.029999999,.039999999,.039999999,-.0024999999,-.0051000002,.0081000002,.0253,.032400001,.030300001,-.053888503,-.044903457,-.17876787,-.0049999999,.1712874,-3.8084366,5.4332094,.13269696,8.5683851,.5805282,0,,-.0015,,.035500001,.011799932,.025100112,.18219203,.22276676,16dec09,01dec2009,18247,01dec2009,20091216,20091209,20091209,18247,2009.4,,-6.4,-.7,2.5,3.8,3.6,3.5,3.6,3.8,4.2,4.5,4.6,4.7,,,1.9,0,.5,.7,1.3,1.5,1.3,1.1,1.3,1.1,1.1,1,,,8.1,9.199999999999999,9.6,10.1,10.1,9.9,9.800000000000001,9.6,9.199999999999999,9,8.699999999999999,8.300000000000001,,18240,199,-.89999998,1,.40000001,.30000001,.1,-.30000001,.40000001,-.40000001,.2,.1,0,0,0,0,.1,0,2009m12,238
1/27/2010,0,1/27/2010,1,-.0049999999,.0053333328,0,-.0049999999,0,0,0,.0049999999,-.0049999999,.015,.039999999,.064999998,.075000003,.079999998,.085000001,.079999998,.0076000001,.0051000002,.053350002,.045299999,.027100001,.0059000002,.081419364,.20770828,-.22073483,,-.19598356,-3.2411509,.99100626,.2927033,1.2079979,.4327006,1,,.0195,,.0583,.024999976,.0099000931,.22390717,.43565685,27jan10,01jan2010,18289,01jan2010,20100127,20100120,20100120,18289,2010.1,-6.4,-.7,2.2,5.3,2.8,3.8,3.9,4,4.3,4.7,4.9,5,,,1.9,0,.4,.8,1.9,1.1,1.2,1.1,1.2,1.1,1,1,,,8.199999999999999,9.300000000000001,9.699999999999999,10,10.1,9.9,9.699999999999999,9.5,9.1,8.9,8.6,8.199999999999999,,,18282,200,1.5,-.80000001,.30000001,.30000001,.2,.1,.60000002,-.40000001,-.1,0,-.1,0,0,-.1,-.1,0,2010m1,239
3/16/2010,0,3/16/2010,1,-.010333333,-.0099999998,-.0049999999,-.0074999998,-.0099999998,-.0099999998,-.0099999998,-.02,-.015,-.039999999,-.050000001,-.059999999,-.055,-.059999999,-.055,-.055,-.0026,-.0127,-.0405,-.037,-.018999999,.00050000002,.19366747,.17331022,.15294975,,.0061797751,-2.0026817,5.2249455,.044406794,.40284267,.32632458,0,,-.039999999,,-.030099999,-.017099977,0,-.1488663,-.12143961,16mar10,01mar2010,18337,01mar2010,20100316,20100310,20100310,18337,2010.1,-6.4,-.7,2.2,5.6,2.2,3.6,3.5,3.8,4,4.3,4.6,4.7,,,1.9,0,.4,.4,2,.8,1.2,.9,1,.9,.9,.9,,,8.199999999999999,9.300000000000001,9.699999999999999,10,9.699999999999999,9.6,9.6,9.4,9,8.800000000000001,8.6,8.300000000000001,,,18331,200,.30000001,-.60000002,-.2,-.40000001,-.2,-.40000001,.1,-.30000001,0,-.2,0,-.40000001,-.30000001,-.1,-.1,0,2010m3,240
4/28/2010,0,4/28/2010,1,0,-.0099999998,-.0024999999,0,-.0049999999,-.0099999998,-.015,-.02,-.0099999998,-.0099999998,-.015,-.0099999998,0,.0049999999,.0049999999,.0099999998,-.0024999999,-.0024999999,-.0038999999,.0102,.0135,.0116,.1587175,.16845651,.22796352,,-.070844017,-1.298784,8.0862455,-.13177273,2.6836698,.45242354,1,,-.0099999998,,.0122,.003499985,0,-.16845421,.12745619,28apr10,01apr2010,18380,01apr2010,20100428,20100421,20100422,18380,2010.2,-.7,2.2,5.6,2.9,3.5,3.6,3.8,4,4.3,4.6,4.7,,,,0,.4,.5,1.1,1,1.3,1,1,.9,.9,.8,,,,9.300000000000001,9.699999999999999,10,9.699999999999999,9.5,9.5,9.300000000000001,8.9,8.699999999999999,8.5,8.199999999999999,,,,18373,201,.69999999,-.1,.1,0,0,-.89999998,.2,.1,.1,0,0,-.1,-.1,-.1,-.1,0,2010m4,241
6/23/2010,0,6/23/2010,1,.0049999999,-.002380952,0,.0049999999,0,0,0,0,.0049999999,-.0049999999,.0049999999,.0049999999,-.0049999999,-.0099999998,-.0099999998,-.0099999998,0,0,-.0040000002,-.0049999999,-.0018,-.0038999999,.33745474,.3443526,.39902279,,-.22176492,-.38085669,-5.7296333,-.52566558,-.5526396,.16648151,1,,.02,,-.0065000001,.0033999679,0,-.3086994,-.088770531,23jun10,01jun2010,18436,01jun2010,20100623,20100616,20100616,18436,2010.2,-.7,2.2,5.6,3.1,3.6,2.7,3.2,3.3,3.5,3.8,4.1,,,,0,.4,.5,1,1.1,.6,1,.9,.8,.8,.7,,,,9.300000000000001,9.699999999999999,10,9.699999999999999,9.800000000000001,9.699999999999999,9.5,9.300000000000001,9.1,8.9,8.6,,,,18429,201,.2,.1,-.89999998,-.60000002,-.69999999,-.1,.1,-.69999999,0,-.1,0,.30000001,.2,.2,.40000001,0,2010m6,242
8/10/2010,0,8/10/2010,1,.0036904761,-.008611111,.0024999999,0,.0049999999,0,0,-.0049999999,-.0099999998,-.02,-.035,-.039999999,-.045000002,-.055,-.055,-.059999999,0,.0024999999,-.015900001,-.055300001,-.062199999,-.034200002,.72681975,.71861666,.77791339,,-.16268487,-.042930301,-.031914443,-.74401021,4.7368212,-.010079455,0,,-.028000001,,-.052700002,-.040809989,-.04519999,-.71949524,-.6406523,10aug10,01aug2010,18484,01aug2010,20100810,20100804,20100804,18484,2010.3,1.6,5,3.7,2.1,2.4,2.6,3,3.4,3.9,4.3,,,,,.7,-.2,1,1.8,1.3,.8,1.1,.9,.9,1,,,,,9.699999999999999,10,9.699999999999999,9.699999999999999,9.699999999999999,9.699999999999999,9.5,9.4,9.199999999999999,8.9,,,,,18478,202,-1.5,-.30000001,-.60000002,-.30000001,-.1,.69999999,.69999999,-.2,.2,.1,-.1,0,.2,.2,.30000001,0,2010m8,243
9/21/2010,0,9/21/2010,1,0,.0055555562,0,0,.0049999999,.0049999999,0,0,0,-.0099999998,-.015,-.015,-.02,-.025,-.035,-.035,0,-.0026,-.0040000002,-.021400001,-.0071999999,.0026,.59315002,.59523809,.7078703,,.044248525,.072911754,2.3615859,-.60704851,8.646986,.16071087,0,,.0060000001,,-.0136,0,-.0025999551,-.61236078,-.15245691,21sep10,01sep2010,18526,01sep2010,20100921,20100915,20100915,18526,2010.3,,,3.7,1.7,1.7,2.4,2.5,3.1,3.6,4.1,4.3,4.4,4.4,4.5,,,1,1.9,1.9,.4,1.2,1,.9,.9,1.2,1.2,1.1,1.1,,,9.699999999999999,9.699999999999999,9.6,9.699999999999999,9.6,9.5,9.300000000000001,9.1,8.9,8.699999999999999,8.300000000000001,8,18520,202,-.40000001,-.69999999,-.2,-.5,-.30000001,.1,.60000002,-.40000001,.1,.1,0,-.1,0,.1,.1,0,2010m9,244
11/3/2010,0,11/3/2010,1,.0083333328,.020490196,.0074999998,.015,.0049999999,.0099999998,.0099999998,.0049999999,.0049999999,-.0099999998,0,-.0049999999,-.015,-.02,-.025,-.035,-.0051000002,0,-.0118,-.040199999,.067000002,.14875001,-.33040017,-.37878788,-.163573,,.13594185,.42887405,5.8401594,-.34574902,11.020934,.22529976,1,,.0024999999,,-.0407,.067849994,.1214,.19042403,.28325123,03nov10,01nov2010,18569,01nov2010,20101103,20101027,20101027,18569,2010.4,,3.7,1.7,1.7,2.4,2.7,3.4,4,4.4,4.6,4.7,4.8,4.8,,,1,1.9,2.1,.4,1.2,1.1,1,1,1.3,1.2,1.2,1.2,,,9.699999999999999,9.699999999999999,9.6,9.699999999999999,9.5,9.5,9.199999999999999,9,8.800000000000001,8.6,8.199999999999999,7.9,,18562,203,0,0,.2,.30000001,.40000001,.2,0,0,.1,.1,0,0,-.1,0,-.1,0,2010m11,245
12/14/2010,0,12/14/2010,1,.004558824,.0049999999,.0024999999,.0049999999,.0049999999,.0049999999,0,0,.0049999999,0,0,-.0049999999,-.0049999999,0,0,0,.0026,.0024999999,-.016100001,-.0034,.0155,.0108,.0020073471,0,-.089398794,,-.24455155,.78423351,11.152767,.60735881,14.931729,.33062321,0,,.0080000004,,.0143,.020699978,.005499959,.07071957,.047973134,14dec10,01dec2010,18610,01dec2010,20101214,20101208,20101208,18610,2010.4,,3.7,1.7,2.7,2.5,3.4,3.5,3.7,4.3,4.3,4.4,4.5,4.5,,,1,1.9,2.3,.2,1.2,.9,.8,.8,1.1,1.1,1.1,1.1,,,9.699999999999999,9.699999999999999,9.6,9.699999999999999,9.5,9.4,9.1,8.9,8.800000000000001,8.6,8.300000000000001,8,,18604,203,1,.1,.69999999,.1,-.30000001,.2,-.2,0,-.2,-.2,0,0,0,-.1,-.1,0,2010m12,246
1/26/2011,0,1/26/2011,1,-.0049999999,-.0049999999,0,-.0049999999,-.0049999999,0,-.0049999999,-.0049999999,-.0049999999,-.0049999999,-.0099999998,-.02,-.029999999,-.035,-.035,-.029999999,-.0024999999,-.0049999999,-.0276,-.0083999997,.01475,.030099999,-.055877116,-.077264823,.029265437,,-.14128612,.79420614,8.9821806,.85194844,9.2070589,.36643854,1,,-.01425,,-.0035999999,.019299984,.024800062,-.0057715988,.048478972,26jan11,01jan2011,18653,01jan2011,20110126,20110119,20110119,18653,2011.1,3.7,1.7,2.6,3.8,3.6,3.7,3.8,4.2,4.3,4.4,4.5,4.6,,,1,1.9,2.1,0,2,1,1,.9,1.1,1.1,1.1,1.1,,,9.699999999999999,9.6,9.6,9.6,9.5,9.300000000000001,9.1,8.9,8.699999999999999,8.4,8.1,7.8,,,18646,204,1.3,.2,.2,.1,-.1,-.2,.80000001,.1,.2,.1,-.1,0,-.1,0,0,0,2011m1,247
3/15/2011,0,3/15/2011,1,-.00484375,0,-.0024999999,0,0,0,.0049999999,0,0,0,.0049999999,.02,.035,.039999999,.055,.059999999,0,0,.028100001,.0396,.022,-.00135,.28295574,.29354209,-.014309222,,-.04005729,1.0852232,5.3968649,.077693634,8.6555624,.22431709,0,,.0080000004,,.0147,.011489987,.0072000031,.007852478,-.086462453,15mar11,01mar2011,18701,01mar2011,20110315,20110309,20110309,18701,2011.1,3.7,1.7,2.6,3.2,3.2,3.8,3.9,4,4.2,4.4,4.4,4.5,,,1,1.9,2.1,.4,1.6,2.4,1,1,1.3,1.3,1.3,1.3,,,9.699999999999999,9.6,9.6,9.6,9,8.9,8.699999999999999,8.6,8.4,8.1,7.8,7.5,,,18695,204,-.60000002,-.40000001,.1,.1,-.2,.40000001,-.40000001,1.4,0,.1,0,-.5,-.40000001,-.40000001,-.30000001,0,2011m3,248
4/27/2011,0,4/27/2011,1,-.0049999999,-.0049999999,0,-.0049999999,-.0049999999,-.0049999999,0,-.0049999999,-.015,-.02,-.025,-.029999999,-.039999999,-.039999999,-.039999999,-.039999999,-.0024999999,-.0026,-.0277,-.026699999,.0037,.020199999,.44876033,.44701061,.59349203,,-.001989248,1.1287121,4.8584223,.037130024,10.623243,.21374038,1,1,.0015,,-.048700001,.029579997,.014200091,-.54481345,-.48420289,27apr11,01apr2011,18744,01apr2011,20110427,20110420,20110420,18744,2011.2,1.7,2.6,3.1,1.7,3.1,4.1,3.8,4,4.2,4.2,4.3,,,,1.9,2.1,.4,1.9,2.9,1.2,1.2,1.5,1.4,1.4,1.4,,,,9.6,9.6,9.6,8.9,8.9,8.800000000000001,8.699999999999999,8.5,8.199999999999999,7.9,7.7,,,,18737,205,-1.5,-.69999999,.2,-.2,-.2,.30000001,.5,.2,.2,.2,-.1,0,.1,.1,.1,0,2011m4,249
6/22/2011,0,6/22/2011,1,-.0093750004,.0038352271,-.0024999999,-.0049999999,0,0,-.0024999999,0,-.0049999999,-.0049999999,0,.0099999998,.025,.039999999,.055,.07,-.0076000001,-.0026,.020199999,.05325,.047400001,.0253,-.18408814,-.1743848,-.31213152,,-.23737682,1.0836868,1.2669505,-.32605857,-3.8347497,.33653209,1,1,.017999999,,.068300001,.056589961,.0097999573,.28420898,.36213785,22jun11,01jun2011,18800,01jun2011,20110622,20110615,20110615,18800,2011.2,1.7,2.6,3.1,2.1,1.9,3.9,2.9,3.1,3.3,3.7,3.9,,,,1.9,2.1,.4,2,3.8,1.6,1.3,1.6,1.5,1.5,1.5,,,,9.6,9.6,9.6,8.9,9,9,8.9,8.800000000000001,8.6,8.4,8.1,,,,18793,205,.40000001,-1.2,-.2,-.89999998,-.89999998,.1,.89999998,.40000001,.1,.1,0,.1,.2,.2,.30000001,0,2011m6,250
8/9/2011,0,8/9/2011,1,-.0070454548,-.00022727301,-.0049999999,-.0049999999,-.0049999999,0,0,0,.025,0,-.039999999,-.085000001,-.13500001,-.19499999,-.245,-.285,-.0153,-.0076000001,-.095200002,-.13429999,-.0242,.040899999,-.95079774,-1.0600706,.17578399,,.022416633,1.3019103,-17.615978,-.90982324,-5.7379584,.43089712,0,0,-.0089999996,-.089000002,-.0814,.029939,.052899957,-.18761726,-.16845925,09aug11,01aug2011,18848,01aug2011,20110809,20110803,20110803,18848,2011.3,2.5,2.3,.4,1.4,2.9,2.4,2.4,2.9,3.2,3.4,,,,,1.4,1.9,2.5,2.3,2.1,1.2,.7,2.9,1.3,1.2,,,,,9.6,9.6,8.9,9.1,9.199999999999999,9.199999999999999,9.1,8.9,8.699999999999999,8.5,,,,,18842,206,-.5,-1,-.5,-.69999999,-.40000001,-1.5,.5,-.1,-.89999998,1.4,.1,.2,.30000001,.30000001,.30000001,0,2011m8,251
9/21/2011,0,9/21/2011,1,.0083333328,.020833332,.0024999999,.015,.02,.015,.015,.015,.055,.079999998,.11,.094999999,.085000001,.079999998,.085000001,.07,.0026,.00875,.044399999,.0274,-.049899999,-.15889999,-.25006691,-.69356871,-.61683601,,-.16488031,1.5242828,-5.6135626,-1.1773728,-2.4350221,.41037998,0,0,.036499999,.033,.0262,-.02689,-.085500002,.5401817,.3668763,21sep11,01sep2011,18891,01sep2011,20110921,20110914,20110914,18891,2011.3,,,.4,1.2,2.5,2,2.2,2.3,2.7,3,3.2,3.3,3.5,3.6,,,2.5,2.4,2.8,1.8,.7,2.1,1.2,1.2,.9,2.2,1.3,1.2,,,8.9,9.1,9.1,9.1,9.1,9,8.9,8.699999999999999,8.5,8.4,8.300000000000001,8.1,18884,206,-.2,-.40000001,-.40000001,-.2,-.60000002,.1,.69999999,.60000002,0,-.80000001,0,-.1,-.1,0,.1,0,2011m9,252
11/2/2011,0,11/2/2011,1,0,.008611111,0,.0049999999,.0049999999,.0049999999,.0049999999,.0049999999,.0049999999,.0175,.015,.015,.015,.015,.02,.02,0,0,.0078999996,.0078999996,-.0176,-.0287,.0068715191,0,-.17421603,,-.068334557,1.4682565,-5.4827209,-.72695464,-7.5874004,.31566143,1,1,.028000001,.011,-.0066,-.019340999,-.029200017,.15660129,.06405329,02nov11,01nov2011,18933,01nov2011,20111102,20111026,20111026,18933,2011.4,,.4,1.3,2.7,2.5,2.4,2.5,2.6,2.7,2.9,3.1,3.4,3.5,,,2.5,2.5,2.5,1.4,1.1,2.4,1.4,1.2,1,2.3,1.4,1.3,,,8.9,9.1,9.1,9.1,9,8.9,8.800000000000001,8.6,8.4,8.4,8.300000000000001,8.1,,18926,207,.2,.5,.2,.2,-.1,-.30000001,-.40000001,.40000001,.30000001,.2,0,0,-.1,-.1,-.1,0,2011m11,253
12/13/2011,0,12/13/2011,1,.004305556,-.0049999999,.0024999999,0,-.0049999999,0,0,.0049999999,.0024999999,.0099999998,.0099999998,.0099999998,.0099999998,.0099999998,.015,.015,0,-.0026,0,-.0016,-.0156,-.025900001,-.70102561,-.80353558,-.32826933,,-.053239722,1.5607898,6.8827085,.072652124,-11.084255,.29339689,0,0,.0049999999,.0060000001,.0035000001,-.0086010024,-.024599969,.27527183,.089858793,13dec11,01dec2011,18974,01dec2011,20111213,20111207,20111207,18974,2011.4,,.4,1.3,1.9,3.2,2.1,1.9,2.5,2.9,2.2,2.3,2.5,2.9,,,2.5,2.5,2.5,1,1.7,1.6,1.6,1.4,1.5,1.4,1.4,1.4,,,8.9,9.1,9.1,8.800000000000001,8.800000000000001,8.800000000000001,8.699999999999999,8.6,8.5,8.4,8.300000000000001,8.199999999999999,,18968,207,-.80000001,.69999999,-.30000001,-.60000002,-.1,0,-.40000001,.60000002,-.80000001,.2,0,-.30000001,-.2,-.1,-.1,0,2011m12,254
1/25/2012,0,1/25/2012,1,-.0049999999,.0036111111,-.0024999999,-.0049999999,0,0,0,-.0049999999,-.0024999999,-.015,-.015,-.015,-.015,-.02,-.025,-.039999999,-.0051000002,-.0044,-.0156,-.055,-.024700001,-.0017,.87774843,.91866028,.73552066,,.042680256,1.8237265,8.3049307,-.18294144,.37057105,.49959958,1,1,.0049999999,-.0085000005,-.1051,-.085659981,-.058000028,-.65514445,-.40952137,25jan12,01jan2012,19017,01jan2012,20120125,20120118,20120118,19017,2012.1,.4,1.3,1.8,2.9,1.6,1.8,2.3,2.7,2.1,2.2,2.4,2.8,,,2.5,2.5,2.6,.9,1.7,1.7,1.5,1.4,1.5,1.4,1.4,1.4,,,9,9.1,9.1,8.699999999999999,8.699999999999999,8.699999999999999,8.6,8.6,8.5,8.4,8.300000000000001,8.199999999999999,,,19010,208,-.30000001,-.5,-.1,-.2,-.2,-.1,0,.1,-.1,0,-.1,-.1,-.1,-.1,0,0,2012m1,255
3/13/2012,0,3/13/2012,1,0,0,0,-.0049999999,0,0,0,0,.0024999999,.0099999998,.015,.025,.025,.029999999,.035,.029999999,0,.0051000002,.0080000004,.0276,.0352,.031500001,-.001807645,-.018076645,-.28220579,,-.011982294,1.8609751,8.5709343,-.083373465,2.9123411,.5102914,0,0,.0049999999,.0089999996,.0107,.029990003,.02670002,.25377539,.31438935,13mar12,01mar2012,19065,01mar2012,20120313,20120307,20120307,19065,2012.1,.4,1.3,1.8,3.1,1.8,2.2,2.6,2.9,2.3,2.6,2.8,3,,,2.5,2.5,2.6,.9,1.5,2,1.5,1.4,1.5,1.5,1.5,1.5,,,9,9.1,9.1,8.699999999999999,8.4,8.4,8.300000000000001,8.199999999999999,8.1,8,7.9,7.8,,,19059,208,.2,.2,.40000001,.30000001,.2,0,-.2,.30000001,0,0,0,-.30000001,-.30000001,-.30000001,-.40000001,0,2012m3,256
4/25/2012,0,4/25/2012,1,-.0049999999,-.0049999999,-.0024999999,-.0049999999,-.0049999999,0,0,-.0049999999,0,-.0099999998,-.0099999998,-.0099999998,-.015,-.015,-.015,-.0099999998,.0024999999,-.0024999999,-.0077999998,-.0063999998,.0079500005,.0151,.2604129,.25325614,.098417744,,-.20446837,1.6788754,4.212204,-.11567399,-1.9074641,.58207852,1,1,-.003,-.0080000004,-.019099999,-.003109992,.001999974,-.11561424,-.049152125,25apr12,01apr2012,19108,01apr2012,20120425,20120418,20120418,19108,2012.2,1.3,1.8,3,2.5,2.1,2.5,2.9,2.4,2.7,2.9,3.1,,,,2.5,2.6,.9,2,1.4,1.8,1.5,1.6,1.6,1.6,1.6,,,,9.1,9.1,8.699999999999999,8.199999999999999,8.199999999999999,8.1,8,7.9,7.9,7.8,7.7,,,,19101,209,.69999999,-.1,-.1,0,.1,.5,-.60000002,.30000001,.1,.1,-.2,-.2,-.2,-.2,-.2,0,2012m4,257
6/20/2012,0,6/20/2012,1,.015,.004666667,.0049999999,.0099999998,.0049999999,.0099999998,.0099999998,.0099999998,.015,.015,.015,.0049999999,0,.0049999999,0,0,-.0051000002,,.020199999,.0081000002,-.0307,-.067000002,-.33939868,-.37112638,-.25198835,,-.18931545,1.5650289,-3.3448124,-.8554402,-9.295476,.24120349,1,1,.0115,.0049999999,.030300001,.00076997298,-.033400029,.20264545,-.03773585,20jun12,01jun2012,19164,01jun2012,20120620,20120613,20120613,19164,2012.2,1.3,1.8,3,2.2,1.5,1.9,1.9,1.7,2.1,2.3,2.5,,,,2.5,2.6,.9,1.7,1.3,2.2,1.6,1.6,1.5,1.5,1.5,,,,9.1,9.1,8.699999999999999,8.199999999999999,8.199999999999999,8.199999999999999,8.199999999999999,8.1,8.1,8,8,,,,19157,209,-.30000001,-.60000002,-.60000002,-1,-.69999999,-.30000001,-.1,.40000001,.1,0,0,0,.1,.2,.2,0,2012m6,258
8/1/2012,0,8/1/2012,1,.0155,.014617647,.015,.015,.0049999999,.0049999999,.0049999999,.0099999998,.0099999998,.0099999998,.015,.015,.02,.025,.035,.045000002,.0051000002,.0024999999,.0196,.039900001,.0255,.0101,-.14782287,-.16357689,-.47154471,,.075424649,1.6261865,-1.7278765,-.52757615,1.0162048,.35923585,0,0,.0125,.021,.037099998,.025340021,.005400002,.42269874,.42258933,01aug12,01aug2012,19206,01aug2012,20120801,20120725,20120725,19206,2012.3,1.8,3,1.9,1,1.5,1.8,1.6,2,2.2,2.5,,,,,2.6,.9,2,.8,2.2,1.9,1.6,1.5,1.4,1.4,,,,,9.1,8.699999999999999,8.199999999999999,8.199999999999999,8.300000000000001,8.300000000000001,8.199999999999999,8.199999999999999,8.1,8.1,,,,,19199,210,-.5,-.40000001,-.1,-.1,-.1,-.5,0,.30000001,0,0,0,.1,.1,.1,.1,0,2012m8,259
9/13/2012,0,9/13/2012,1,.013235294,.0049999999,.0074999998,.0099999998,.0049999999,.0099999998,.0049999999,.015,.0049999999,.0024999999,0,-.0049999999,-.0099999998,-.0099999998,-.015,-.02,.0026,.0049999999,.014,-.0104,.0121,.0601,1.556515,1.5831593,.69789082,,-.099580564,1.6285992,9.3041353,.25176206,16.639833,.4143987,1,1,.0040000002,-.0040000002,-.1019,-.052049994,-.005899996,-.5395503,.10330579,13sep12,01sep2012,19249,01sep2012,20120913,20120905,20120905,19249,2012.3,1.3,4.1,2,1.7,1.3,1.7,2,2.3,2.6,2.8,,,,,3,.4,2,1.6,2.9,1.4,1.4,1.5,1.5,1.4,,,,,9.1,8.699999999999999,8.199999999999999,8.199999999999999,8.300000000000001,8.300000000000001,8.199999999999999,8.199999999999999,8.1,8,,,,,19241,210,.69999999,-.2,-.1,.40000001,.30000001,.80000001,.69999999,-.5,-.2,0,0,0,0,0,0,0,2012m9,260
10/24/2012,0,10/24/2012,1,0,-.0081578949,0,0,-.0049999999,0,.0049999999,0,0,0,-.0024999999,0,-.0049999999,-.0049999999,-.0049999999,-.0099999998,.0049999999,0,0,-.0114,-.0018,.0055999998,.003180594,-.017733641,.03857727,,-.041914918,1.5829924,4.5303221,.38164708,3.22403,.51648331,0,0,.00050000002,-.0020000001,-.0081000002,.00150001,.003800005,-.020632351,0,24oct12,01oct2012,19290,01oct2012,20121024,20121017,20121017,19290,2012.4,4.1,2,1.3,2,2,1.8,2.5,3,3.1,,,,,,.4,2,1.6,3,2.1,1,1.4,1.3,1.3,,,,,,8.699999999999999,8.199999999999999,8.199999999999999,8.1,8,8,8,7.9,7.8,,,,,,19283,211,.69999999,.30000001,-.2,.2,.40000001,.1,.69999999,-.40000001,-.1,-.2,-.2,-.30000001,-.2,-.2,-.2,0,2012m10,261
12/12/2012,0,12/12/2012,1,.004078947,0,.0024999999,.0049999999,0,0,-.0049999999,-.0049999999,-.0024999999,-.0049999999,-.0049999999,-.0049999999,-.0049999999,-.0049999999,0,.0099999998,-.0026,-.0049999999,.0040000002,.0128,.0482,.0548,.032506116,.034958921,.23002607,,.071145721,1.6316109,-.29930717,-.037806559,-4.0763807,.73733193,1,1,-.0024999999,.0040000002,-.0033,.057700038,.064200014,-.14191847,.14447388,12dec12,01dec2012,19339,01dec2012,20121212,20121205,20121205,19339,2012.4,,2,1.3,2.8,.9,1.7,2.5,2.8,2.9,2.9,3.1,3.3,3.4,,,,1.6,2.7,1.7,1.4,1.4,1.4,1.3,1.5,1.4,1.4,1.4,,,8.199999999999999,8.199999999999999,8.1,8,7.9,7.9,7.9,7.8,7.7,7.7,7.5,7.4,,19332,211,.80000001,-1.1,-.1,0,-.2,-.30000001,-.40000001,.40000001,0,.1,0,0,-.1,-.1,0,0,2012m12,262
1/30/2013,0,1/30/2013,1,.0049999999,-.0090909088,0,.0049999999,0,.0049999999,0,.0049999999,0,0,-.0049999999,-.0049999999,-.0099999998,-.0099999998,-.0099999998,-.0049999999,-.0051000002,0,-.0058499998,-.0144,-.0108,-.0113,-.071348451,-.099850222,.029476788,,-.043757223,1.4987134,5.0335965,.29778776,-.39918315,.77254874,0,0,-.001,-.0070000002,-.0155,-.0087999701,-.0097000003,-.020186728,.010974539,30jan13,01jan2013,19388,01jan2013,20130130,20130123,20130123,19388,2013.1,2,1.3,3.1,.1,2.7,2.4,2.7,2.8,2.5,3.1,3.5,3.7,,,,1.6,2.7,1.2,1,1.8,1.4,1.3,1.5,1.5,1.5,1.5,,,8.199999999999999,8.199999999999999,8,7.8,7.8,7.7,7.7,7.6,7.5,7.4,7.2,7.1,,,19381,212,-.80000001,1,-.1,-.1,-.1,-.5,-.40000001,.40000001,0,0,-.2,-.1,-.2,-.2,-.2,0,2013m1,263
3/20/2013,0,3/20/2013,1,0,.005166667,0,.0049999999,.0049999999,.0049999999,0,0,0,0,.0049999999,0,.0024999999,.0049999999,.0049999999,.0049999999,0,.0026,0,0,.0087000001,.0074,.13619778,.14516129,-.015446401,,.088990405,1.440807,8.0572443,.2422293,-1.0959953,.65017378,1,1,-.00050000002,0,0,.013399959,.012199998,.065264687,.35531405,20mar13,01mar2013,19437,01mar2013,20130320,20130313,20130313,19437,2013.1,2,1.3,3.1,.6,2.8,1.8,2.7,3,2.6,3,3.5,3.7,,,,1.6,2.7,.9,1.4,1.5,1.5,1.4,1.6,1.5,1.5,1.5,,,8.199999999999999,8.199999999999999,8,7.8,7.8,7.7,7.6,7.5,7.4,7.3,7.2,7.1,,,19430,212,.5,.1,-.60000002,0,.2,-.30000001,.40000001,-.30000001,.1,.1,0,0,0,-.1,-.1,0,2013m3,264
5/1/2013,0,5/1/2013,1,0,0,0,0,0,-.0049999999,0,0,-.0049999999,-.0049999999,-.0049999999,0,0,0,.0099999998,0,0,0,.0038999999,.0080000004,.0153,.015699999,.17504022,.2689448,.12881716,,.000402651,1.518765,6.104722,-.35403866,-4.0203347,.5434469,0,0,-.0035000001,.001,.0059000002,.014999986,.013599992,-.092591457,.13377239,01may13,01may2013,19479,01may2013,20130501,20130424,20130424,19479,2013.2,1.3,3.1,.4,3.1,1.5,2.4,3.2,2.9,3.1,3.4,3.5,,,,1.6,2.7,1,1.3,.7,1.7,1.7,1.8,1.7,1.6,1.5,,,,8.199999999999999,8,7.8,7.7,7.6,7.5,7.4,7.3,7.2,7.1,6.9,,,,19472,213,.30000001,-.30000001,-.30000001,.2,.30000001,-.1,-.80000001,.2,.30000001,.2,-.1,-.1,-.1,-.1,-.1,0,2013m5,265
6/19/2013,0,6/19/2013,1,0,.0049999999,0,.003,.0049999999,.0049999999,0,.0049999999,.0099999998,.0099999998,.02,.029999999,.050000001,.079999998,.11,.145,.0024999999,-.0024999999,.0403,.15710001,.1162,.057,-.62246388,-.63646007,-.93980753,,-.019860318,1.6774907,5.6737285,.41933957,-6.352725,.73270321,1,1,.0049999999,.034000002,.1832,.18980001,.14409995,1.0491421,1.5431451,19jun13,01jun2013,19528,01jun2013,20130619,20130612,20130612,19528,2013.2,1.3,3.1,.4,2.2,1.8,2.5,3.3,3.2,3.3,3.5,3.6,,,,1.6,2.7,1,1.2,.2,1.3,1.5,1.6,1.6,1.5,1.5,,,,8.199999999999999,8,7.8,7.7,7.5,7.4,7.3,7.1,7,6.8,6.6,,,,19521,213,-.89999998,.30000001,.1,.1,.30000001,-.1,-.5,-.40000001,-.2,-.2,0,-.1,-.1,-.1,-.2,0,2013m6,266
7/31/2013,0,7/31/2013,1,0,0,0,0,0,0,0,-.0049999999,0,0,-.0049999999,-.0099999998,-.015,-.015,-.02,-.025,-.0026,-.0051000002,-.0078999996,-.035799999,-.034200002,-.0231,-.040835287,-.059347183,.007525587,,-.080363564,1.6515005,6.3493552,1.2541935,-8.504611,.76770145,0,0,-.003,-.011,-.040199999,-.039499998,-.023000002,.0097815059,-.061037641,31jul13,01jul2013,19570,01jul2013,20130731,20130724,20130724,19570,2013.3,3.1,.4,1.8,1.1,2.3,3.3,3.2,3.3,3.3,3.4,,,,,2.7,1,1.2,0,2,1.1,1.6,1.6,1.5,1.5,,,,,8,7.8,7.7,7.5,7.5,7.4,7.2,7.1,6.9,6.8,,,,,19563,214,-.69999999,-.2,0,0,0,-.2,.69999999,-.40000001,0,0,0,.1,.1,.1,.1,0,2013m7,267
9/18/2013,0,9/18/2013,1,0,-.0049999999,0,0,-.0049999999,0,-.0049999999,-.0099999998,-.015,-.025,-.02,-.039999999,-.075000003,-.115,-.16,-.205,-.0051000002,-.0049999999,-.0524,-.22050001,-.1858,-.094899997,1.2654511,1.2626634,.95715249,,-.058344133,1.6982917,4.6852493,.87355715,-2.1202123,.68165857,1,1,-.012,-.052000001,-.2811,-.22759998,-.10940003,-.90600508,-.74845755,18sep13,01sep2013,19619,01sep2013,20130918,20130911,20130911,19619,2013.3,,,1.1,2.9,2.2,2.7,2.7,3,3.4,3.3,3.4,3.5,3.5,3.4,,,,.8,1.9,1.3,1.4,1.5,1.4,1.4,1.6,1.6,1.6,1.6,,,7.7,7.5,7.3,7.2,7,6.9,6.7,6.6,6.4,6.2,6,5.8,19612,214,1.8,-.1,-.60000002,-.5,-.30000001,.80000001,-.1,.2,-.2,-.1,0,-.2,-.2,-.2,-.2,0,2013m9,268
10/30/2013,0,10/30/2013,1,0,0,0,0,0,0,-.0049999999,0,0,0,.0049999999,.0049999999,.015,.02,.025,.035,0,0,.0058499998,.0405,.043400001,.030200001,-.29327837,-.32647267,-.3413465,,-.098500349,1.7467661,5.0119243,-.15161295,1.4646679,.63264728,0,0,0,.011,.030300001,.034299999,.023100019,.33194605,.35652441,30oct13,01oct2013,19661,01oct2013,20131030,20131023,20131023,19661,2013.4,,1.1,2.5,2.2,2.1,3.2,3,3.4,3.5,3.6,3.6,3.6,3.4,,,,.6,2,1.2,1.2,1.5,1.4,1.5,1.7,1.6,1.6,1.6,,,7.7,7.5,7.3,7.3,7.1,7,6.8,6.6,6.4,6.2,6.1,5.9,,19654,215,0,-.60000002,.5,0,0,.1,-.1,-.2,0,0,0,.1,.1,.1,.1,0,2013m10,269
12/18/2013,0,12/18/2013,1,.0059615378,.0049999999,.0024999999,.0049999999,.0049999999,0,0,0,.0099999998,.0049999999,-.0049999999,-.015,-.02,-.029999999,-.035,-.045000002,-.0026,-.0024999999,-.023600001,-.0199,.0074,.0145,1.5577579,1.5627199,-.29794347,,-.00366205,1.6877078,4.7959528,-.0054645468,-1.0034528,.78889436,1,1,-.001,-.014,-.0106,.026499987,.018899918,.30593258,.60077518,18dec13,01dec2013,19710,01dec2013,20131218,20131212,20131212,19710,2013.4,,1.1,2.5,3.5,1.7,2.8,2.9,3.2,3.5,3.7,3.6,3.3,3.5,,,,.6,2,1.1,1.4,1.5,1.5,1.4,1.8,1.6,1.6,1.5,,,7.7,7.5,7.3,7.1,6.9,6.8,6.7,6.5,6.3,6.2,6.1,5.9,,19704,215,1.3,-.40000001,-.40000001,-.1,-.2,0,-.1,.2,0,.1,0,-.2,-.2,-.2,-.1,0,2013m12,270
1/29/2014,0,1/29/2014,1,0,0,-.0024999999,0,0,0,0,.0049999999,0,.0099999998,0,-.0049999999,-.0049999999,-.0099999998,-.0099999998,-.02,0,0,-.0038999999,-.0082999999,-.0146,-.0145,-.38968554,-.3945885,-.11706175,,-.26197612,1.6890782,2.6066217,.33759037,-.22583961,.44631284,0,0,.003,.0055499999,-.0035999999,-.016099989,-.019500017,.083249465,-.1371339,29jan14,01jan2014,19752,01jan2014,20140129,20140123,20140123,19752,2014.1,1.1,2.5,4.1,3.5,2.4,3.1,3.3,3.7,3.5,3.5,3.4,3.2,,,,.6,2,1.5,1.2,1.8,1.7,1.6,1.9,1.8,1.7,1.7,,,7.7,7.5,7.3,7,6.7,6.6,6.4,6.2,6,5.8,5.7,5.5,,,19746,216,1.8,-.40000001,.2,.1,.2,.40000001,-.2,.30000001,.2,.2,-.1,-.2,-.2,-.30000001,-.30000001,0,2014m1,271
3/19/2014,0,3/19/2014,1,0,0,0,0,0,.0049999999,.0049999999,.0049999999,.02,.0099999998,.029999999,.059999999,.094999999,.14,.17,.2,.0024999999,.0076000001,.076899998,.1476,.067000002,.0043000001,-.79404491,-.77436584,-.66815144,,.0071204668,1.6779481,4.9281154,-.23297866,6.3696551,.26161042,1,1,.015,0,.17309999,.094600022,.01669991,.71664518,.76673549,19mar14,01mar2014,19801,01mar2014,20140319,20140312,20140312,19801,2014.1,1.1,2.5,4.1,2.2,1.5,3.5,3.2,3.5,3.2,3.2,3.2,3.3,,,,.6,2,1.7,1.5,1.5,1.8,1.7,1.9,1.8,1.8,1.7,,,7.7,7.5,7.3,7,6.6,6.5,6.4,6.2,6,5.9,5.7,5.6,,,19794,216,-1.3,-.89999998,.40000001,-.1,-.2,.2,.30000001,-.30000001,.1,.1,0,-.1,-.1,0,0,0,2014m3,272
4/30/2014,0,4/30/2014,1,0,0,-.0024999999,0,0,0,.0049999999,0,.0099999998,0,0,.0049999999,.0099999998,.0099999998,.0099999998,.0049999999,0,0,.0038999999,.0049999999,.0063999998,.0041999999,.016492125,.013342228,-.0072118849,,.090036169,1.7682921,4.8005419,-.052227128,8.8565493,.22963268,0,0,.0065000001,.0035000001,0,.001600027,.0042001009,.018866027,.088122979,30apr14,01apr2014,19843,01apr2014,20140430,20140423,20140423,19843,2014.2,2.5,4.1,2.6,.7,3.5,3.4,3.6,3.4,3.2,3.2,3.2,,,,.6,2,1.6,1.7,1.6,1.8,1.8,2,1.8,1.8,1.7,,,,7.5,7.3,7,6.7,6.6,6.4,6.2,6,5.9,5.7,5.6,,,,19836,217,-.80000001,0,.2,.1,.2,.2,.1,0,.1,.1,.1,.1,0,0,0,0,2014m4,273
6/18/2014,0,6/18/2014,1,0,-.0049999999,0,0,-.0049999999,-.0049999999,0,0,-.02,0,0,0,-.0049999999,-.0099999998,-.015,-.0099999998,-.0051000002,-.0024999999,0,-.0033,-.018100001,-.0033,.66654813,.64399797,.058927517,,-.03644919,1.8682756,5.3333697,-.058187827,-1.3569747,.15768497,1,1,.001,-.0055,-.001,-.011,-.0040000002,-.093771346,-.13709362,18jun14,01jun2014,19892,01jun2014,20140618,20140611,20140611,19892,2014.2,2.5,4.1,2.6,-1.5,4.2,3.5,3.5,3.3,2.9,3,2.9,,,,.6,2,1.6,1.3,1.7,1.6,1.5,1.8,1.7,1.6,1.5,,,,7.5,7.3,7,6.7,6.3,6.2,6,5.8,5.7,5.5,5.4,,,,19885,217,-2.2,.69999999,.1,-.1,-.1,-.40000001,.1,-.2,-.30000001,-.2,0,-.30000001,-.2,-.2,-.2,0,2014m6,274
7/30/2014,0,7/30/2014,1,0,0,0,0,0,0,-.0049999999,0,0,0,-.02,-.0099999998,-.015,-.015,-.02,-.015,-.0024999999,-.0051000002,-.0078999996,-.0148,-.018200001,-.0139,.40271118,.40790313,.082199968,,.089518979,1.9473214,5.560535,-.35752162,-9.1606073,.085722655,0,0,-.003,-.0089999996,-.015,-.017000001,-.013,-.088364162,-.10686874,30jul14,01jul2014,19934,01jul2014,20140730,20140723,20140723,19934,2014.3,4.1,2.6,-2.9,3.5,3.6,3.3,3.3,3,3.1,2.8,,,,,2,1.6,1.3,1.8,1.8,1.7,1.9,1.7,1.6,1.5,,,,,7.3,7,6.7,6.2,6,5.8,5.6,5.4,5.2,5.1,,,,,19927,218,-.69999999,.1,-.2,0,.1,.1,.2,.2,.1,0,-.1,-.2,-.2,-.2,-.30000001,0,2014m7,275
9/17/2014,0,9/17/2014,1,0,0,0,-.0049999999,0,0,0,.0049999999,0,.015,.035,.045000002,.059999999,.07,.075000003,.075000003,-.0024999999,0,.0363,.054900002,.050000001,.038600001,.33313242,.30011255,-.62490356,,-.1907737,1.984261,3.1930392,-.08847338,-8.9406471,.072508469,1,1,.0074999998,.035,.064499997,.061000001,.046999998,.56796557,.63197029,17sep14,01sep2014,19983,01sep2014,20140917,20140910,20140910,19983,2014.3,,,-2.1,4.4,2.8,3,2.5,2.6,2.7,2.8,2.8,2.9,3,2.9,,,,2.1,1.6,1.6,1.9,1.7,1.6,1.6,1.9,1.8,1.7,1.6,,,6.7,6.2,6.1,5.9,5.7,5.6,5.5,5.4,5.3,5.3,5.2,5.1,19976,218,.89999998,-.80000001,-.30000001,-.80000001,-.40000001,.30000001,-.2,-.1,0,0,0,.1,.1,.1,.2,0,2014m9,276
10/29/2014,0,10/29/2014,1,0,.011071429,0,0,.0049999999,.0049999999,.0099999998,.0099999998,0,-.015,.035,.055,.064999998,.075000003,.079999998,.079999998,0,0,.0394,.0528,.021500001,-.0024000001,-.30968121,-.31677648,-.76108277,,.017237537,1.9911219,.30979219,-.14575933,-7.3870502,-.23140986,0,0,.0165,.041000001,.106,.055,.016000001,.73063266,.62898898,29oct14,01oct2014,20025,01oct2014,20141029,20141022,20141022,20025,2014.4,,-2.1,4.6,2.7,3,2.3,2.3,2.4,2.4,2.5,2.6,2.7,2.7,,,,2.1,1.4,1.2,1.6,1.7,1.7,1.6,1.9,1.8,1.7,1.6,,,6.7,6.2,6.1,5.8,5.7,5.6,5.5,5.5,5.4,5.4,5.4,5.3,,20018,219,-.1,0,-.2,-.30000001,-.30000001,-.2,-.40000001,-.30000001,0,.1,0,-.1,0,0,0,0,2014m10,277
12/17/2014,0,12/17/2014,1,0,0,0,0,0,-.0049999999,0,0,-.0099999998,-.0099999998,-.0099999998,0,.0049999999,.0049999999,0,-.0049999999,-.0076000001,.0024999999,0,.023949999,.0261,.0178,.78985453,.80270916,-.47542304,,.12404567,2.1539195,-.57570988,-.7282238,-11.154568,-.45081562,1,1,-.0040000002,0,.054000001,.055,.032000002,.53598863,.95262396,17dec14,01dec2014,20074,01dec2014,20141217,20141210,20141210,20074,2014.4,,-2.1,4.6,4.1,2.2,2.4,2.4,2.6,2.8,2.8,2.8,2.7,2.7,,,,2.1,1.4,1.3,1.2,1.6,1.7,1.7,1.8,1.8,1.7,1.7,,,6.7,6.2,6.1,5.7,5.5,5.4,5.3,5.2,5.2,5.1,5.1,5,,20067,219,1.4,-.80000001,.1,.1,.2,0,.1,-.40000001,-.1,0,0,-.1,-.2,-.2,-.2,0,2014m12,278
1/28/2015,0,1/28/2015,1,0,0,0,0,0,0,0,-.0049999999,-.0049999999,-.0049999999,-.0099999998,-.015,-.02,-.02,-.015,-.02,.0024999999,-.0037499999,-.0163,-.0228,-.020400001,-.0222,-.24275546,-.25906736,-.017635129,,-.0097931093,2.1623902,5.1792655,-.6691637,-13.328898,-.64826256,0,0,-.0044999998,-.014,-.013,-.013,-.015,-.0042419159,-.11032844,28jan15,01jan2015,20116,01jan2015,20150128,20150121,20150121,20116,2015.1,-2.1,4.6,5,2.6,2.8,2.7,2.8,2.9,2.8,2.7,2.7,2.7,,,,2.1,1.4,.6,.6,1.4,1.8,1.7,1.9,1.8,1.7,1.8,,,6.6,6.2,6.1,5.7,5.4,5.3,5.2,5.1,5,5,4.9,4.9,,,20109,220,.40000001,.40000001,.30000001,.2,.1,-.69999999,-.60000002,-.2,.1,0,0,-.1,-.1,-.1,-.1,0,2015m1,279
3/18/2015,0,3/18/2015,1,-.0059615378,-.015,-.0024999999,-.0099999998,-.015,-.025,-.039999999,-.059999999,-.050000001,-.090000004,-.125,-.155,-.185,-.2,-.205,-.20999999,-.0051000002,-.035500001,-.1234,-.14659999,-.1168,-.093000002,1.9098275,1.9270391,1.3710208,,.066406287,2.1068659,2.3481607,-.16537854,-11.29374,-.32687521,1,1,.001,-.0093,-.205,-.132,-.127,-1.2254026,-.41346234,18mar15,01mar2015,20165,01mar2015,20150318,20150311,20150311,20165,2015.1,-2.1,4.6,5,2.1,1.7,2.6,2.3,2.4,2.3,2.2,2.3,2.3,,,,2.1,1.4,.1,-.1,2.2,1.6,1.7,1.9,1.7,1.7,1.7,,,6.6,6.2,6.1,5.7,5.5,5.3,5.2,5.2,5.1,5.1,5.1,5.1,,,20158,220,-.5,-1.1,-.1,-.5,-.5,-.5,-.69999999,.80000001,-.2,0,0,.1,0,0,.1,0,2015m3,280
4/29/2015,0,4/29/2015,1,-.0049999999,-.0049999999,0,-.0049999999,-.0049999999,-.0049999999,-.0049999999,0,.0099999998,0,0,0,0,0,.0049999999,0,-.0051000002,-.0077,0,-.0031999999,-.0018,-.0024000001,.084055565,.083363108,-.7029326,,-.25106621,2.0745449,3.0214097,.23641627,3.5861659,-.24076465,0,0,0,-.001,-.0070000002,-.001,-.001,.57428831,.2781055,29apr15,01apr2015,20207,01apr2015,20150429,20150422,20150422,20207,2015.2,4.6,5,2.2,.1,2.4,2.4,2.4,2.4,2.3,2.4,2.5,,,,2.1,1.4,.1,.3,2.2,1.3,1.7,1.9,1.7,1.7,1.7,,,,6.2,6.1,5.7,5.6,5.4,5.3,5.3,5.3,5.2,5.2,5.2,,,,20200,221,-1.6,-.2,.1,0,.1,.40000001,0,-.30000001,0,0,.1,.1,.1,.1,.2,0,2015m4,281
6/17/2015,0,6/17/2015,1,-.011538462,-.015,-.0049999999,-.0049999999,-.015,-.025,-.045000002,-.045000002,-.045000002,-.064999998,-.079999998,-.090000004,-.1,-.105,-.115,-.12,0,-.0153,-.080799997,-.1128,-.077299997,-.030300001,.62547523,.64570129,.74626863,,.055278599,2.0388649,2.0672226,.39612737,5.0380235,.22552006,1,1,-.022,-.017999999,-.139,-.090999998,-.030999999,-.72830874,-.69617707,17jun15,01jun2015,20256,01jun2015,20150617,20150610,20150610,20256,2015.2,4.6,5,2.2,-.5,2.5,1.9,2.3,2.3,2.5,2.5,2.4,,,,2.1,1.4,.1,-.1,2.5,1.1,1.2,1.9,1.7,1.7,1.6,,,,6.2,6.1,5.7,5.6,5.5,5.4,5.3,5.3,5.3,5.3,5.2,,,,20249,221,-.60000002,.1,-.5,-.1,-.1,-.40000001,.30000001,-.2,-.5,0,0,.1,.1,0,0,0,2015m6,282
7/29/2015,0,7/29/2015,1,-.0049999999,-.0049999999,-.0024999999,-.0049999999,-.0049999999,-.0049999999,-.0099999998,-.0099999998,-.0049999999,-.0049999999,-.0099999998,-.015,-.0099999998,-.02,-.02,-.015,-.0102,-.0026,-.0119,-.0166,-.0144,-.0096000005,.12841305,.13121794,-.1448226,,-.059454128,2.0764701,-1.1607962,.21950184,-9.0929279,-.212925,0,0,-.0060000001,-.015,-.018999999,-.016000001,-.0099999998,.11166368,.016153784,29jul15,01jul2015,20298,01jul2015,20150729,20150722,20150722,20298,2015.3,5,2.2,-.2,2.4,1.7,2.3,2.3,2.3,2.3,2.3,,,,,1.4,.1,0,2.3,1.7,.4,1.8,1.7,1.6,1.6,,,,,6.1,5.7,5.6,5.4,5.3,5.2,5.2,5.2,5.2,5.2,,,,,20291,222,-.1,-.2,0,0,-.2,-.2,.60000002,-.80000001,-.1,0,-.1,-.1,-.1,-.1,-.1,0,2015m7,283
9/17/2015,0,9/17/2015,1,-.063461535,-.055,-.0275,-.050000001,-.055,-.064999998,-.059999999,-.07,-.07,-.079999998,-.085000001,-.090000004,-.085000001,-.090000004,-.085000001,-.079999998,-.043200001,-.066200003,-.084899999,-.077699997,-.0581,-.0416,-.27314824,-.27489692,.6794917,,-.10862661,1.9245692,-4.3695946,-.22850114,-10.786621,-.13326305,1,1,-.0060000001,-.0105,-.126,-.097000003,-.063000001,-.63277167,-.71150821,17sep15,01sep2015,20348,01sep2015,20150917,20150909,20150909,20348,2015.3,,,.6,3.7,1.9,1.9,2.1,1.9,1.9,2.4,1.8,1.9,1.9,2.3,,,,2.1,1.9,0,1.7,1.7,1.6,1.6,2,1.8,1.7,1.7,,,5.6,5.4,5.2,5,5,5,4.9,4.9,4.9,4.8,4.8,4.8,20340,222,1.3,.2,-.40000001,-.2,-.40000001,-.2,.2,-.40000001,-.1,0,0,-.1,-.2,-.2,-.2,0,2015m9,284
10/28/2015,0,10/28/2015,1,-.0049999999,.026000001,0,-.0049999999,.0099999998,.02,.025,.029999999,.02,.029999999,.045000002,.055,.055,.064999998,.055,.059999999,.0024999999,-.0024999999,.059549998,.0495,.0178,-.011,-.70841712,-.71118611,-1.2275476,,-.14543733,1.9704862,-.084673397,-.26954854,-4.5253887,-.095249012,0,0,.028000001,.025,.061999999,.029999999,-.0080000004,.95473796,.27376804,28oct15,01oct2015,20389,01oct2015,20151028,20151021,20151021,20389,2015.4,,.6,3.9,1.4,2.1,2,2.5,2.2,2.2,1.8,2.2,1.9,2.1,,,,2.1,1.6,.9,.8,1.7,1.7,1.6,2,1.8,1.8,1.8,,,5.6,5.4,5.1,5,5,4.9,4.9,4.9,4.8,4.8,4.8,4.7,,20382,223,-.5,.2,-.1,.60000002,.30000001,-.30000001,.89999998,-.89999998,0,.1,-.1,0,0,-.1,0,0,2015m10,285
12/16/2015,0,12/16/2015,1,.030999999,.015,.015,.02,.015,.015,.02,.015,.015,.025,.029999999,.029999999,.035,.035,.035,.035,-.00125,.023,.0284,.018300001,.0035999999,-.0038999999,.921027,.92558765,-.50187063,,-.022559499,1.9143898,4.523797,-.16281223,-10.536489,-.13543606,1,1,.024499999,.029999999,.033,.0070000002,-.001,.41617364,.36957949,16dec15,01dec2015,20438,01dec2015,20151216,20151209,20151209,20438,2015.4,,.6,3.9,2.1,1.7,2.1,2.6,2.7,2.7,1.7,2.1,2.2,2.1,,,,2.1,1.3,.8,.4,1.5,1.7,1.7,2,1.9,1.8,1.8,,,5.6,5.4,5.1,5,4.9,4.8,4.8,4.7,4.7,4.6,4.6,4.6,,20431,223,.69999999,-.40000001,.1,.1,.5,-.30000001,-.1,-.40000001,-.2,0,0,0,-.1,-.1,-.1,0,2015m12,286
1/27/2016,0,1/27/2016,1,-.0049999999,-.015333333,-.0024999999,-.0049999999,-.0099999998,-.015,-.02,-.02,-.02,-.025,-.035,-.035,-.039999999,-.039999999,-.039999999,-.039999999,-.0026,-.0126,-.0337,-.037599999,-.021,-.0145,-.36532313,-.36832413,.082728192,,.11538024,1.8620727,-5.881,-.34365273,-12.352983,-.23356484,0,0,-.021,-.034000002,-.0255,-.012,-.0089999996,-.019182425,-.1008912,27jan16,01jan2016,20480,01jan2016,20160127,20160120,20160120,20480,2016.1,.6,3.9,2,.4,2.1,2.4,2.7,2.6,1.8,2,2.2,2.1,,,,2.1,1.3,.8,-.1,.6,1.6,1.6,2,1.8,1.8,1.7,,,5.5,5.4,5.1,5,4.9,4.8,4.8,4.7,4.7,4.7,4.6,4.6,,,20473,224,-1.3,0,-.2,0,-.1,0,-.5,-.89999998,-.1,-.1,0,0,0,0,0,0,2016m1,287
3/16/2016,0,3/16/2016,1,-.0155,-.059999999,-.0074999998,-.025,-.059999999,-.064999998,-.064999998,-.085000001,-.075000003,-.11,-.13,-.14,-.145,-.15000001,-.155,-.15000001,-.028000001,-.066399999,-.1216,-.1143,-.058499999,-.0074999998,.8305912,.82018143,1.2267725,,.045323752,1.9249676,-1.5597486,-.23270918,3.9613709,-.33843538,1,1,-.0070000002,-.0049999999,-.15000001,-.079000004,-.017999999,-1.2029159,-1.0908771,16mar16,01mar2016,20529,01mar2016,20160316,20160309,20160309,20529,2016.1,.6,3.9,2,1.2,1.9,2,2.4,2.4,1.8,2.3,2.3,2.3,,,,2.1,1.3,.9,.5,.8,1.4,1.4,1.9,1.7,1.7,1.7,,,5.5,5.4,5.1,5,4.9,4.9,4.8,4.8,4.7,4.6,4.6,4.5,,,20522,224,.80000001,-.2,-.40000001,-.30000001,-.2,.1,.60000002,.2,-.2,-.2,0,0,.1,0,.1,0,2016m3,288
4/27/2016,0,4/27/2016,1,-.0049999999,.015,0,-.0049999999,.0049999999,.0099999998,.0099999998,.015,.0049999999,.0099999998,.0099999998,.015,.015,.015,.025,.015,0,-.0013,.0119,.0081000002,-.0018,-.0087000001,.23547542,.22798176,-.20283976,,-.017445384,1.8656852,9.2498207,-.049294926,14.865346,-.34465274,0,0,.014,.014,-.0020000001,-.0049999999,-.0080000004,.16697411,.15263063,27apr16,01apr2016,20571,01apr2016,20160427,20160420,20160420,20571,2016.2,3.9,2,1.4,.4,2.2,2.5,2.8,2,2.6,2.4,2.6,,,,2.1,1.3,.9,.5,.7,.8,1.4,1.9,1.7,1.7,1.7,,,,5.4,5.1,5,4.9,4.9,4.8,4.8,4.7,4.6,4.5,4.4,,,,20564,225,-1.5,.2,.1,.40000001,.2,0,-.1,-.60000002,0,0,0,0,0,0,0,0,2016m4,289
6/15/2016,0,6/15/2016,1,0,-.029999999,0,-.0099999998,-.029999999,-.029999999,-.035,-.035,-.035,-.045000002,-.045000002,-.045000002,-.045000002,-.039999999,-.039999999,-.035,-.0102,-.0229,-.044199999,-.033799998,-.0085000005,.0124,.013926774,-.012006243,.19565991,,-.25364685,1.7051016,2.5934339,-.27834061,14.330619,-.25692156,1,1,-.0099999998,-.043000001,-.074000001,-.048,-.016000001,-.15305126,.075521573,15jun16,01jun2016,20620,01jun2016,20160615,20160608,20160608,20620,2016.2,3.9,2,1.4,1.2,1.9,2.1,2.4,1.9,2.6,2.4,2.8,,,,2.1,1.3,.9,.6,1.5,.9,1.4,1.9,1.7,1.7,1.6,,,,5.4,5.1,5,4.9,4.8,4.8,4.8,4.8,4.7,4.6,4.5,,,,20613,225,.80000001,-.30000001,-.40000001,-.40000001,-.1,.1,.80000001,.1,0,0,0,-.1,0,0,.1,0,2016m6,290
7/27/2016,0,7/27/2016,1,-.0099999998,.0066666668,-.0049999999,-.0099999998,-.0049999999,.0049999999,-.0049999999,.0024999999,.0049999999,.0049999999,.0049999999,.0049999999,.0049999999,.0049999999,0,.0049999999,-.0076000001,-.0024999999,.0040000002,-.0065000001,-.012,-.0119,.21301813,.20845397,-.063642152,,.15063179,1.7654231,3.6429386,-.43801385,.71226287,-.24465355,0,0,.011,.0020000001,-.011,-.016000001,-.016000001,.031874642,.066243969,27jul16,01jul2016,20662,01jul2016,20160727,20160720,20160720,20662,2016.3,2,1.4,1.1,1.8,1.9,2.1,2.1,2.6,2.5,2.8,,,,,1.3,.9,.4,1.7,.9,1.6,2,1.8,1.7,1.7,,,,,5.1,5,4.9,4.9,4.9,4.9,4.9,4.8,4.7,4.6,,,,,20655,226,-.1,-.2,-.30000001,.2,0,.2,0,.2,.1,.1,.1,.1,.1,.1,.1,0,2016m7,291
9/21/2016,0,9/21/2016,1,-.050000001,-.033928569,-.015,-.045000002,-.035,-.02,-.015,-.015,-.02,-.025,-.029999999,-.035,-.035,-.035,-.039999999,-.035,-.060899999,-.0458,-.032499999,-.037700001,-.043400001,-.048999999,.75263047,.77274323,.20605627,,-.086695835,1.8744326,3.2555885,-.090898849,-3.4653242,.10914432,1,1,-.026000001,-.0295,-.039000001,-.046,-.052000001,-.27127981,-.37675986,21sep16,01sep2016,20718,01sep2016,20160921,20160914,20160914,20718,2016.3,,,.8,1.4,2.7,2.4,2.3,2.3,2.4,2.6,2.2,1.9,1.8,1.9,,,,2.3,1.2,1.4,1.9,1.8,1.7,1.7,2.1,2,1.9,1.9,,,4.9,4.9,4.9,4.9,4.8,4.7,4.6,4.5,4.4,4.3,4.3,4.3,20711,226,-.40000001,.80000001,.30000001,.2,-.30000001,.60000002,.30000001,-.2,-.1,0,0,0,0,-.1,-.1,0,2016m9,292
11/2/2016,0,11/2/2016,1,-.005357143,.0044117649,-.0049999999,0,0,0,.0049999999,0,.0049999999,.0049999999,.0049999999,.0049999999,.0049999999,.0049999999,.0049999999,.0049999999,0,0,.0040000002,.0016,.0035000001,.0055,.041908354,.047755491,-.027017292,,-.060727805,1.7292579,-2.7611463,.20941894,4.0611577,-.031924505,0,0,.0060000001,.0040000002,.0020000001,.003,.0080000004,.03390649,.0096786683,02nov16,01nov2016,20760,01nov2016,20161102,20161026,20161026,20760,2016.4,,.8,1.4,2.5,2.1,2.2,2.2,2.2,2.2,2.2,1.9,1.8,1.8,,,,2.3,1.3,2.2,1.8,1.8,1.8,1.7,2,2,1.9,1.9,,,4.9,4.9,4.9,4.9,4.8,4.8,4.7,4.6,4.6,4.5,4.5,4.4,,20753,227,-.2,-.30000001,-.1,-.1,-.2,.1,.80000001,-.1,0,.1,0,0,0,.1,.1,0,2016m11,293
12/14/2016,0,12/14/2016,1,-.004558824,.005354031,-.0024999999,-.0049999999,.0049999999,.015,.02,.0275,0,.029999999,.07,.12,.13500001,.14,.13500001,.14,.0026,.0153,.097400002,.1202,.087899998,.036699999,-.71195841,-.60526025,-1.0336403,,-.05038422,1.6160637,5.0873547,.74197388,8.9747152,.24237116,1,1,-.0099999998,-.0099999998,.13699999,.1,.048,1.0199029,1.2133819,14dec16,01dec2016,20802,01dec2016,20161214,20161207,20161207,20802,2016.4,,.8,1.4,3.3,1.6,2.4,1.7,2.6,2.1,1.9,2,2,2,,,,2.3,1.4,2.6,2,2,1.8,1.8,2,2,1.9,1.9,,,4.9,4.9,4.9,4.8,4.7,4.7,4.6,4.5,4.5,4.4,4.4,4.3,,20795,227,.80000001,-.5,.2,-.5,.40000001,.1,.40000001,.2,.2,0,0,-.1,-.1,-.1,-.1,0,2016m12,294
2/1/2017,0,2/1/2017,1,-.005185185,-.024201389,-.0049999999,-.015,-.025,-.02,-.02,-.022500001,-.015,-.015,-.025,-.025,-.029999999,-.029999999,-.025,-.029999999,-.0051000002,-.0051000002,-.0239,-.0231,-.0074,.0057999999,.15062159,.14296712,.093057878,,.035442114,1.674334,6.3140349,.54925436,4.0773187,-.021353871,0,0,-.017000001,-.023,-.030999999,-.011,.0040000002,-.11955141,-.12334802,01feb17,01feb2017,20851,01feb2017,20170201,20170123,20170123,20851,2017.1,.8,1.4,3.5,2,2,1.7,2.5,2.3,2,2,1.9,2,,,,2.3,1.4,2.5,2.4,1.7,1.7,1.7,2,2,1.9,1.9,,,5,4.9,4.9,4.7,4.7,4.7,4.6,4.5,4.4,4.4,4.3,4.2,,,20842,228,.40000001,-.40000001,0,-.1,.2,-.1,.40000001,-.30000001,-.1,-.1,-.1,0,0,0,0,0,2017m2,295
3/15/2017,0,3/15/2017,1,.00484375,-.00051897299,.0024999999,.0049999999,0,-.025,-.035,-.039999999,-.0425,-.055,-.07,-.082500003,-.094999999,-.105,-.115,-.125,-.0229,-.035799999,-.077299997,-.1005,-.070799999,-.032000002,.51588506,.58953571,.50756651,,.0062020058,1.5930952,5.3889852,-.13557206,-2.41819,-.27095118,1,1,-.017000001,-.028000001,-.114,-.086999997,-.046,-.61113846,-.88186502,15mar17,01mar2017,20893,01mar2017,20170315,20170303,20170303,20893,2017.1,.8,1.4,3.5,1.9,1.4,2.1,2.1,2.3,2.4,2.1,2.1,2.1,,,,2.3,1.4,2,2.8,1.6,1.7,1.7,2,2,1.9,1.9,,,5,4.9,4.9,4.7,4.7,4.7,4.7,4.6,4.5,4.4,4.3,4.2,,,20881,228,-.1,-.60000002,.40000001,-.40000001,0,-.5,.40000001,-.1,0,0,0,0,0,.1,.1,0,2017m3,296
5/3/2017,0,5/3/2017,1,-.0027678569,.011796875,-.0024999999,.0049999999,.015,.0049999999,.0099999998,.015,.015,.015,.015,.015,.02,.025,.025,.025,-.0051000002,.0128,.017999999,.023,.017999999,.0126,.040489566,.031515915,-.10993037,,-.0075770519,1.5991845,4.1185021,-.39862648,-1.7031882,-.48138398,0,0,.011,.0165,.021,.017999999,.011,.12110447,.16014235,03may17,01may2017,20942,01may2017,20170503,20170421,20170421,20942,2017.2,1.4,3.5,2.1,.9,2.6,2.2,2.6,2.6,2,2,2.1,,,,2.3,1.4,2.1,2.4,1.3,1.8,1.8,2.1,2,2,2,,,,4.9,4.9,4.7,4.7,4.5,4.5,4.4,4.3,4.2,4.2,4.1,,,,20930,229,-.5,.5,.1,.30000001,.2,-.40000001,-.30000001,.1,.1,.1,0,-.2,-.2,-.2,-.2,0,2017m5,297
6/14/2017,0,6/14/2017,1,.018750001,.0099999998,.0099999998,.02,.0099999998,.0099999998,.02,.025,.0099999998,.015,.035,.039999999,.045000002,.050000001,.050000001,.055,.0102,.0154,.048700001,.044500001,.03035,.0136,-.23945516,-.2358007,-.62987936,,-.11858299,1.6765146,2.8155069,-.60680699,-1.2221248,-.31396863,1,1,-.012,0,.056000002,.0425,.021,.61247969,.63227344,14jun17,01jun2017,20984,01jun2017,20170614,20170605,20170605,20984,2017.2,1.4,3.5,2.1,1.2,2.6,2.7,3.1,2.6,2.1,2.1,2.1,,,,2.3,1.4,2.1,2.2,.8,1.7,1.8,2.1,2,2,2,,,,4.9,4.9,4.7,4.7,4.3,4.3,4.2,4.2,4.1,4,3.9,,,,20975,229,.30000001,0,.5,.5,0,-.2,-.5,-.1,0,0,0,-.2,-.2,-.2,-.1,0,2017m6,298
7/26/2017,0,7/26/2017,1,-.0049999999,-.0049999999,-.0024999999,-.0049999999,-.0049999999,-.0099999998,-.015,-.0099999998,-.0049999999,-.015,-.0175,-.015,-.02,-.02,-.025,-.02,-.0051000002,-.0064500002,-.015900001,-.025,-.016100001,-.0031999999,.01856051,.01009897,.42056477,,.038359661,1.5462456,5.3242884,-.17014247,-.76219738,.11380639,0,0,-.011,0,-.029999999,-.02,-.0099999998,-.37943605,-.40185747,26jul17,01jul2017,21026,01jul2017,20170726,20170714,20170714,21026,2017.3,3.5,2.1,1.4,2.5,2.7,2.7,2.6,2.1,2,2,,,,,1.4,2.1,1.9,.5,1.4,1.6,2.2,2.1,2,2,,,,,4.9,4.7,4.7,4.4,4.3,4.2,4.2,4.1,4,4,,,,,21014,230,-.1,0,-.40000001,0,0,-.30000001,-.30000001,-.2,.1,.1,.1,0,0,0,0,0,2017m7,299
9/20/2017,0,9/20/2017,1,-.0074999998,-.0049137929,-.0024999999,-.0049999999,-.0049999999,.02,.039999999,.035,.039999999,.050000001,.064999998,.07,.085000001,.085000001,.085000001,.085000001,.0026,.0153,.053300001,.065200001,.0407,.0062000002,-.079607353,-.049920127,-1.0493004,,-.082577728,1.3974074,2.9760487,.058830012,6.3807116,-.31539297,1,1,.017000001,.001,.078000002,.052999999,.0070000002,.99846137,.91594827,20sep17,01sep2017,21082,01sep2017,20170920,20170908,20170908,21082,2017.3,,,1.2,3.3,2.3,3.6,2.5,2.3,2.2,2.2,2,1.9,1.8,1.7,,,,1,1.7,1.5,1.9,2.2,2,2,2.2,2.1,2.1,2.1,,,4.7,4.4,4.4,4.2,4.1,3.9,3.8,3.8,3.7,3.7,3.7,3.7,21070,230,.80000001,-.40000001,.89999998,-.1,.2,.5,.30000001,-.1,-.30000001,.1,0,.1,0,-.1,-.2,0,2017m9,300
11/1/2017,0,11/1/2017,1,-.0025862069,.001867816,-.0024999999,0,-.0049999999,-.0049999999,0,0,0,.0049999999,0,.0049999999,.0049999999,0,.0049999999,.0049999999,-.0024999999,.0026,.0038999999,.0049999999,.0081500001,.0063999998,.088070519,.087404095,-.060194343,,-.10968135,1.4263663,4.1610885,-.10925154,4.4313264,-.20540909,0,0,.001,.00050000002,.0040000002,.0040000002,.0040000002,.072860897,.12289326,01nov17,01nov2017,21124,01nov2017,20171101,20171020,20171020,21124,2017.4,,1.2,3.1,2.9,3.2,2.5,2.4,2.3,2.2,2.1,1.9,1.8,1.7,,,,1,1.8,1.9,1.9,2,1.9,1.8,2.2,2.1,2.1,2,,,4.7,4.4,4.3,4.2,4.1,3.9,3.8,3.7,3.7,3.6,3.6,3.6,,21112,231,.60000002,-.40000001,0,.1,.1,.1,.40000001,0,-.2,-.1,-.1,0,0,0,0,0,2017m11,301
12/13/2017,0,12/13/2017,1,.004305556,.0049999999,.0024999999,0,.0049999999,-.0049999999,-.0099999998,-.0099999998,-.0049999999,-.015,-.02,-.025,-.029999999,-.029999999,-.035,-.035,-.0128,-.017999999,-.034600001,-.0385,-.021400001,-.0099999998,.039752185,.037495311,.38213316,,.01420121,1.4440511,6.8346653,-.21146299,.15580218,-.10978887,1,1,-.0155,-.02,-.034000002,-.021,-.011,-.37415653,-.39823008,13dec17,01dec2017,21166,01dec2017,20171213,20171201,20171201,21166,2017.4,,1.2,3.1,3.3,2.2,2.7,2.4,2.3,2.2,2.2,2.2,1.8,1.6,,,,1,2.1,2.6,1.7,1.9,1.9,1.8,2.2,2,2,2,,,4.7,4.4,4.3,4.1,4,3.8,3.7,3.6,3.6,3.5,3.5,3.5,,21154,231,.40000001,-1,.2,0,0,.30000001,.69999999,-.2,-.1,0,0,-.1,-.1,-.1,-.1,0,2017m12,302
1/31/2018,0,1/31/2018,1,-.0074999998,.01575,.0024999999,-.0074999998,0,0,.0049999999,.0099999998,0,0,.0049999999,.0049999999,.0049999999,.0099999998,.015,.02,0,0,.0081000002,.0151,.016899999,.0057000001,-.091720261,-.1590106,-.16105653,,-.012980769,1.3856908,9.8704872,-.13717753,6.2881551,.050806824,0,0,.0060000001,.0049999999,.013,.014,.003,.15203366,.10980966,31jan18,01jan2018,21215,01jan2018,20180131,20180119,20180119,21215,2018.1,1.2,3.1,3.2,3.5,2.7,3.2,3,2.8,2.7,2.6,2.3,2.2,,,,1,2.1,2.4,2,1.7,1.9,1.8,2.2,2.1,2.1,2,,,4.6,4.3,4.3,4.1,3.9,3.8,3.6,3.4,3.3,3.2,3.2,3.2,,,21203,232,1.3,0,.80000001,.69999999,.60000002,-.2,.30000001,-.2,0,0,0,-.1,0,-.1,-.2,0,2018m1,303
3/21/2018,0,3/21/2018,1,0,-.0053448281,0,0,-.0049999999,-.0049999999,-.0099999998,-.015,-.02,-.025,-.025,-.02,-.025,-.025,-.025,-.0099999998,-.0026,-.0129,-.028899999,-.0136,-.0035999999,.0107,-.1227228,-.13741297,.51332194,,.14053506,1.5708108,2.010921,.1660461,4.1303487,-.26221576,1,1,-.0060000001,-.0195,-.018999999,-.0020000001,.011,-.43162274,-.18819986,21mar18,01mar2018,21264,01mar2018,20180321,20180309,20180309,21264,2018.1,1.2,3.1,3.2,2.9,2.1,3.1,3.3,3.2,2.9,2.7,2.5,2.3,,,,1,2.1,2.3,2.3,1.7,1.9,1.8,2.2,2.1,2,2,,,4.6,4.3,4.3,4.1,4.1,3.9,3.7,3.5,3.3,3.2,3.2,3.1,,,21252,232,-.60000002,-.60000002,-.1,.30000001,.40000001,-.1,.30000001,0,0,0,0,.2,.1,.1,.1,0,2018m3,304
5/2/2018,0,5/2/2018,1,-.0026724141,.0020436109,-.0024999999,0,-.0049999999,-.0049999999,-.0049999999,-.0049999999,-.0049999999,-.0099999998,-.0099999998,-.0099999998,-.015,-.015,-.0175,-.015,-.0051000002,-.0052,-.016100001,-.0186,-.0112,-.0041,.15986848,.16039249,.40117007,,-.092248708,1.5261875,-7.8942232,-.12454545,.61477262,-.10105357,0,0,-.0070000002,-.0099999998,-.022,-.015,-.0040000002,-.35182387,-.20926212,02may18,01may2018,21306,01may2018,20180502,20180420,20180420,21306,2018.2,3.1,3.2,2.9,1.7,2.9,3,2.9,2.9,2.7,2.6,2.3,,,,1,2.1,2.3,2.7,1.8,1.8,1.8,2.2,2,2,2,,,,4.3,4.3,4.1,4.1,4,3.8,3.6,3.4,3.3,3.3,3.3,,,,21294,233,-.40000001,-.2,-.30000001,-.30000001,0,.40000001,.1,-.1,0,0,0,.1,.1,.1,.1,0,2018m5,305
6/13/2018,0,6/13/2018,1,-.0044117649,-.010186275,-.0024999999,-.0049999999,-.0099999998,-.0099999998,.0099999998,-.0049999999,-.0024999999,.0099999998,.025,.035,.039999999,.039999999,.039999999,.039999999,-.0024999999,.0024999999,.032900002,.0374,.031199999,.019300001,-.17578159,-.17938828,-.050894901,,.013702545,1.6079279,.010048742,-.15699388,3.1560991,-.074179739,1,1,.003,.021,.037999999,.033,.024,.092972554,.13585725,13jun18,01jun2018,21348,01jun2018,20180613,20180601,20180601,21348,2018.2,3.1,3.2,2.9,2.2,3.4,2.7,2.8,2.7,2.5,2.3,2.3,,,,1,2.1,2.3,1.9,2.3,2.1,1.8,1.9,2.4,2,1.8,,,,4.3,4.3,4.1,4.1,3.8,3.7,3.6,3.5,3.4,3.4,3.4,,,,21336,233,.5,.5,-.30000001,-.1,-.2,-.80000001,.5,.30000001,0,-.30000001,0,-.2,-.1,0,.1,0,2018m6,306
8/1/2018,0,8/1/2018,1,-.0025833331,0,-.0024999999,-.0049999999,0,0,-.0049999999,0,0,-.0049999999,-.0049999999,-.0049999999,-.0049999999,-.0049999999,-.0049999999,-.0099999998,0,.0026,0,-.0034,-.0055999998,-.0049000001,.017430961,.026683271,.051427104,,-.10210031,1.5200163,5.3375697,-.20463784,-4.567378,-.12740168,0,0,-.0074999998,-.0070000002,-.001,-.0040000002,-.0040000002,-.075018756,-.18805408,01aug18,01aug2018,21397,01aug2018,20180801,20180720,20180720,21397,2018.3,3.2,2.9,2,4.8,2.5,2.5,2.6,2.5,2.4,2.3,,,,,2.1,2.3,2.2,2.5,1.7,1.9,2,2.3,2.1,1.9,,,,,4.3,4.1,4.1,3.9,3.8,3.7,3.6,3.5,3.4,3.4,,,,,21385,234,1.4,-.2,-.30000001,-.1,0,.2,-.40000001,.1,.1,-.1,.1,.1,.1,.1,.1,0,2018m8,307
9/26/2018,0,9/26/2018,1,.0099999998,.0099999998,0,.0099999998,.0099999998,.0049999999,.0099999998,0,.0049999999,-.0049999999,-.0049999999,-.0099999998,-.0099999998,-.0099999998,-.015,-.015,-.0051000002,-.0077999998,-.0122,-.0152,-.0187,-.026000001,-.034042232,-.059772864,-.10197145,,-.026665859,1.5865904,5.6688089,-.07215672,-1.4076611,-.25359634,1,1,.0070000002,-.0040000002,-.0089999996,-.013,-.021,.070094205,-.044275217,26sep18,01sep2018,21453,01sep2018,20180926,20180914,20180914,21453,2018.3,,,2.2,4.7,3,2.5,2.7,2.6,2.4,2.3,2.1,2,1.8,1.7,,,,3,1.6,1.8,2,2.4,2.1,2,2.1,2.4,2.1,2,,,4.1,3.9,3.8,3.7,3.6,3.4,3.3,3.3,3.2,3.2,3.2,3.2,21441,234,-.1,.5,0,.1,.1,.5,-.1,-.1,0,.1,0,0,0,0,-.1,0,2018m9,308
11/8/2018,0,11/8/2018,1,.0068181818,-.010795455,.0049999999,0,0,0,0,.0049999999,.0049999999,.0074999998,.0099999998,.0099999998,.0099999998,.0099999998,.015,.0099999998,-.00060000003,-.00069999998,.0041999999,.0068999999,.0074,.0021500001,.098564662,.098013006,-.20173669,,.046843227,1.5111908,-1.5711673,-.0055792928,-.58949518,-.079004452,0,0,.0040000002,.0044999998,.0070000002,.0070000002,.0020000001,.1794941,.079023622,08nov18,01nov2018,21496,01nov2018,20181108,20181026,20181026,21496,2018.4,,2.2,4.2,2.9,2.6,2.6,2.4,2.3,2.2,2,1.9,1.9,1.8,,,,3,1.9,2,2.1,2.4,2.1,2,2.1,2.3,2.1,2,,,4.1,3.9,3.8,3.6,3.6,3.4,3.3,3.3,3.3,3.3,3.3,3.3,,21483,235,-.1,.1,-.1,-.2,-.1,.30000001,.2,.1,0,0,0,-.1,0,0,0,0,2018m11,309
12/19/2018,0,12/19/2018,1,.025833333,.02,.0099999998,.025,.02,.02,.025,.02,.02,.022500001,0,-.02,-.050000001,-.07,-.090000004,-.094999999,.0103,.0077999998,-.0228,-.045499999,-.058899999,-.048900001,-2.5392554,-2.5366898,-.48118985,,-.11187363,1.5377053,-13.184019,-.20562074,-4.0434489,-.35963631,1,1,.0089999996,-.030999999,.0020000001,-.013,-.017999999,.39728934,.1603135,19dec18,01dec2018,21537,01dec2018,20181219,20181207,20181207,21537,2018.4,,2.2,4.2,3.5,2.3,2.6,2.4,2.3,2.1,2.1,2,2,1.9,,,,3,1.7,1.8,2,2.2,2.1,1.9,2,2.2,2.1,2,,,4.1,3.9,3.8,3.7,3.6,3.5,3.5,3.4,3.4,3.4,3.4,3.4,,21525,235,.60000002,-.30000001,0,0,0,-.2,-.2,-.1,-.2,0,0,.1,0,.1,.2,0,2018m12,310
1/30/2019,0,1/30/2019,1,0,0,-.0024999999,0,0,-.0049999999,-.015,-.02,-.0099999998,-.035,-.050000001,-.064999998,-.075000003,-.085000001,-.085000001,-.090000004,-.0051000002,-.023399999,-.064499997,-.063600004,-.034000002,.0054000001,.75931472,.76177937,.57793343,,.17177957,1.6116216,-3.7430775,-.32648882,-4.9642696,-.67191613,0,1,-.032499999,-.057999998,-.103,-.072499998,-.028000001,-.5390414,-.53856689,30jan19,01jan2019,21579,01jan2019,20190130,20190118,20190118,21579,2019.1,2.2,4.2,3.4,2.8,2.3,2.6,1.9,1.9,1.9,1.9,1.9,1.9,,,,3,1.8,1.8,1.6,2,2.1,1.9,2.1,2.2,2.1,2,,,4.1,3.9,3.8,3.8,3.7,3.6,3.6,3.5,3.5,3.5,3.5,3.5,,,21567,236,.5,-.30000001,.2,-.40000001,-.2,0,-.40000001,-.2,0,0,.1,.1,.1,.1,.1,0,2019m1,311
3/20/2019,0,3/20/2019,1,0,0,0,.0049999999,0,0,.0049999999,.0049999999,0,-.015,-.039999999,-.059999999,-.075000003,-.085000001,-.079999998,-.075000003,0,-.0208,-.049600001,-.067299999,-.051899999,-.0286,.52518439,.38063201,.65186751,,-.30814826,1.3497651,6.6221094,-.1031814,2.6361852,-.50579214,1,1,-.012,-.039999999,-.103,-.077500001,-.048,-.57414681,-.69955158,20mar19,01mar2019,21628,01mar2019,20190320,20190308,20190308,21628,2019.1,2.2,4.2,3.4,2.6,1,2.6,1.9,1.8,2,2.2,2,2,,,,3,1.8,1.8,1.8,2,2.1,1.9,2.1,2.2,2,1.9,,,4.1,3.9,3.8,3.8,3.9,3.7,3.7,3.6,3.6,3.6,3.6,3.6,,,21616,236,-.2,-1.3,0,0,-.1,0,.2,0,0,0,0,.2,.1,.1,.1,0,2019m3,312
5/1/2019,0,5/1/2019,1,-.025833333,.017348485,-.025,-.0099999998,.0099999998,.0099999998,.015,.029999999,0,.039999999,.055,.059999999,.07,.07,.07,.07,-.0026,-.0026,.056400001,.050000001,.0305,.017100001,-.33528009,-.33912674,-.46234551,,.077754647,1.4521266,10.027663,.042133398,2.076683,-.63384354,0,1,.028999999,.046999998,.046999998,.035500001,.023499999,.40184996,.31486145,01may19,01may2019,21670,01may2019,20190501,20190419,20190419,21670,2019.2,4.2,3.4,2.2,2.1,2,2.2,2.3,2.4,2.2,1.9,2.2,,,,3,1.8,1.7,1.3,2,1.9,1.9,2,2.2,2,1.9,,,,3.9,3.8,3.8,3.9,3.7,3.7,3.6,3.6,3.6,3.6,3.5,,,,21658,237,1.1,-.60000002,.30000001,.5,.40000001,-.5,0,-.2,0,-.1,0,0,0,0,0,0,2019m5,313
6/19/2019,0,6/19/2019,1,.054545455,-.077500001,.02,.050000001,-.077500001,-.085000001,-.094999999,-.12,-.11,-.15000001,-.18000001,-.175,-.17,-.155,-.14,-.13,-.033399999,-.0779,-.133,-.092399999,-.058699999,-.035300002,.44145188,.38560411,.11587486,,-.20264071,1.2541943,3.3196847,-.11346995,-3.777698,-.76287258,1,1,-.1185,-.142,-.132,-.096000001,-.07,-.17041022,-.23071244,19jun19,01jun2019,21719,01jun2019,20190619,20190607,20190607,21719,2019.2,4.2,3.4,2.2,3,1.8,1.7,1.7,2.1,2.1,2.1,2.1,,,,3,1.8,1.7,.8,1.8,1.8,2.1,1.9,2.2,2,1.9,,,,3.9,3.8,3.8,3.9,3.6,3.7,3.7,3.7,3.7,3.7,3.7,,,,21707,237,.89999998,-.2,-.5,-.60000002,-.30000001,-.5,-.2,-.1,.2,-.1,0,-.1,0,.1,.1,0,2019m6,314
7/31/2019,0,7/31/2019,1,.039999999,.064999998,0,.039999999,.050000001,.064999998,.064999998,.079999998,.050000001,.085000001,.085000001,.085000001,.079999998,.07,.059999999,.039999999,.0436,.043949999,.074100003,.0263,-.0052,-.028100001,-.65265924,-.63852721,-.44907489,,-.04005729,1.2775381,2.4627252,-.1609503,-1.6763264,-.16168225,0,1,.076499999,.071999997,.046999998,.0049999999,-.0175,.41791531,.20261559,31jul19,01jul2019,21761,01jul2019,20190731,20190719,20190719,21761,2019.3,3.4,2.2,3.1,2.5,1.6,1.8,2.1,2.1,2.1,2.1,,,,,1.8,1.7,.9,2.2,2.3,1.8,1.9,2.2,2,1.9,,,,,3.8,3.8,3.9,3.6,3.7,3.7,3.6,3.6,3.6,3.6,,,,,21749,238,.69999999,-.1,.1,0,0,.40000001,.5,-.30000001,0,0,0,0,0,-.1,-.1,0,2019m7,315
9/18/2019,0,9/18/2019,1,.046875,.039999999,.018750001,.029999999,.039999999,.039999999,.029999999,.035,.07,.064999998,.075000003,.075000003,.075000003,.064999998,.064999998,.059999999,-.017899999,.024599999,.092500001,.075099997,.05305,.033,.023368074,.033375051,-.40661427,,-.092952602,1.334803,4.0299501,-.15711825,2.5298917,-.45952344,1,1,.048,.055,.092,.077,.054000001,.32654804,.27734122,18sep19,01sep2019,21810,01sep2019,20190918,20190906,20190906,21810,2019.3,,,3.1,1.9,1.7,1.8,2.1,2,1.9,1.9,1.9,1.8,1.7,1.7,,,,2.4,2.4,1.8,1.8,2.1,2,1.9,1.9,2.1,2,1.9,,,3.9,3.6,3.7,3.7,3.6,3.6,3.6,3.6,3.6,3.6,3.6,3.6,21798,238,-.60000002,.1,0,0,-.1,.2,.1,0,-.1,-.1,0,0,0,0,0,0,2019m9,316
10/30/2019,0,10/30/2019,1,-.0125,.006875,.0024999999,-.0125,0,.0099999998,.0049999999,.0049999999,.0099999998,0,-.0049999999,-.015,-.02,-.025,-.025,-.02,-.048500001,-.0051000002,-.012,-.0148,-.0264,-.034899998,.46786594,.44536084,.27882713,,-.053264167,1.2851273,.5255968,.023844115,2.1750638,-.21830977,0,1,-.001,-.024499999,.014,.0024999999,-.0040000002,-.24458134,-.11936461,30oct19,01oct2019,21852,01oct2019,20191030,20191018,20191018,21852,2019.4,,3.1,2,1.7,1.6,2.2,2,1.9,1.8,1.8,1.8,1.8,1.8,,,,2.4,2.1,1.7,1.5,2,1.9,1.9,1.9,2.1,1.9,1.8,,,3.9,3.6,3.6,3.6,3.6,3.6,3.6,3.6,3.6,3.6,3.6,3.6,,21840,239,0,-.2,.1,0,0,-.30000001,-.1,-.30000001,-.1,-.1,-.1,-.1,0,0,0,0,2019m10,318
12/11/2019,0,12/11/2019,1,0,0,0,-.0049999999,0,-.0049999999,-.0049999999,-.0049999999,.0024999999,-.0049999999,-.0099999998,-.02,-.025,-.029999999,-.029999999,-.029999999,0,-.0026,-.0243,-.028100001,-.0156,.00069999998,.21948925,.22328548,.36042529,,.1032806,1.3169777,5.0441504,.30818549,2.1088929,-.20309326,1,1,-.017000001,-.018999999,-.041999999,-.022,-.0020000001,-.28958124,-.12879485,11dec19,01dec2019,21894,01dec2019,20191211,20191126,20191126,21894,2019.4,,3.1,2,2.1,1.3,2.3,2.1,2,2,1.9,1.9,1.8,1.8,,,,2.4,1.7,1.5,1.4,2.1,1.9,1.8,1.9,2,1.9,1.9,,,3.9,3.6,3.6,3.6,3.6,3.5,3.5,3.5,3.5,3.5,3.5,3.5,,21879,239,.40000001,-.30000001,.1,.1,.1,-.40000001,-.2,-.1,.1,0,0,0,0,-.1,-.1,0,2019m12,319
1/29/2020,0,1/29/2020,1,.0099999998,-.0049999999,.0024999999,.0099999998,.0099999998,.0049999999,-.0049999999,-.0099999998,0,-.0099999998,-.02,-.02,-.025,-.025,-.029999999,-.025,-.0026,-.0052,-.023800001,-.029300001,-.024,-.0162,-.22954468,-.22811954,.05452067,,-.068042412,1.3055897,8.6578588,-.017027605,-3.0677822,-.28015995,0,1,-.014,-.029999999,-.026000001,-.02,-.012,-.057073552,-.091583475,29jan20,01jan2020,21943,01jan2020,,,,,,,,,,,,,,,,,,,,,,,,,,,,,,,,,,,,,,,,,,,,,,,,,,,,,,,,,,,,,,,,,0,2020m1,320
4/29/2020,0,4/29/2020,1,-.0275,-.02375,-.0024999999,-.0275,-.025,-.02,-.0099999998,-.015,.0049999999,-.0049999999,-.0099999998,0,-.0024999999,0,0,0,-.0077,-.0101,-.0019,.0016,.0094999997,.0164,.3447274,.34068647,.13812155,,-.81175423,-14.379015,-14.054259,.20064157,-19.359537,-.17554879,0,1,-.013,-.0070000002,.001,.003,-.0035000001,-.12841606,-.10304449,29apr20,01apr2020,22034,01apr2020,,,,,,,,,,,,,,,,,,,,,,,,,,,,,,,,,,,,,,,,,,,,,,,,,,,,,,,,,,,,,,,,,0,2020m4,323
6/10/2020,0,6/10/2020,1,0,0,0,0,0,.0049999999,0,.0049999999,-.0024999999,-.0049999999,-.0049999999,-.0049999999,-.015,-.015,-.02,-.025,-.0051000002,-.0077,-.0119,-.035,-.034600001,-.0037499999,.22611928,.21876709,.35186487,,18.509542,-9.1346264,7.6032372,.37954795,-1.0013473,-.26267952,1,1,0,-.028000001,-.052000001,-.0425,-.0049999999,-.2601186,-.093231402,10jun20,01jun2020,22076,01jun2020,,,,,,,,,,,,,,,,,,,,,,,,,,,,,,,,,,,,,,,,,,,,,,,,,,,,,,,,,,,,,,,,,0,2020m6,324
7/29/2020,0,7/29/2020,1,.0049999999,.0049999999,0,.0049999999,.0049999999,0,.0049999999,.0049999999,0,-.015,-.0049999999,-.0049999999,-.0049999999,-.0049999999,-.0049999999,-.0049999999,-.0051000002,-.0051000002,-.0038999999,-.0134,-.0147,-.0044,.35983458,.37034181,-.008483923,,2.5155606,-8.0549126,12.624125,-.048472296,16.974733,-.14810598,0,1,-.0049999999,-.0055,-.011,-.011,0,-.0289248,-.0095238099,29jul20,01jul2020,22125,01jul2020,,,,,,,,,,,,,,,,,,,,,,,,,,,,,,,,,,,,,,,,,,,,,,,,,,,,,,,,,,,,,,,,,0,2020m7,325
9/16/2020,0,9/16/2020,1,0,0,0,0,0,-.0049999999,0,0,0,0,0,0,0,-.0049999999,0,0,-.0076000001,-.0024999999,-.0020000001,.0055999998,.0196,.029200001,-.36917803,-.40346244,-.21985456,,.041569423,-6.5488114,11.183993,-.045256127,15.006883,.30763122,1,1,0,-.015,-.0049999999,.0135,.025,.16332319,.0095210886,16sep20,01sep2020,22174,01sep2020,,,,,,,,,,,,,,,,,,,,,,,,,,,,,,,,,,,,,,,,,,,,,,,,,,,,,,,,,,,,,,,,,0,2020m9,326
11/5/2020,0,11/5/2020,1,0,0,0,0,-.0049999999,0,0,0,0,0,.0049999999,0,-.0099999998,0,.0049999999,0,-.0024999999,-.0049999999,-.0040000002,.0024000001,.0017,-.0060000001,-.03381883,-.071179442,.11849344,,.010809899,-6.1253285,4.0577698,.25171715,7.1181941,.47056937,0,1,-.001,-.0015,.017999999,.0145,.003,-.13050747,-.16395023,05nov20,01nov2020,22224,01nov2020,,,,,,,,,,,,,,,,,,,,,,,,,,,,,,,,,,,,,,,,,,,,,,,,,,,,,,,,,,,,,,,,,0,2020m11,327
12/16/2020,0,12/16/2020,1,0,0,0,0,0,0,0,.0049999999,-.0049999999,-.0049999999,0,0,0,0,-.0049999999,0,.0024999999,0,-.0020000001,-.00079999998,.0017,.003,.27336738,.29745808,.18892722,,-.4007062,-6.2852139,8.7955227,.32744458,7.7399702,.69875211,1,1,.001,.014,.0080000004,.0049999999,-.0040000002,-.16814159,-.19295707,16dec20,01dec2020,22265,01dec2020,,,,,,,,,,,,,,,,,,,,,,,,,,,,,,,,,,,,,,,,,,,,,,,,,,,,,,,,,,,,,,,,,0,2020m12,328
1/27/2021,0,1/27/2021,1,0,.011071429,0,0,.0049999999,0,.0049999999,0,.0049999999,0,0,.0049999999,.0049999999,0,0,0,-.0024999999,0,-.0019,.0055499999,.01105,.0125,-1.1477448,-1.143953,-.11554015,,-.35559195,-6.1848392,11.379452,.2574968,10.320115,.59197009,0,1,.003,.003,-.0089999996,-.0020000001,.0049999999,.15909669,.096061476,27jan21,01jan2021,22307,01jan2021,,,,,,,,,,,,,,,,,,,,,,,,,,,,,,,,,,,,,,,,,,,,,,,,,,,,,,,,,,,,,,,,,0,2021m1,329
3/17/2021,0,3/17/2021,1,-.011071429,-.0099999998,-.0049999999,-.0099999998,-.0099999998,-.0099999998,-.0099999998,-.0099999998,-.0099999998,-.0099999998,-.015,-.0099999998,-.02,-.029999999,-.039999999,-.055,-.0076000001,-.0051000002,-.018100001,-.063500002,-.033500001,-.0074999998,.79414189,.80537766,.54575986,,.26832768,-4.5064054,7.5968347,.97484624,14.492326,.67370713,1,1,-.0115,-.017999999,-.046999998,-.046999998,-.018999999,-.55245012,-.40263543,17mar21,01mar2021,22356,01mar2021,,,,,,,,,,,,,,,,,,,,,,,,,,,,,,,,,,,,,,,,,,,,,,,,,,,,,,,,,,,,,,,,,0,2021m3,330
4/28/2021,0,4/28/2021,1,-.0099999998,-.0046428568,0,-.0099999998,-.0074999998,-.0099999998,-.0049999999,-.0049999999,-.0049999999,-.0024999999,-.0049999999,-.0099999998,-.0099999998,-.015,-.029999999,-.035,-.0024999999,-.0051000002,-.0098000001,-.0337,-.030200001,-.022399999,.088011459,.10770704,.29793924,,.35491514,10.325669,8.6062565,.82275563,11.740236,.3982327,0,1,-.0060000001,-.0125,-.031500001,-.023,-.017000001,-.27831253,-.24788836,28apr21,01apr2021,22398,01apr2021,,,,,,,,,,,,,,,,,,,,,,,,,,,,,,,,,,,,,,,,,,,,,,,,,,,,,,,,,,,,,,,,,0,2021m4,331
6/16/2021,0,6/16/2021,1,.026785715,.0125,.0125,.02,.0125,.0049999999,.0099999998,.0099999998,.0099999998,.015,.015,.029999999,.045000002,.07,.090000004,.105,.0177,.0076000001,.034000002,.095299996,.074600004,.0272,.025871785,.035446327,-.79240608,,-.22268966,5.7561064,7.4088168,-.14683385,7.7247534,.48622003,1,1,.0094999997,.028000001,.19400001,.15800001,.086000003,.72330135,.59139293,16jun21,01jun2021,22447,01jun2021,,,,,,,,,,,,,,,,,,,,,,,,,,,,,,,,,,,,,,,,,,,,,,,,,,,,,,,,,,,,,,,,,0,2021m6,332
7/28/2021,0,7/28/2021,1,-.0049999999,.01375,0,-.0049999999,0,-.0049999999,-.0049999999,0,-.0049999999,-.0049999999,0,0,.0049999999,.0099999998,.015,.015,-.0049999999,.0024999999,-.001,.0016,-.0083999997,-.0124,.27557233,.29056519,.27935326,,.21011987,5.2484999,5.1584396,-.50322855,4.784543,.2285807,0,1,-.0089999996,.020500001,-.046,-.048,-.035999998,-.25401285,-.12716869,28jul21,01jul2021,22489,01jul2021,,,,,,,,,,,,,,,,,,,,,,,,,,,,,,,,,,,,,,,,,,,,,,,,,,,,,,,,,,,,,,,,,0,2021m7,333
9/22/2021,0,9/22/2021,1,0,0,0,0,0,0,.0049999999,0,.0049999999,.0049999999,.015,.025,.029999999,.035,.035,.035,.0049999999,.0024999999,.020199999,.0243,.0051000002,-.0099999998,.23758021,.25662959,-.18761726,,-.8393634,4.1058407,4.4074187,-.19169371,4.2381735,.3096852,1,1,.0040000002,.0185,.044,.022,.0020000001,.13944608,.14593214,22sep21,01sep2021,22545,01sep2021,,,,,,,,,,,,,,,,,,,,,,,,,,,,,,,,,,,,,,,,,,,,,,,,,,,,,,,,,,,,,,,,,0,2021m9,334
11/3/2021,0,11/3/2021,1,0,-.0096875001,0,-.0049999999,-.0049999999,0,0,0,-.0024999999,.0049999999,.0099999998,0,-.0099999998,-.015,-.0099999998,-.015,-.0024999999,0,-.0060000001,-.0017,.0263,.054000001,.66845006,.6715771,.14676681,,.094496988,4.198122,5.4015098,.32475075,9.7603464,.42831367,0,1,.0135,-.0049999999,-.015,.015,.050999999,-.12013098,.052626964,03nov21,01nov2021,22587,01nov2021,,,,,,,,,,,,,,,,,,,,,,,,,,,,,,,,,,,,,,,,,,,,,,,,,,,,,,,,,,,,,,,,,0,2021m11,335
12/15/2021,0,12/15/2021,1,-.00484375,-.0099999998,-.0024999999,-.0049999999,-.0099999998,.0099999998,.025,.025,.02,.039999999,.035,.029999999,.025,.025,.0099999998,0,-.0026,.0051000002,.0121,.0131,.020400001,.0252,1.5246136,1.5185906,.30646235,,-.59774834,4.9495444,3.6335566,-.15707213,-3.6786182,.21899588,1,1,.022,.021,-.056000002,-.025,-.0080000004,-.28353822,.070206232,15dec21,01dec2021,22629,01dec2021,,,,,,,,,,,,,,,,,,,,,,,,,,,,,,,,,,,,,,,,,,,,,,,,,,,,,,,,,,,,,,,,,0,2021m12,336
1/26/2022,0,1/26/2022,1,-.0049999999,.046666667,-.0024999999,-.0049999999,.02,.045000002,.07,.075000003,.079999998,.11,.125,.14,.13249999,.1375,.1125,.125,.0076000001,.02165,.1052,.089900002,.060699999,.039900001,-1.8797019,-1.8867924,-.43393552,,-.44879535,4.843924,-4.3421283,-.31112191,-.41944522,.33678997,0,1,.079000004,.109,.13699999,.090000004,.0495,.43402687,.21870352,26jan22,01jan2022,22671,01jan2022,,,,,,,,,,,,,,,,,,,,,,,,,,,,,,,,,,,,,,,,,,,,,,,,,,,,,,,,,,,,,,,,,0,2022m1,337
3/16/2022,0,3/16/2022,1,-.020666666,-.031382717,-.0099999998,-.015,-.029999999,-.02,-.0049999999,.02,.02,.050000001,.064999998,.059999999,.055,.045000002,.035,.022500001,-.0152,.0013,.0513,.020199999,-.0080000004,-.029100001,.44524941,.42906013,.33670035,,.38062298,4.8048429,-9.0768766,-.32661837,22.517599,-.040071674,1,1,.028999999,.035999998,.035999998,.013,-.013,-.27445817,.025288712,16mar22,01mar2022,22720,01mar2022,,,,,,,,,,,,,,,,,,,,,,,,,,,,,,,,,,,,,,,,,,,,,,,,,,,,,,,,,,,,,,,,,0,2022m3,338
5/4/2022,0,5/4/2022,1,-.017222222,-.072777778,-.015,-.045000002,-.075000003,-.11,-.1225,-.14,-.094999999,-.15000001,-.17,-.18000001,-.16500001,-.145,-.13500001,-.125,-.050900001,-.083499998,-.15099999,-.1094,-.052700002,-.0080000004,2.2879071,2.3322568,.65471107,,.02914807,4.7534451,-5.9587808,-.19521496,15.708863,.039434444,0,1,-.117,-.13699999,-.2015,-.112,-.044,-.7199567,-.79157698,04may22,01may2022,22769,01may2022,,,,,,,,,,,,,,,,,,,,,,,,,,,,,,,,,,,,,,,,,,,,,,,,,,,,,,,,,,,,,,,,,0,2022m5,339
6/15/2022,0,6/15/2022,0,.039999999,-.045000002,.02,.029999999,-.045000002,-.055,-.085000001,-.105,-.12,-.19,-.155,-.16,-.13500001,-.13,-.12,-.12,-.058800001,-.098499998,-.1321,-.1237,-.084200002,-.0233,1.3218904,1.3597771,.57692307,,.070166573,4.3772349,-11.823388,-.080520608,2.9928706,.034608107,1,1,-.1175,-.141,-.18449999,-.115,-.039999999,-.64413917,-.53571427,15jun22,01jun2022,22811,01jun2022,,,,,,,,,,,,,,,,,,,,,,,,,,,,,,,,,,,,,,,,,,,,,,,,,,,,,,,,,,,,,,,,,0,2022m6,341
7/27/2022,0,7/27/2022,1,-.015,-.048333332,0,-.015,-.025,-.045000002,-.064999998,-.077500001,-.055,-.1,-.125,-.105,-.075000003,-.050000001,-.029999999,-.015,-.033399999,-.0261,-.0792,-.0254,.0073000002,.030099999,1.5415912,1.5275333,.75981843,,.13543922,4.1966348,-11.380314,-.83892643,-8.9755611,.11568797,0,1,-.086999997,-.075999998,-.075999998,-.037999999,.001,-.73401773,-.53908354,27jul22,01jul2022,22853,01jul2022,,,,,,,,,,,,,,,,,,,,,,,,,,,,,,,,,,,,,,,,,,,,,,,,,,,,,,,,,,,,,,,,,0,2022m7,342
9/21/2022,0,9/21/2022,1,-.025,-.030357143,-.0074999998,-.029999999,-.029999999,.0099999998,.035,.064999998,.059999999,.085000001,.105,.094999999,.050000001,.035,0,-.0099999998,-.045049999,.0264,.041549999,-.016000001,-.052900001,-.079300001,-1.2571996,-1.2891226,-.19222987,,-.007453864,3.8520823,5.0301032,-.74792111,-8.6504736,.097860254,1,1,.049800001,.043000001,.0040000002,-.034499999,-.056499999,.14603409,-.24283633,21sep22,01sep2022,22909,01sep2022,,,,,,,,,,,,,,,,,,,,,,,,,,,,,,,,,,,,,,,,,,,,,,,,,,,,,,,,,,,,,,,,,0,2022m9,343
11/2/2022,0,11/2/2022,1,-.002678571,-.016029412,-.0024999999,-.0099999998,-.015,.015,.029999999,.059999999,0,.059999999,.105,.13,.105,.1,.090000004,.085000001,-.0104,0,.070699997,.065200001,.070799999,.059,-1.7797884,-1.7964848,-.56628579,,.063848652,3.5338011,-6.586422,.059611294,-4.5783434,.16094372,0,1,.066,.077,.043000001,.045499999,.034000002,.56401277,.54418069,02nov22,01nov2022,22951,01nov2022,,,,,,,,,,,,,,,,,,,,,,,,,,,,,,,,,,,,,,,,,,,,,,,,,,,,,,,,,,,,,,,,,0,2022m11,344
12/14/2022,0,12/14/2022,1,-.002279412,.000084400002,-.00125,.0024999999,0,.0049999999,.029999999,.059999999,0,.045000002,.07,.075000003,.075000003,.059999999,.045000002,.029999999,.0129,.021199999,.058499999,.0103,-.02,-.043499999,-1.4960777,-1.3205801,-.13102481,,.070130154,2.9957817,-2.2328007,-.80249393,-6.6523008,.039175555,1,1,.0469,.046,.023,.0024999999,-.022500001,.1390646,.28899592,14dec22,01dec2022,22993,01dec2022,,,,,,,,,,,,,,,,,,,,,,,,,,,,,,,,,,,,,,,,,,,,,,,,,,,,,,,,,,,,,,,,,0,2022m12,345
2/1/2023,0,2/1/2023,1,-.007777778,-.015432099,-.0074999998,-.0099999998,-.0099999998,-.025,-.029999999,-.035,-.039999999,-.064999998,-.115,-.155,-.19,-.19,-.185,-.17,.0104,-.016000001,-.1144,-.1085,-.075099997,-.038199998,1.6789757,1.7077216,.75139743,,.47494784,3.132946,6.2241859,-.76972169,-.91992229,.021991843,0,1,-.048799999,-.1095,-.15099999,-.106,-.061000001,-.70329154,-.53310668,01feb23,01feb2023,23042,01feb2023,,,,,,,,,,,,,,,,,,,,,,,,,,,,,,,,,,,,,,,,,,,,,,,,,,,,,,,,,,,,,,,,,0,2023m2,346
3/22/2023,0,3/22/2023,1,.034444444,.0073809521,.0099999998,.035,.0099999998,-.0074999998,-.015,-.037500001,-.039999999,-.090000004,-.13500001,-.205,-.25,-.255,-.245,-.22499999,-.0208,-.071999997,-.1534,-.14065,-.058400001,.0043000001,.000375053,-.037193157,.86150998,,.10173278,2.4959128,.18879399,.1847638,-8.0813675,-.020361286,1,1,-.077,-.162,-.171,-.078000002,-.023,-.76876438,-.91272533,22mar23,01mar2023,23091,01mar2023,,,,,,,,,,,,,,,,,,,,,,,,,,,,,,,,,,,,,,,,,,,,,,,,,,,,,,,,,,,,,,,,,0,2023m3,347
5/3/2023,0,5/3/2023,1,.011071429,.0278125,.0099999998,.02,.0099999998,.0099999998,.0049999999,-.0049999999,.0049999999,-.015,-.035,-.055,-.059999999,-.055,-.050000001,-.045000002,.0052999998,0,-.0392,-.023150001,.0038000001,.0184,-.75344497,-.77136314,.054298643,,.067687392,2.4336951,1.1970639,.13574509,-7.7626405,-.45214403,0,1,-.0089999996,-.026000001,-.034000002,-.016000001,-.0020000001,-.031552274,-.13297872,03may23,01may2023,23133,01may2023,,,,,,,,,,,,,,,,,,,,,,,,,,,,,,,,,,,,,,,,,,,,,,,,,,,,,,,,,,,,,,,,,0,2023m5,348
6/14/2023,0,6/14/2023,1,-.0140625,0,-.0074999998,-.015,0,.0099999998,.02,.07,-.0099999998,.050000001,.125,.16,.16500001,.16,.14,.115,-.0013,.0188,.1146,.085000001,.040800001,.0119,-.089275405,-.097120658,-.24868748,,.19599292,2.2828546,12.345735,-.45998672,-4.0724969,-.31085753,1,1,.077100001,.106,.086999997,.047499999,.018999999,.26861838,.38737446,14jun23,01jun2023,23175,01jun2023,,,,,,,,,,,,,,,,,,,,,,,,,,,,,,,,,,,,,,,,,,,,,,,,,,,,,,,,,,,,,,,,,0,2023m6,349
7/26/2023,0,7/26/2023,1,.0049999999,-.0024999999,.0024999999,.0049999999,.0024999999,.0049999999,-.02,-.029999999,-.015,-.035,-.050000001,-.064999998,-.079999998,-.075000003,-.07,-.075000003,-.0077999998,-.0134,-.060199998,-.054099999,-.0296,-.013,.04115922,.032729652,.19878919,,-.070516877,1.9219663,10.073068,-.26789606,.3674472,-.052736964,0,1,-.031350002,-.052000001,-.050000001,-.032000002,-.015,-.21730112,-.24903943,26jul23,01jul2023,23217,01jul2023,,,,,,,,,,,,,,,,,,,,,,,,,,,,,,,,,,,,,,,,,,,,,,,,,,,,,,,,,,,,,,,,,0,2023m7,350
9/20/2023,0,9/20/2023,1,0,.0051724138,0,0,.0049999999,.02,.025,.035,.029999999,.07,.1,.125,.11,.1,.075000003,.064999998,0,.0052999998,.079099998,.060699999,.029999999,-.00050000002,-.56813711,-.6173526,-.46607009,,-.014457204,1.820949,.4083609,.49325797,4.4338307,.015125016,1,1,.054850001,.081,.075999998,.046,.0099999998,.42953277,.29126871,20sep23,01sep2023,23273,01sep2023,,,,,,,,,,,,,,,,,,,,,,,,,,,,,,,,,,,,,,,,,,,,,,,,,,,,,,,,,,,,,,,,,0,2023m9,351
11/1/2023,0,11/1/2023,1,-.0025862069,-.032576628,-.0024999999,-.02,-.029999999,-.039999999,-.039999999,-.045000002,-.035,-.055,-.075000003,-.090000004,-.090000004,-.090000004,-.079999998,-.075000003,-.0038999999,-.0188,-.075949997,-.072400004,-.044199999,-.017349999,.7300753,.73907644,.26578072,,-.081565998,1.679629,-9.0046215,1.0012014,1.1426889,-.072995521,0,1,-.054299999,-.071999997,-.086499996,-.0535,-.030999999,-.25703576,-.24482234,01nov23,01nov2023,23315,01nov2023,,,,,,,,,,,,,,,,,,,,,,,,,,,,,,,,,,,,,,,,,,,,,,,,,,,,,,,,,,,,,,,,,0,2023m11,352
12/13/2023,0,12/13/2023,1,-.004305556,-.025,-.0024999999,0,-.025,-.050000001,-.094999999,-.155,-.0125,-.13500001,-.22,-.255,-.27000001,-.25999999,-.245,-.215,-.023499999,-.036200002,-.1992,-.1778,-.1157,-.076800004,.94917774,.9252286,.76937336,,-.012941406,1.6667802,3.4224672,.27386305,-9.4571142,-.37940219,1,1,-.1605,-.204,-.2145,-.147,-.097000003,-.85854262,-1.3366405,13dec23,01dec2023,23357,01dec2023,,,,,,,,,,,,,,,,,,,,,,,,,,,,,,,,,,,,,,,,,,,,,,,,,,,,,,,,,,,,,,,,,0,2023m12,353
1/31/2024,0,1/31/2024,1,.0024999999,.058863636,0,.0024999999,.022500001,.050000001,.050000001,.045000002,.045000002,.035,.029999999,.025,.0099999998,.0099999998,.0099999998,0,.019549999,.040100001,.020500001,.025900001,.022700001,.018750001,-.60605317,-.60528994,-.39638644,,.20974718,1.4553105,16.238867,-.36477059,-6.0945277,-.33733639,0,1,.036600001,.029999999,.0060000001,.0080000004,.0080000004,.40924853,.52563316,31jan24,01jan2024,23406,01jan2024,,,,,,,,,,,,,,,,,,,,,,,,,,,,,,,,,,,,,,,,,,,,,,,,,,,,,,,,,,,,,,,,,0,2024m1,354
3/20/2024,0,3/20/2024,1,-.0070454548,-.010098485,-.0024999999,-.0049999999,-.0099999998,-.025,-.035,-.050000001,-.045000002,-.075000003,-.079999998,-.075000003,-.07,-.050000001,-.039999999,-.029999999,-.0026,-.021400001,-.059500001,-.0319,-.0078999996,.0165,.95460874,.9451074,.46010858,,.082285337,1.5005654,9.5447474,.24729788,1.9112109,-.087289035,1,1,-.0506,-.045000002,-.064000003,-.032000002,-.0080000004,-.46195599,-.30349013,20mar24,01mar2024,23455,01mar2024,,,,,,,,,,,,,,,,,,,,,,,,,,,,,,,,,,,,,,,,,,,,,,,,,,,,,,,,,,,,,,,,,0,2024m3,355
5/1/2024,0,5/1/2024,1,0,-.0083333328,0,-.0049999999,-.0049999999,-.0049999999,-.015,-.025,-.0099999998,-.029999999,-.055,-.072499998,-.075000003,-.075000003,-.064999998,-.059999999,-.0026,-.0134,-.064599998,-.051399998,-.024800001,0,1.0695426,.97966456,.23406048,,-.13358387,1.4363455,2.9159853,.1182303,5.3943486,-.046306923,0,1,-.037500001,-.057999998,-.075000003,-.046,-.018999999,-.2221992,-.13324028,01may24,01may2024,23497,01may2024,,,,,,,,,,,,,,,,,,,,,,,,,,,,,,,,,,,,,,,,,,,,,,,,,,,,,,,,,,,,,,,,,0,2024m5,356
6/12/2024,0,6/12/2024,1,0,.015,0,.0049999999,.015,.025,.029999999,.039999999,.0074999998,.029999999,.059999999,.07,.075000003,.085000001,.079999998,.079999998,0,.026699999,.060899999,.059599999,.054400001,.0447,-.25585854,-.24827586,-.3136242,,.099269405,1.3028171,4.7943201,.081441261,6.5664983,-.10820626,1,1,.044849999,.064999998,.07,.059,.050999999,.3593021,.59661275,12jun24,01jun2024,23539,01jun2024,,,,,,,,,,,,,,,,,,,,,,,,,,,,,,,,,,,,,,,,,,,,,,,,,,,,,,,,,,,,,,,,,0,2024m6,357
7/31/2024,0,7/31/2024,1,0,-.025,0,0,-.0099999998,-.025,-.035,-.045000002,-.02,-.059999999,-.075000003,-.094999999,-.090000004,-.094999999,-.090000004,-.079999998,-.0026,-.021299999,-.070200004,-.057399999,-.0328,-.0119,-.011692408,-.02701121,.092472725,,-.13652906,1.2636225,7.4049115,-.04580773,-7.9660296,-.1457535,0,1,-.055349998,-.079499997,-.067000002,-.041000001,-.018999999,-.18704857,-.64947975,31jul24,01jul2024,23588,01jul2024,,,,,,,,,,,,,,,,,,,,,,,,,,,,,,,,,,,,,,,,,,,,,,,,,,,,,,,,,,,,,,,,,0,2024m7,358
9/18/2024,0,9/18/2024,1,-.11875,-.087771736,-.047499999,-.11,-.094999999,-.090000004,-.075000003,-.064999998,-.079999998,-.07,-.045000002,-.039999999,-.0049999999,.0049999999,.025,.029999999,-.12720001,-.074199997,-.033500001,-.0035000001,.016899999,.0359,.27403674,.27919343,.026956599,,-.073253959,1.2585659,3.6294918,.44433147,-3.5029366,-.29013675,1,1,-.071549997,-.035999998,-.012,.0099999998,.028000001,-.01686023,.1057008,18sep24,01sep2024,23637,01sep2024,,,,,,,,,,,,,,,,,,,,,,,,,,,,,,,,,,,,,,,,,,,,,,,,,,,,,,,,,,,,,,,,,0,2024m9,359
11/7/2024,0,11/7/2024,1,0,0,0,0,-.0099999998,.0099999998,.015,.0099999998,.0049999999,.015,.02,.015,.0099999998,.0049999999,0,-.0049999999,.0117,.0013,.0020999999,-.0105,-.0253,-.026900001,.30358228,.26280659,.046300583,,-.18838543,1.2420865,12.353514,.54676044,6.259552,.17139353,0,1,.011,.0099999998,.0020000001,-.015,-.022,-.05747677,-.084972873,07nov24,01nov2024,23687,01nov2024,,,,,,,,,,,,,,,,,,,,,,,,,,,,,,,,,,,,,,,,,,,,,,,,,,,,,,,,,,,,,,,,,0,2024m11,360
12/18/2024,0,12/18/2024,1,-.011923077,.02,-.0049999999,-.0099999998,.02,.029999999,.045000002,.07,.059999999,.115,.15000001,.17,.17,.16500001,.16,.15000001,-.0026,.0265,.12890001,.14579999,.1051,.054000001,-2.0300725,-2.0239077,-1.2393936,,-.024303664,1.2739509,7.1500959,.47574908,1.7347584,-.053426191,1,1,.087499999,.1265,.155,.111,.054000001,1.1094184,.54623491,18dec24,01dec2024,23728,01dec2024,,,,,,,,,,,,,,,,,,,,,,,,,,,,,,,,,,,,,,,,,,,,,,,,,,,,,,,,,,,,,,,,,0,2024m12,361
1/29/2025,0,1/29/2025,1,.0049999999,.017916666,0,.0049999999,.0099999998,.025,.015,.02,.015,.0099999998,.0049999999,-.0049999999,-.0099999998,-.0099999998,-.0099999998,.0049999999,.0050030001,.0104995,.0070000002,-.0020000001,-.0070000002,-.0089999996,.25020906,.24302839,-.038387716,,.10300937,1.2679621,3.633285,.38801008,1.1926447,.045078456,0,1,.012,.0060000001,.0063200002,-.0079835001,-.0090164999,.039830673,.13538779,29jan25,01jan2025,23770,01jan2025,,,,,,,,,,,,,,,,,,,,,,,,,,,,,,,,,,,,,,,,,,,,,,,,,,,,,,,,,,,,,,,,,0,2025m1,362
3/19/2025,0,3/19/2025,1,0,-.012916667,0,.0049999999,-.0099999998,-.015,-.029999999,-.039999999,-.035,-.075000003,-.105,-.125,-.13500001,-.13500001,-.125,-.115,-.003,-.010999,-.103,-.090000004,-.068499997,-.048,.81191516,.8022694,.22089277,,-.051047686,1.109888,-7.2179904,.043389864,7.5494022,-.39219248,1,1,-.058200002,-.097000003,-.110339,-.075143002,-.055,-.26666152,-.64025611,19mar25,01mar2025,23819,01mar2025,,,,,,,,,,,,,,,,,,,,,,,,,,,,,,,,,,,,,,,,,,,,,,,,,,,,,,,,,,,,,,,,,0,2025m3,363
5/7/2025,0,5/7/2025,1,0,.0062500001,0,.0024999999,.0099999998,.0099999998,.0049999999,.0049999999,0,-.0049999999,-.0049999999,-.015,-.02,-.02,-.025,-.025,.0049990001,.0055005001,-.014,-.016000001,-.012,-.0080000004,-.42350912,-.30612245,-.22921626,,.030472083,1.0237104,-7.4491925,.092455491,-.086966552,-.54495019,0,1,-.00079999998,-.0129,.011687,.0050300001,.0083910003,.19680296,.13939226,07may25,01may2025,23868,01may2025,,,,,,,,,,,,,,,,,,,,,,,,,,,,,,,,,,,,,,,,,,,,,,,,,,,,,,,,,,,,,,,,,0,2025m5,364
6/18/2025,0,6/18/2025,1,.0062500001,.0049999999,.0024999999,.0049999999,.0049999999,0,-.0099999998,-.02,-.0099999998,-.025,-.0099999998,-.0049999999,.0099999998,.02,.025,.025,-.0020010001,-.00049900002,0,.013,.012,.013,-.30232999,-.32481053,-.26091495,,-.029087359,.96044904,5.9179254,.13634604,2.539999,,1,1,-.0116,.0020000001,-.003848,-.0042869998,-.003214,.25069639,.26937422,18jun25,01jun2025,23910,01jun2025,,,,,,,,,,,,,,,,,,,,,,,,,,,,,,,,,,,,,,,,,,,,,,,,,,,,,,,,,,,,,,,,,0,2025m6,365
7/30/2025,0,7/30/2025,1,.0049999999,.039615385,0,.0049999999,.02,.045000002,.064999998,.064999998,.055,.079999998,.079999998,.059999999,.050000001,.045000002,.035,.025,.010001,.031998999,.054000001,.033,.014,-.001,-.69426394,-.70496595,-.50522649,,.021065867,.9498865,14.975928,-.082836978,.74365181,,0,1,.0572,.049699999,.045779001,.024972999,.0071020001,.44456962,.34925112,30jul25,01jul2025,23952,01jul2025,,,,,,,,,,,,,,,,,,,,,,,,,,,,,,,,,,,,,,,,,,,,,,,,,,,,,,,,,,,,,,,,,0,2025m7,366
9/17/2025,0,9/17/2025,1,.011538462,-.025,.0049999999,.0099999998,-.025,-.025,-.025,-.029999999,-.029999999,-.025,-.015,-.015,.0049999999,0,.0099999998,.015,-.0080019999,-.014999,-.013,0,.0070000002,.0049999999,.17872356,.16286644,-.075923741,,-.12466494,.8046422,8.8818874,-.038758513,.69334888,,1,1,-.021500001,-.0114,-.0046970001,.00086199999,-.0059420001,.08168076,.19137448,17sep25,01sep2025,24001,01sep2025,,,,,,,,,,,,,,,,,,,,,,,,,,,,,,,,,,,,,,,,,,,,,,,,,,,,,,,,,,,,,,,,,0,2025m9,367
10/29/2025,0,10/29/2025,1,.029999999,.081666663,0,.029999999,.064999998,.085000001,.105,.105,.11,.115,.094999999,.079999998,.064999998,.055,.055,.055,.060001001,.065999001,.081,.068000004,.050000001,.030999999,-.40357965,-.3928211,-.55803573,,.057019092,.8046422,7.550199,.079082824,6.2606144,,0,1,.089199997,.075199999,.077655002,.052350499,.035085,.53547388,.45967954,29oct25,01oct2025,24043,01oct2025,,,,,,,,,,,,,,,,,,,,,,,,,,,,,,,,,,,,,,,,,,,,,,,,,,,,,,,,,,,,,,,,,0,2025m10,368
12/10/2025,0,12/10/2025,1,-.0036904761,-.0049999999,-.0024999999,0,-.0049999999,-.0099999998,-.02,-.025,-.0125,-.035,-.045000002,-.039999999,-.039999999,-.039999999,-.039999999,-.035,-.043999001,-.024,-.054000001,-.046,-.027000001,0,.80997115,.81431442,.30880082,,,.58647877,5.1806526,.16031334,9.8765326,,1,1,-.025,-.032200001,-.048919,-.0293955,-.00059700001,-.31325787,-.31323916,10dec25,01dec2025,24085,01dec2025,,,,,,,,,,,,,,,,,,,,,,,,,,,,,,,,,,,,,,,,,,,,,,,,,,,,,,,,,,,,,,,,,0,2025m12,369
