Date,isk
1/4/1988,0.11646396
1/5/1988,0.16476448
1/6/1988,0.214977214
1/7/1988,0.276176736
1/8/1988,0.316903243
1/11/1988,0.271898017
1/12/1988,0.391333139
1/13/1988,0.216987167
1/14/1988,0.363065498
1/15/1988,0.022526257
1/18/1988,0.301859479
1/19/1988,0.332268037
1/20/1988,0.263159517
1/21/1988,0.135933967
1/22/1988,0.092814896
1/25/1988,0.335728681
1/26/1988,0.27921614
1/27/1988,0.127195659
1/28/1988,0.177851821
1/29/1988,0.144252319
2/1/1988,0.435811435
2/2/1988,0.505165374
2/3/1988,-0.075585229
2/4/1988,-0.007364028
2/5/1988,0.626678185
2/8/1988,0.714235882
2/9/1988,0.595680663
2/10/1988,0.526383116
2/11/1988,0.756774083
2/12/1988,0.818710872
2/16/1988,0.755757506
2/17/1988,0.901417739
2/18/1988,0.754839177
2/19/1988,0.825679805
2/22/1988,0.754307695
2/23/1988,0.636201488
2/24/1988,0.781328213
2/25/1988,0.815417775
2/26/1988,0.859262636
2/29/1988,0.69427329
3/1/1988,0.777658124
3/2/1988,0.625323709
3/3/1988,0.823518435
3/4/1988,0.754400768
3/7/1988,0.700246001
3/8/1988,0.677138675
3/9/1988,0.756674327
3/10/1988,0.825483087
3/11/1988,0.812243557
3/14/1988,0.7617193
3/15/1988,0.724115977
3/16/1988,0.726829784
3/17/1988,0.666002032
3/18/1988,0.762042521
3/21/1988,0.822454226
3/22/1988,0.7065883
3/23/1988,0.669158714
3/24/1988,0.66750561
3/25/1988,0.705338052
3/28/1988,0.582126799
3/29/1988,0.574037541
3/30/1988,0.643879105
3/31/1988,0.484034723
4/4/1988,0.576896777
4/5/1988,0.68228263
4/6/1988,0.598025498
4/7/1988,0.695307592
4/8/1988,0.381318778
4/11/1988,0.50514563
4/12/1988,0.580085039
4/13/1988,0.601342505
4/14/1988,0.673434294
4/15/1988,0.688486256
4/18/1988,0.734929298
4/19/1988,0.591091618
4/20/1988,0.638603465
4/21/1988,0.415986711
4/22/1988,0.371897513
4/25/1988,0.302173261
4/26/1988,0.263348486
4/27/1988,0.185045894
4/28/1988,0.314722556
4/29/1988,0.334920182
5/2/1988,0.360719188
5/3/1988,0.138277342
5/4/1988,-0.010114783
5/5/1988,-0.031681764
5/6/1988,0.343139763
5/9/1988,0.274460746
5/10/1988,0.241004787
5/11/1988,0.200968524
5/12/1988,0.238095084
5/13/1988,0.246121787
5/16/1988,0.190815161
5/17/1988,0.155486096
5/18/1988,0.255406274
5/19/1988,0.163248724
5/20/1988,0.255254139
5/23/1988,0.17089619
5/24/1988,0.209100774
5/25/1988,0.239638595
5/26/1988,0.212580972
5/27/1988,0.135608582
5/31/1988,0.17249211
6/1/1988,0.136567323
6/2/1988,0.240561745
6/3/1988,0.163385252
6/6/1988,0.241996123
6/7/1988,0.190709716
6/8/1988,0.138662004
6/9/1988,0.066850838
6/10/1988,0.079534916
6/13/1988,0.081756198
6/14/1988,0.054739933
6/15/1988,0.167937129
6/16/1988,0.268516576
6/17/1988,0.236718848
6/20/1988,0.147607627
6/21/1988,0.128161013
6/22/1988,0.148457126
6/23/1988,0.116896982
6/24/1988,0.139057807
6/27/1988,0.17723797
6/28/1988,0.224169213
6/29/1988,0.170278738
6/30/1988,0.237139373
7/1/1988,0.270637137
7/5/1988,0.296189071
7/6/1988,0.08767867
7/7/1988,0.236112115
7/8/1988,0.241913002
7/11/1988,0.400245652
7/12/1988,0.184047058
7/13/1988,0.389506205
7/14/1988,0.409484609
7/15/1988,0.427303089
7/18/1988,0.393266612
7/19/1988,0.334751531
7/20/1988,0.299771254
7/21/1988,0.329475024
7/22/1988,0.374512305
7/25/1988,0.422391753
7/26/1988,0.299391331
7/27/1988,0.393688123
7/28/1988,0.256173859
7/29/1988,0.413642676
8/1/1988,0.59157455
8/2/1988,0.333178344
8/3/1988,0.426876957
8/4/1988,0.515912999
8/5/1988,0.300179397
8/8/1988,0.403809468
8/9/1988,0.640406643
8/10/1988,-0.010028679
8/11/1988,0.423739823
8/12/1988,0.066365727
8/15/1988,0.074194921
8/16/1988,0.098117342
8/17/1988,0.14953667
8/18/1988,0.057670798
8/19/1988,0.138856803
8/22/1988,0.128548798
8/23/1988,0.130467445
8/24/1988,0.064597479
8/25/1988,0.123844264
8/26/1988,0.010353135
8/29/1988,0.120061787
8/30/1988,0.143019128
8/31/1988,0.155198907
9/1/1988,0.114234478
9/2/1988,0.075221837
9/6/1988,0.159324258
9/7/1988,0.176900205
9/8/1988,0.100787381
9/9/1988,0.148801881
9/12/1988,0.100649988
9/13/1988,0.20226872
9/14/1988,0.185545083
9/15/1988,0.114983723
9/16/1988,0.150570277
9/19/1988,0.250048324
9/20/1988,0.297644066
9/21/1988,0.185613541
9/22/1988,0.205340043
9/23/1988,0.267612004
9/26/1988,0.236356288
9/27/1988,0.210664123
9/28/1988,0.241296026
9/29/1988,0.200091559
9/30/1988,0.022310995
10/3/1988,0.134984446
10/4/1988,0.225935242
10/5/1988,0.30633343
10/6/1988,0.184061312
10/7/1988,0.160621568
10/10/1988,0.117008351
10/11/1988,0.009000852
10/12/1988,0.189549614
10/13/1988,0.15416508
10/14/1988,0.130714203
10/17/1988,0.120268699
10/18/1988,0.301486158
10/19/1988,0.33014255
10/20/1988,0.41052384
10/21/1988,0.35551865
10/24/1988,0.352485275
10/25/1988,0.393003259
10/26/1988,0.488741824
10/27/1988,0.681334746
10/28/1988,0.39209922
10/31/1988,0.50639253
11/1/1988,0.491571756
11/2/1988,0.391273183
11/3/1988,0.471689409
11/4/1988,0.543676875
11/7/1988,0.545925038
11/8/1988,0.597983999
11/9/1988,0.543092632
11/10/1988,0.729163418
11/11/1988,0.267165485
11/14/1988,0.211858004
11/15/1988,0.235399955
11/16/1988,0.289728731
11/17/1988,0.281583137
11/18/1988,0.182143438
11/21/1988,0.224870925
11/22/1988,0.32027407
11/23/1988,0.324378299
11/25/1988,0.256773655
11/28/1988,0.16852389
11/29/1988,0.187068174
11/30/1988,0.189812849
12/1/1988,0.118662622
12/2/1988,0.200074843
12/5/1988,0.231491657
12/6/1988,0.113261393
12/7/1988,0.151390131
12/8/1988,0.234830887
12/9/1988,0.24957309
12/12/1988,0.182491272
12/13/1988,0.188554331
12/14/1988,0.285866991
12/15/1988,0.266659011
12/16/1988,0.263794238
12/19/1988,0.31550051
12/20/1988,0.343459255
12/21/1988,0.339972208
12/22/1988,0.417260865
12/23/1988,0.395618573
12/27/1988,0.255917183
12/28/1988,0.132632593
12/29/1988,0.207295583
12/30/1988,0.395849167
1/3/1989,0.243779141
1/4/1989,0.260514616
1/5/1989,0.201657832
1/6/1989,0.243682215
1/9/1989,0.390587989
1/10/1989,0.377190381
1/11/1989,0.458050025
1/12/1989,0.501685225
1/13/1989,0.293433564
1/16/1989,0.297842311
1/17/1989,0.320874297
1/18/1989,0.288558903
1/19/1989,0.303630209
1/20/1989,0.473787799
1/23/1989,0.315708213
1/24/1989,0.229107747
1/25/1989,0.324262323
1/26/1989,0.273480324
1/27/1989,0.339093899
1/30/1989,0.063185136
1/31/1989,0.282781689
2/1/1989,0.056397254
2/2/1989,0.174805572
2/3/1989,0.387193859
2/6/1989,0.255147459
2/7/1989,0.11131351
2/8/1989,0.036253509
2/9/1989,0.083301785
2/10/1989,0.27122457
2/13/1989,0.283745064
2/14/1989,0.210739694
2/15/1989,0.246318694
2/16/1989,0.287257765
2/17/1989,0.277739916
2/21/1989,0.368722443
2/22/1989,0.228678392
2/23/1989,0.105619214
2/24/1989,0.130767811
2/27/1989,0.151241913
2/28/1989,0.147988627
3/1/1989,0.119858911
3/2/1989,0.156853625
3/3/1989,0.192260973
3/6/1989,0.17107658
3/7/1989,0.146408424
3/8/1989,0.140728286
3/9/1989,0.169350745
3/10/1989,0.16731342
3/13/1989,0.204638888
3/14/1989,0.260397399
3/15/1989,0.275155317
3/16/1989,0.307963928
3/17/1989,0.259044664
3/20/1989,0.191648277
3/21/1989,0.334438202
3/22/1989,0.325502671
3/23/1989,0.403103394
3/27/1989,0.369289702
3/28/1989,0.467483234
3/29/1989,0.44292027
3/30/1989,0.366189791
3/31/1989,0.354663232
4/3/1989,0.462000887
4/4/1989,0.327110231
4/5/1989,0.309358162
4/6/1989,0.487418821
4/7/1989,0.408545113
4/10/1989,0.363895649
4/11/1989,0.312899089
4/12/1989,0.29046522
4/13/1989,0.312295905
4/17/1989,0.288897173
4/18/1989,0.246477412
4/19/1989,0.21175255
4/20/1989,0.142429039
4/21/1989,0.476745627
4/24/1989,0.378494269
4/25/1989,0.395544587
4/26/1989,0.440258541
4/27/1989,0.113833981
4/28/1989,0.145839433
5/1/1989,0.372537906
5/2/1989,0.322956991
5/3/1989,0.269917855
5/4/1989,0.205423083
5/5/1989,0.004091865
5/8/1989,-0.030981341
5/9/1989,0.157220687
5/10/1989,0.27204189
5/11/1989,-0.036254084
5/12/1989,0.317497185
5/15/1989,0.268561753
5/16/1989,0.246363692
5/17/1989,0.290950947
5/18/1989,0.320522092
5/19/1989,0.339820336
5/22/1989,0.296184433
5/23/1989,0.317292
5/24/1989,0.330766495
5/25/1989,0.323508633
5/26/1989,0.349294639
5/30/1989,0.326770756
5/31/1989,0.288418926
6/1/1989,0.258180115
6/2/1989,0.262767509
6/5/1989,0.3041171
6/6/1989,0.364024177
6/7/1989,0.321899227
6/8/1989,0.232479546
6/9/1989,0.239894901
6/12/1989,0.206953775
6/13/1989,0.138671438
6/14/1989,0.172896875
6/15/1989,0.083105883
6/16/1989,0.10379755
6/19/1989,0.119643005
6/20/1989,0.063615195
6/21/1989,0.051630668
6/22/1989,0.119126288
6/23/1989,0.204146762
6/26/1989,0.171287161
6/27/1989,0.191076411
6/28/1989,0.198688663
6/29/1989,0.133394065
6/30/1989,0.16183478
7/3/1989,0.234462793
7/5/1989,0.176300487
7/6/1989,0.299905997
7/7/1989,0.220749407
7/10/1989,0.310721804
7/11/1989,0.246659327
7/12/1989,0.092004332
7/13/1989,0.145248883
7/14/1989,0.169527881
7/17/1989,0.103189271
7/18/1989,0.105692133
7/19/1989,0.04125032
7/20/1989,0.021072322
7/21/1989,0.008717922
7/24/1989,-0.206878211
7/25/1989,-0.154627061
7/26/1989,-0.15640357
7/27/1989,-8.83E-15
7/28/1989,-0.155204826
7/31/1989,-0.018345336
8/1/1989,-0.009877232
8/2/1989,0.055743168
8/3/1989,-0.051962079
8/4/1989,-0.076925999
8/7/1989,-0.196706501
8/8/1989,-0.222495829
8/9/1989,-0.088034965
8/10/1989,-0.144011017
8/11/1989,0.255901503
8/14/1989,0.217805243
8/15/1989,0.229384036
8/16/1989,0.189436132
8/17/1989,0.135590027
8/18/1989,0.267958857
8/21/1989,0.185251839
8/22/1989,0.180645276
8/23/1989,0.22246332
8/24/1989,0.172125947
8/25/1989,0.139921926
8/28/1989,0.096059476
8/29/1989,0.045797155
8/30/1989,0.049569007
8/31/1989,0.041292726
9/1/1989,0.052801738
9/5/1989,-0.029488868
9/6/1989,0.071442809
9/7/1989,0.145667439
9/8/1989,0.055179306
9/11/1989,0.026852974
9/12/1989,-0.02018117
9/13/1989,0.026194669
9/14/1989,0.083001443
9/15/1989,0.068915353
9/18/1989,0.111292645
9/19/1989,0.065646599
9/20/1989,0.072134281
9/21/1989,0.159006867
9/22/1989,0.174358668
9/25/1989,0.105951345
9/26/1989,0.121938364
9/27/1989,0.095062778
9/28/1989,0.017755371
9/29/1989,0.056915677
10/2/1989,0.198903325
10/3/1989,0.052388689
10/4/1989,0.089964272
10/5/1989,-0.006295084
10/6/1989,0.164278104
10/9/1989,0.016481296
10/10/1989,0.035309243
10/11/1989,-0.037718314
10/12/1989,0.027322131
10/13/1989,-0.045105562
10/16/1989,-0.091312081
10/17/1989,-0.135011806
10/18/1989,-0.25059956
10/19/1989,-0.121671094
10/20/1989,-0.227806895
10/23/1989,-0.090563846
10/24/1989,-0.249044264
10/25/1989,-0.270324038
10/26/1989,-0.255502214
10/27/1989,-0.164779706
10/30/1989,-0.29719909
10/31/1989,-0.244152037
11/1/1989,-0.230658321
11/2/1989,-0.161550322
11/3/1989,-0.309530107
11/6/1989,-0.262697005
11/7/1989,0.275257703
11/8/1989,0.1599529
11/9/1989,-0.047660599
11/10/1989,-0.032847182
11/13/1989,-0.062560177
11/14/1989,-0.008602796
11/15/1989,0.070623888
11/16/1989,0.024419885
11/17/1989,0.035203053
11/20/1989,-0.047156683
11/21/1989,0.020560979
11/22/1989,0.057142001
11/24/1989,0.033379697
11/27/1989,0.072687314
11/28/1989,0.114272496
11/29/1989,0.027562921
11/30/1989,0.108967549
12/1/1989,0.044504883
12/4/1989,0.034674148
12/5/1989,0.041645773
12/6/1989,0.096607126
12/7/1989,0.043339727
12/8/1989,0.040121085
12/11/1989,0.078831262
12/12/1989,0.070343884
12/13/1989,0.016707808
12/14/1989,0.079284591
12/15/1989,-0.034520945
12/18/1989,0.076916106
12/19/1989,0.036915231
12/20/1989,0.079892955
12/21/1989,0.042210713
12/22/1989,0.030678404
12/26/1989,-0.1275971
12/27/1989,-0.124380772
12/28/1989,0.225491588
12/29/1989,0.021563628
1/2/1990,0.075597995
1/3/1990,0.116477912
1/4/1990,0.069164191
1/5/1990,0.001584374
1/8/1990,0.252741911
1/9/1990,0.194504496
1/10/1990,0.083623936
1/11/1990,-0.024805237
1/12/1990,0.173597484
1/15/1990,0.004078961
1/16/1990,0.238072447
1/17/1990,0.193566949
1/18/1990,-0.006331033
1/19/1990,0.021524814
1/22/1990,0.03703243
1/23/1990,0.194121538
1/24/1990,-0.067546184
1/25/1990,0.03484873
1/26/1990,0.121217989
1/29/1990,0.061064487
1/30/1990,0.078110827
1/31/1990,0.179362601
2/1/1990,0.192548781
2/2/1990,0.169296173
2/5/1990,0.306424381
2/6/1990,0.191136493
2/7/1990,0.32017188
2/8/1990,0.094484987
2/9/1990,0.226859185
2/12/1990,0.118645593
2/13/1990,0.147473871
2/14/1990,0.167494289
2/15/1990,0.078670591
2/16/1990,0.221632802
2/20/1990,-0.013368326
2/21/1990,0.061521581
2/22/1990,0.055723873
2/23/1990,0.094618201
2/26/1990,0.087201165
2/27/1990,0.066066589
2/28/1990,0.05360694
3/1/1990,0.067600075
3/2/1990,0.076486877
3/5/1990,0.023482013
3/6/1990,0.176864289
3/7/1990,0.105059215
3/8/1990,0.115613669
3/9/1990,0.1119135
3/12/1990,0.044812366
3/13/1990,-0.056462847
3/14/1990,-0.047137909
3/15/1990,-0.051029886
3/16/1990,0.004416203
3/19/1990,-0.122183518
3/20/1990,0.060822984
3/21/1990,-0.020188598
3/22/1990,-0.157129075
3/23/1990,0.097311032
3/26/1990,0.106648373
3/27/1990,0.034427193
3/28/1990,0.009755868
3/29/1990,0.037289615
3/30/1990,-0.043529466
4/2/1990,-0.032248611
4/3/1990,0.081406826
4/4/1990,0.118072115
4/5/1990,0.131645613
4/6/1990,0.186090462
4/9/1990,0.104797384
4/10/1990,0.154764777
4/11/1990,0.032283398
4/12/1990,-0.081349066
4/16/1990,0.003918948
4/17/1990,0.072787447
4/18/1990,0.096128138
4/19/1990,0.034775202
4/20/1990,0.016340754
4/23/1990,0.048118572
4/24/1990,-0.019667285
4/25/1990,0.090355376
4/26/1990,-0.107672257
4/27/1990,0.015813679
4/30/1990,0.009151348
5/1/1990,-0.059135052
5/2/1990,0.09302956
5/3/1990,0.081130638
5/4/1990,0.010412963
5/7/1990,-0.168013322
5/8/1990,0.102109337
5/9/1990,7.04E-14
5/10/1990,0.098871358
5/11/1990,0.184825227
5/14/1990,0.096036193
5/15/1990,0.189839801
5/16/1990,0.079988694
5/17/1990,0.171091385
5/18/1990,0.103686822
5/21/1990,0.140715817
5/22/1990,0.109153396
5/23/1990,0.138266666
5/24/1990,0.117815794
5/25/1990,0.191537727
5/29/1990,0.150118633
5/30/1990,0.170554493
5/31/1990,0.132515616
6/1/1990,0.059599556
6/4/1990,0.199969559
6/5/1990,0.088098946
6/6/1990,0.104771125
6/7/1990,0.150752137
6/8/1990,0.135776092
6/11/1990,0.135178158
6/12/1990,0.07282043
6/13/1990,0.206333265
6/14/1990,0.190120271
6/15/1990,0.165204273
6/18/1990,0.11313335
6/19/1990,0.138205678
6/20/1990,0.168627483
6/21/1990,0.17060434
6/22/1990,0.182570301
6/25/1990,0.140718235
6/26/1990,0.205488375
6/27/1990,0.227761336
6/28/1990,0.185326854
6/29/1990,0.178999268
7/2/1990,0.108235043
7/3/1990,0.145270864
7/5/1990,0.141007925
7/6/1990,0.137970757
7/9/1990,0.106354119
7/10/1990,0.134572008
7/11/1990,0.136644752
7/12/1990,0.151202043
7/13/1990,0.113084087
7/16/1990,0.141463078
7/17/1990,0.151023224
7/18/1990,0.093410314
7/19/1990,0.089473623
7/20/1990,0.028409917
7/23/1990,0.059576008
7/24/1990,-0.015271618
7/25/1990,0.080748538
7/26/1990,0.048420586
7/27/1990,0.156918779
7/30/1990,0.116069583
7/31/1990,0.021920724
8/1/1990,0.185629825
8/2/1990,0.102329759
8/3/1990,0.021929509
8/6/1990,-0.1747157
8/7/1990,-0.106806048
8/8/1990,-0.066621481
8/9/1990,0.006940871
8/10/1990,-0.004216925
8/13/1990,-0.027850954
8/14/1990,-0.024674448
8/15/1990,-0.020835193
8/16/1990,0.000127456
8/17/1990,0.067534415
8/20/1990,0.070383989
8/21/1990,0.125594417
8/22/1990,0.147558129
8/23/1990,0.179726291
8/24/1990,0.167784588
8/27/1990,0.202425417
8/28/1990,0.227513846
8/29/1990,0.226917875
8/30/1990,0.281624607
8/31/1990,0.327421852
9/4/1990,0.343383204
9/5/1990,0.411556628
9/6/1990,0.43738719
9/7/1990,0.46862229
9/10/1990,0.428828576
9/11/1990,0.446169302
9/12/1990,0.450733547
9/13/1990,0.398228771
9/14/1990,0.39130961
9/17/1990,0.328644466
9/18/1990,0.406141624
9/19/1990,0.528592722
9/20/1990,0.459997555
9/21/1990,0.324702699
9/24/1990,0.317944779
9/25/1990,0.313136798
9/26/1990,0.329136658
9/27/1990,0.355481979
9/28/1990,0.372520879
10/1/1990,0.370175282
10/2/1990,0.301940572
10/3/1990,0.280249987
10/4/1990,0.309718608
10/5/1990,0.278170736
10/8/1990,0.243477662
10/9/1990,0.349319967
10/10/1990,0.254268804
10/11/1990,0.296572358
10/12/1990,0.219528853
10/15/1990,0.287703426
10/16/1990,0.321954011
10/17/1990,0.311835918
10/18/1990,0.505112186
10/19/1990,0.463438333
10/22/1990,0.535721303
10/23/1990,0.558114224
10/24/1990,0.639855811
10/25/1990,0.536051888
10/26/1990,0.638752815
10/29/1990,0.493302275
10/30/1990,0.505908223
10/31/1990,0.592065593
11/1/1990,0.700743426
11/2/1990,0.697022249
11/5/1990,0.77658041
11/6/1990,0.739521049
11/7/1990,0.432124325
11/8/1990,0.608401582
11/9/1990,0.211761572
11/12/1990,0.255373512
11/13/1990,0.280998897
11/14/1990,0.328878797
11/15/1990,0.311488282
11/16/1990,0.374646419
11/19/1990,0.362077176
11/20/1990,0.415256715
11/21/1990,0.393409198
11/23/1990,0.44819095
11/26/1990,0.397111263
11/27/1990,0.47759725
11/28/1990,0.586248133
11/29/1990,0.576522674
11/30/1990,0.526596915
12/3/1990,0.569878885
12/4/1990,0.59461952
12/5/1990,0.541176955
12/6/1990,0.551551556
12/7/1990,0.49822363
12/10/1990,0.499508908
12/11/1990,0.546583002
12/12/1990,0.638761527
12/13/1990,0.655364145
12/14/1990,0.637682724
12/17/1990,0.673106161
12/18/1990,0.574726849
12/19/1990,0.517976043
12/20/1990,0.547607367
12/21/1990,0.638249378
12/24/1990,0.585546951
12/26/1990,0.532626304
12/27/1990,0.523120474
12/28/1990,0.488232065
12/31/1990,0.536039031
1/2/1991,0.483401611
1/3/1991,0.527879897
1/4/1991,0.514405806
1/7/1991,0.564073913
1/8/1991,0.448771464
1/9/1991,0.466318426
1/10/1991,0.535431949
1/11/1991,0.436061609
1/14/1991,0.598443264
1/15/1991,0.484130656
1/16/1991,0.556242566
1/17/1991,0.451626485
1/18/1991,0.498102597
1/21/1991,0.410984162
1/22/1991,0.628796327
1/23/1991,0.562951764
1/24/1991,0.438549515
1/25/1991,0.469042329
1/28/1991,0.519004656
1/29/1991,0.32433785
1/30/1991,0.301511252
1/31/1991,0.360642497
2/1/1991,0.279959172
2/4/1991,0.273978265
2/5/1991,0.176379603
2/6/1991,0.365331332
2/7/1991,-0.215855433
2/8/1991,0.393006265
2/11/1991,0.424595296
2/12/1991,0.375115795
2/13/1991,0.396984451
2/14/1991,0.385236321
2/15/1991,0.410673243
2/19/1991,0.430840505
2/20/1991,0.433171037
2/21/1991,0.40653562
2/22/1991,0.365354257
2/25/1991,0.446038462
2/26/1991,0.465350573
2/27/1991,0.432573811
2/28/1991,0.447675107
3/1/1991,0.382503338
3/4/1991,0.433405526
3/5/1991,0.451353667
3/6/1991,0.412379076
3/7/1991,0.438245532
3/8/1991,0.408170268
3/11/1991,0.432835566
3/12/1991,0.328216858
3/13/1991,0.387119002
3/14/1991,0.40734645
3/15/1991,0.336106389
3/18/1991,0.406273509
3/19/1991,0.419226663
3/20/1991,0.355643948
3/21/1991,0.470135375
3/22/1991,0.453150423
3/25/1991,0.301990106
3/26/1991,0.248654848
3/27/1991,0.365183869
3/28/1991,0.18363803
4/1/1991,0.222066217
4/2/1991,0.291917068
4/3/1991,0.229644865
4/4/1991,0.223115888
4/5/1991,0.194976241
4/8/1991,0.26688513
4/9/1991,0.276244489
4/10/1991,0.351058509
4/11/1991,0.389648105
4/12/1991,0.183474992
4/15/1991,0.678854611
4/16/1991,0.406990039
4/17/1991,0.392117
4/18/1991,0.259146284
4/19/1991,0.433017113
4/22/1991,0.254074798
4/23/1991,0.237708927
4/24/1991,0.270893064
4/25/1991,0.198330706
4/26/1991,0.250622816
4/29/1991,0.267830873
4/30/1991,0.293233789
5/1/1991,0.355145893
5/2/1991,0.24636421
5/3/1991,-0.008248847
5/6/1991,0.218883044
5/7/1991,0.135696449
5/8/1991,0.214000989
5/9/1991,0.388441313
5/10/1991,0.188596479
5/13/1991,0.225920134
5/14/1991,0.191790456
5/15/1991,0.234529926
5/16/1991,0.240038184
5/17/1991,0.255461223
5/20/1991,0.279308098
5/21/1991,0.263200981
5/22/1991,0.298663972
5/23/1991,0.290177151
5/24/1991,0.229986757
5/28/1991,0.267109329
5/29/1991,0.256865839
5/30/1991,0.202965042
5/31/1991,0.207713578
6/3/1991,0.155866303
6/4/1991,0.163823546
6/5/1991,0.262846027
6/6/1991,0.149697669
6/7/1991,0.130258049
6/10/1991,0.196352157
6/11/1991,0.239131948
6/12/1991,0.232144938
6/13/1991,0.275681134
6/14/1991,0.414006362
6/17/1991,0.217966342
6/18/1991,0.27462386
6/19/1991,0.285298579
6/20/1991,0.245608351
6/21/1991,0.125814156
6/24/1991,0.122051325
6/25/1991,0.122066641
6/26/1991,0.095850661
6/27/1991,0.219978049
6/28/1991,0.318815926
7/1/1991,0.293036015
7/2/1991,0.244129967
7/3/1991,0.366409444
7/5/1991,0.260863082
7/8/1991,0.239558877
7/9/1991,0.208007953
7/10/1991,0.288432651
7/11/1991,0.324899958
7/12/1991,0.386770246
7/15/1991,0.464823258
7/16/1991,0.14811611
7/17/1991,-0.026837398
7/18/1991,0.061580359
7/19/1991,0.114251597
7/22/1991,0.199073844
7/23/1991,0.194337799
7/24/1991,0.228680038
7/25/1991,0.352893918
7/26/1991,0.242839096
7/29/1991,0.181020034
7/30/1991,0.279063186
7/31/1991,0.286723099
8/1/1991,0.22313487
8/2/1991,0.149389396
8/5/1991,0.122715945
8/6/1991,0.168047276
8/7/1991,0.157227061
8/8/1991,0.086718723
8/9/1991,0.148480637
8/12/1991,0.212603105
8/13/1991,0.19037454
8/14/1991,0.103588915
8/15/1991,0.038901745
8/16/1991,0.108125777
8/19/1991,0.056551632
8/20/1991,0.059604187
8/21/1991,0.072552345
8/22/1991,0.090429059
8/23/1991,0.01632278
8/26/1991,0.098700438
8/27/1991,0.184665306
8/28/1991,0.081632849
8/29/1991,0.14480994
8/30/1991,0.028058532
9/3/1991,-0.020751744
9/4/1991,0.060598132
9/5/1991,0.005465694
9/6/1991,0.06472547
9/9/1991,0.134524589
9/10/1991,0.004487298
9/11/1991,0.030117656
9/12/1991,0.018419867
9/13/1991,0.072203598
9/16/1991,-0.050504176
9/17/1991,0.055568365
9/18/1991,0.096746294
9/19/1991,0.006235343
9/20/1991,-0.020398807
9/23/1991,-0.000586786
9/24/1991,-0.036688371
9/25/1991,-0.058689564
9/26/1991,-0.085188103
9/27/1991,0.060182478
9/30/1991,-0.053430818
10/1/1991,-0.070489685
10/2/1991,-0.075921521
10/3/1991,-0.035906441
10/4/1991,0.008225617
10/7/1991,-0.039163763
10/8/1991,-0.045740752
10/9/1991,0.079150178
10/10/1991,0.050566408
10/11/1991,0.026059395
10/14/1991,-0.015158358
10/15/1991,-0.03190686
10/16/1991,-0.052942505
10/17/1991,-0.080754031
10/18/1991,0.040687193
10/21/1991,0.0113662
10/22/1991,-0.021937258
10/23/1991,-0.007150191
10/24/1991,0.146756754
10/25/1991,-0.011286742
10/28/1991,-0.016763058
10/29/1991,0.232059846
10/30/1991,0.042250626
10/31/1991,-0.011161859
11/1/1991,-0.126040938
11/4/1991,0.110457514
11/5/1991,0.0565265
11/6/1991,-0.045595722
11/7/1991,0.550515568
11/8/1991,0.115584482
11/11/1991,0.179526736
11/12/1991,0.093531307
11/13/1991,0.098117108
11/14/1991,0.112284285
11/15/1991,0.18389163
11/18/1991,0.153606633
11/19/1991,0.15363069
11/20/1991,0.114558828
11/21/1991,0.061687701
11/22/1991,0.073949276
11/25/1991,0.009328122
11/26/1991,0.07832011
11/27/1991,0.100355099
11/29/1991,0.028762303
12/2/1991,0.148794311
12/3/1991,0.159315519
12/4/1991,0.082625933
12/5/1991,0.094660197
12/6/1991,0.170454329
12/9/1991,0.202918185
12/10/1991,0.214800957
12/11/1991,0.149166567
12/12/1991,0.090406767
12/13/1991,0.054205898
12/16/1991,0.063840246
12/17/1991,0.118846408
12/18/1991,0.123470612
12/19/1991,0.262601056
12/20/1991,0.244685281
12/23/1991,0.211569942
12/24/1991,0.216514915
12/26/1991,0.31451082
12/27/1991,0.158707824
12/30/1991,0.24529268
12/31/1991,0.271117112
1/2/1992,0.249911465
1/3/1992,0.240149836
1/6/1992,0.10971428
1/7/1992,0.067101084
1/8/1992,0.222460869
1/9/1992,0.169791674
1/10/1992,0.092860382
1/13/1992,0.208372478
1/14/1992,0.073099081
1/15/1992,0.0218574
1/16/1992,0.184533367
1/17/1992,0.124834119
1/20/1992,0.289720473
1/21/1992,0.172511283
1/22/1992,0.22410948
1/23/1992,0.044745845
1/24/1992,-0.030217771
1/27/1992,0.089452729
1/28/1992,0.146484403
1/29/1992,0.050262076
1/30/1992,0.108420301
1/31/1992,0.047887176
2/3/1992,0.081566243
2/4/1992,0.069640839
2/5/1992,0.082740684
2/6/1992,0.062322808
2/7/1992,-0.004298796
2/10/1992,-0.00348349
2/11/1992,-0.033860142
2/12/1992,-0.018323267
2/13/1992,-0.021525567
2/14/1992,0.002752714
2/18/1992,-0.049461507
2/19/1992,-0.082180857
2/20/1992,-0.024688267
2/21/1992,0.010470398
2/24/1992,0.036523547
2/25/1992,-0.006134511
2/26/1992,-0.0489002
2/27/1992,-0.010413273
2/28/1992,0.010517728
3/2/1992,0.09608779
3/3/1992,0.070738709
3/4/1992,0.073525721
3/5/1992,0.051260841
3/6/1992,0.035169926
3/9/1992,0.087113498
3/10/1992,0.110878965
3/11/1992,0.141648558
3/12/1992,0.107199855
3/13/1992,0.06939135
3/16/1992,0.029954217
3/17/1992,0.036929583
3/18/1992,0.055599397
3/19/1992,-0.000170776
3/20/1992,0.017713581
3/23/1992,-0.010152498
3/24/1992,0.127921527
3/25/1992,0.059078957
3/26/1992,0.043874767
3/27/1992,0.061507793
3/30/1992,0.034850967
3/31/1992,0.026253664
4/1/1992,0.195142769
4/2/1992,0.131607277
4/3/1992,0.143167833
4/6/1992,0.167676283
4/7/1992,0.185223899
4/8/1992,0.051423366
4/9/1992,0.172843484
4/10/1992,0.115138726
4/13/1992,0.156722622
4/15/1992,0.059828995
4/16/1992,0.099103928
4/20/1992,0.010933956
4/21/1992,0.120800977
4/22/1992,0.106734763
4/23/1992,0.232509288
4/24/1992,0.055829605
4/27/1992,0.127143703
4/28/1992,0.057394213
4/29/1992,0.113828604
4/30/1992,0.083772049
5/1/1992,0.146742932
5/4/1992,0.154543955
5/5/1992,0.031866732
5/6/1992,0.317773566
5/7/1992,0.221204566
5/8/1992,0.112238466
5/11/1992,0.094110952
5/12/1992,0.129387346
5/13/1992,0.106256531
5/14/1992,0.111488395
5/15/1992,0.098735027
5/18/1992,0.099466261
5/19/1992,0.128834882
5/20/1992,0.104213854
5/21/1992,0.146334371
5/22/1992,0.130218256
5/26/1992,0.072916189
5/27/1992,0.126638479
5/28/1992,0.134016601
5/29/1992,0.169009423
6/1/1992,0.151929232
6/2/1992,0.143193384
6/3/1992,0.150082699
6/4/1992,0.14764429
6/5/1992,0.145035837
6/8/1992,0.092707378
6/9/1992,0.137058036
6/10/1992,0.18857155
6/11/1992,0.185040761
6/12/1992,0.213646277
6/15/1992,0.163605983
6/16/1992,0.188469178
6/17/1992,0.181443175
6/18/1992,0.089077831
6/19/1992,0.081105454
6/22/1992,0.094436895
6/23/1992,0.19004772
6/24/1992,0.123582252
6/25/1992,0.081156865
6/26/1992,0.050196351
6/29/1992,0.091486498
6/30/1992,0.042807183
7/1/1992,0.116816474
7/2/1992,0.107567369
7/6/1992,0.144483541
7/7/1992,0.090721171
7/8/1992,0.145824951
7/9/1992,0.159227731
7/10/1992,0.2037187
7/13/1992,0.155484947
7/14/1992,0.153181356
7/15/1992,0.154238197
7/16/1992,0.129420107
7/17/1992,0.171001461
7/20/1992,0.180773015
7/21/1992,0.17523444
7/22/1992,0.263607568
7/23/1992,0.318326578
7/24/1992,0.155648977
7/27/1992,0.298999067
7/28/1992,0.106714168
7/29/1992,0.164117194
7/30/1992,0.083427254
7/31/1992,0.106412528
8/3/1992,-0.045987076
8/4/1992,0.201927308
8/5/1992,0.250799427
8/6/1992,0.0827685
8/7/1992,0.049271904
8/10/1992,0.015160464
8/11/1992,0.053019993
8/12/1992,0.078563348
8/13/1992,0.080006879
8/14/1992,0.089246107
8/17/1992,0.068439036
8/18/1992,0.097338967
8/19/1992,0.011519744
8/20/1992,0.072990352
8/21/1992,0.071886779
8/24/1992,0.025664685
8/25/1992,0.055839383
8/26/1992,0.061717433
8/27/1992,0.079662541
8/28/1992,0.047916227
8/31/1992,0.092939014
9/1/1992,0.085624155
9/2/1992,0.106161227
9/3/1992,0.114539616
9/4/1992,0.092679303
9/8/1992,0.097423819
9/9/1992,0.115150767
9/10/1992,0.061368491
9/11/1992,0.031660571
9/14/1992,0.07889553
9/15/1992,0.096943114
9/16/1992,0.054869619
9/17/1992,0.057140777
9/18/1992,0.057216278
9/21/1992,0.051296788
9/22/1992,0.076943031
9/23/1992,0.07459847
9/24/1992,0.118511126
9/25/1992,0.175733941
9/28/1992,0.059953901
9/29/1992,0.114673127
9/30/1992,0.096627233
10/1/1992,0.137003645
10/2/1992,0.103456176
10/5/1992,0.07381189
10/6/1992,0.095780198
10/7/1992,0.090432204
10/8/1992,0.05909308
10/9/1992,0.107090587
10/12/1992,0.111070025
10/13/1992,0.085415681
10/14/1992,0.053411927
10/15/1992,0.055417883
10/16/1992,0.078073512
10/19/1992,0.119077307
10/20/1992,0.078833223
10/21/1992,0.107536945
10/22/1992,0.11416536
10/23/1992,0.106702526
10/26/1992,0.189360856
10/27/1992,0.149847154
10/28/1992,0.08961351
10/29/1992,0.17654651
10/30/1992,0.074439817
11/2/1992,0.039150367
11/3/1992,0.071332964
11/4/1992,0.1721832
11/5/1992,0.152640866
11/6/1992,0.031166905
11/9/1992,0.034742363
11/10/1992,0.029977125
11/11/1992,0.060063853
11/12/1992,0.076616411
11/13/1992,0.054930988
11/16/1992,0.016851462
11/17/1992,0.031464124
11/18/1992,0.067156798
11/19/1992,0.06878475
11/20/1992,0.060487311
11/23/1992,0.080479889
11/24/1992,0.07449314
11/25/1992,0.141591729
11/27/1992,0.148069141
11/30/1992,0.101643563
12/1/1992,0.119704485
12/2/1992,0.168566892
12/3/1992,0.127766882
12/4/1992,0.166437634
12/7/1992,0.172403325
12/8/1992,0.164719008
12/9/1992,0.139338029
12/10/1992,0.148819919
12/11/1992,0.163435767
12/14/1992,0.180481457
12/15/1992,0.180437141
12/16/1992,0.209055037
12/17/1992,0.157652685
12/18/1992,0.426383773
12/21/1992,0.190755724
12/22/1992,0.171363063
12/23/1992,0.173223688
12/24/1992,0.091256811
12/28/1992,0.233885558
12/29/1992,0.072746245
12/30/1992,0.162309245
12/31/1992,0.251824119
1/4/1993,0.12739476
1/5/1993,0.150071101
1/6/1993,0.211599807
1/7/1993,0.14241743
1/8/1993,0.203430391
1/11/1993,0.181731154
1/12/1993,0.132101013
1/13/1993,0.225219441
1/14/1993,0.124030489
1/15/1993,0.20182419
1/18/1993,0.202752048
1/19/1993,0.275603287
1/20/1993,0.198140021
1/21/1993,0.151739174
1/22/1993,0.090437413
1/25/1993,0.199781743
1/26/1993,0.079161378
1/27/1993,0.163599227
1/28/1993,0.222494636
1/29/1993,0.197423337
2/1/1993,0.28678468
2/2/1993,0.129469993
2/3/1993,0.231212591
2/4/1993,0.215848166
2/5/1993,0.110101569
2/8/1993,0.076772736
2/9/1993,0.087254204
2/10/1993,0.098392785
2/11/1993,0.09808656
2/12/1993,0.107831058
2/16/1993,0.090335116
2/17/1993,0.045590724
2/18/1993,0.104987486
2/19/1993,0.12179171
2/22/1993,0.10941583
2/23/1993,0.05270977
2/24/1993,0.043404967
2/25/1993,0.046889722
2/26/1993,0.047238412
3/1/1993,0.016825828
3/2/1993,0.055349079
3/3/1993,0.032611142
3/4/1993,0.036777818
3/5/1993,0.029539712
3/8/1993,0.046531161
3/9/1993,0.098371527
3/10/1993,0.043494409
3/11/1993,0.106070075
3/12/1993,0.08856268
3/15/1993,0.038353932
3/16/1993,0.02864254
3/17/1993,0.071556692
3/18/1993,0.102109378
3/19/1993,0.109468132
3/22/1993,0.075088297
3/23/1993,0.071764838
3/24/1993,0.078953635
3/25/1993,0.060493181
3/26/1993,0.048627771
3/29/1993,0.114638752
3/30/1993,0.098176996
3/31/1993,0.083643148
4/1/1993,0.08185438
4/2/1993,0.059314486
4/5/1993,0.043540262
4/6/1993,0.142833412
4/7/1993,0.123896004
4/8/1993,0.126876556
4/12/1993,0.079572181
4/13/1993,0.080190531
4/14/1993,0.093692104
4/15/1993,0.086517357
4/16/1993,0.210300575
4/19/1993,0.122161165
4/20/1993,0.097564565
4/21/1993,0.113155139
4/22/1993,0.200012016
4/23/1993,0.172159551
4/26/1993,0.28063429
4/27/1993,0.173800858
4/28/1993,0.187299606
4/29/1993,0.259501073
4/30/1993,0.336133698
5/3/1993,0.255495127
5/4/1993,0.230275154
5/5/1993,0.122455832
5/6/1993,0.268816263
5/7/1993,0.102783943
5/10/1993,0.087939249
5/11/1993,0.080922336
5/12/1993,0.081888698
5/13/1993,0.098283923
5/14/1993,0.131782593
5/17/1993,0.087122915
5/18/1993,0.091858942
5/19/1993,0.079473542
5/20/1993,0.134702041
5/21/1993,0.091704121
5/24/1993,0.152326193
5/25/1993,0.133898009
5/26/1993,0.124180697
5/27/1993,0.129695761
5/28/1993,0.112443067
6/1/1993,0.086989632
6/2/1993,0.144300991
6/3/1993,0.174444783
6/4/1993,0.151662015
6/7/1993,0.182118831
6/8/1993,0.160518489
6/9/1993,0.189453714
6/10/1993,0.206377277
6/11/1993,0.170239847
6/14/1993,0.17154296
6/15/1993,0.147413806
6/16/1993,0.204112665
6/17/1993,0.25294119
6/18/1993,0.261323036
6/21/1993,0.250470062
6/22/1993,0.270465865
6/23/1993,0.212992193
6/24/1993,0.279401205
6/25/1993,0.309482785
6/28/1993,0.283930562
6/29/1993,0.197482035
6/30/1993,0.193973149
7/1/1993,0.174509119
7/2/1993,0.264707605
7/6/1993,0.197932005
7/7/1993,0.103252634
7/8/1993,0.138302628
7/9/1993,0.264892456
7/12/1993,0.174323731
7/13/1993,0.14593727
7/14/1993,0.158603455
7/15/1993,0.213637224
7/16/1993,0.179641115
7/19/1993,0.192760835
7/20/1993,0.132360108
7/21/1993,0.159936101
7/22/1993,0.250044658
7/23/1993,0.372034131
7/26/1993,0.21774602
7/27/1993,0.306018204
7/28/1993,0.323062425
7/29/1993,0.37764127
7/30/1993,0.190371472
8/2/1993,0.130632865
8/3/1993,0.129404866
8/4/1993,0.366370694
8/5/1993,0.350636156
8/6/1993,0.249816824
8/9/1993,0.121305463
8/10/1993,0.355990709
8/11/1993,0.271740542
8/12/1993,0.363869243
8/13/1993,0.304449509
8/16/1993,0.270254989
8/17/1993,0.208065245
8/18/1993,0.26719889
8/19/1993,0.284119246
8/20/1993,0.29882755
8/23/1993,0.183197693
8/24/1993,0.185518416
8/25/1993,0.279691445
8/26/1993,0.255345346
8/27/1993,0.203103338
8/30/1993,0.205842794
8/31/1993,0.18493465
9/1/1993,0.197988418
9/2/1993,0.127336264
9/3/1993,0.159575708
9/7/1993,0.137276993
9/8/1993,0.188435393
9/9/1993,0.235225503
9/10/1993,0.1390144
9/13/1993,0.131981419
9/14/1993,0.165411679
9/15/1993,0.132474056
9/16/1993,0.186667809
9/17/1993,0.180999616
9/20/1993,0.205776757
9/21/1993,0.155287774
9/22/1993,0.179033582
9/23/1993,0.211711606
9/24/1993,0.268262963
9/27/1993,0.219090351
9/28/1993,0.248292905
9/29/1993,0.22641141
9/30/1993,0.219117719
10/1/1993,0.147271257
10/4/1993,0.273690524
10/5/1993,0.205952297
10/6/1993,0.162858166
10/7/1993,0.171898443
10/8/1993,0.182112911
10/11/1993,0.162964422
10/12/1993,0.126406452
10/13/1993,0.101119036
10/14/1993,0.202986118
10/15/1993,0.032074499
10/18/1993,0.126654014
10/19/1993,0.154281295
10/20/1993,0.095850598
10/21/1993,0.221340987
10/22/1993,0.190422322
10/25/1993,0.196703972
10/26/1993,0.213837514
10/27/1993,0.425283362
10/28/1993,0.291137356
10/29/1993,0.326061063
11/1/1993,0.291143321
11/2/1993,0.33366575
11/3/1993,0.246569881
11/4/1993,0.308373235
11/5/1993,0.189606261
11/8/1993,0.434871739
11/9/1993,0.228829719
11/10/1993,0.273634784
11/11/1993,0.195583007
11/12/1993,0.215391235
11/15/1993,0.226412302
11/16/1993,0.168573763
11/17/1993,0.181702301
11/18/1993,0.193587576
11/19/1993,0.197247053
11/22/1993,0.157522942
11/23/1993,0.175965197
11/24/1993,0.163795134
11/26/1993,0.239638236
11/29/1993,0.246619407
11/30/1993,0.26883221
12/1/1993,0.220559581
12/2/1993,0.23418816
12/3/1993,0.240677423
12/6/1993,0.331278459
12/7/1993,0.292908351
12/8/1993,0.269438892
12/9/1993,0.316348496
12/10/1993,0.301169763
12/13/1993,0.293763898
12/14/1993,0.320514182
12/15/1993,0.307631885
12/16/1993,0.294462378
12/17/1993,0.359200916
12/20/1993,0.360886509
12/21/1993,0.396139302
12/22/1993,0.464451449
12/23/1993,0.362776051
12/27/1993,0.381874304
12/28/1993,0.427705246
12/29/1993,0.429163689
12/30/1993,0.382241693
12/31/1993,0.264320892
1/3/1994,0.330560517
1/4/1994,0.379452983
1/5/1994,0.316830122
1/6/1994,0.33012803
1/7/1994,0.370942161
1/10/1994,0.311331597
1/11/1994,0.347770473
1/12/1994,0.348304091
1/13/1994,0.335366495
1/14/1994,0.404952704
1/17/1994,0.205881934
1/18/1994,0.42133448
1/19/1994,0.294838491
1/20/1994,0.50030984
1/21/1994,0.382942207
1/24/1994,0.382486316
1/25/1994,0.236110433
1/26/1994,0.220321487
1/27/1994,0.34231787
1/28/1994,0.277970691
1/31/1994,0.308046587
2/1/1994,0.230533388
2/2/1994,0.345457817
2/3/1994,0.354080745
2/4/1994,0.161998674
2/7/1994,0.163884384
2/8/1994,0.215620698
2/9/1994,0.221716621
2/10/1994,0.229050048
2/11/1994,0.326303077
2/14/1994,0.211020472
2/15/1994,0.244897763
2/16/1994,0.297907349
2/17/1994,0.251281541
2/18/1994,0.18001273
2/22/1994,0.237369204
2/23/1994,0.264405101
2/24/1994,0.269347758
2/25/1994,0.344477981
2/28/1994,0.370082001
3/1/1994,0.348681859
3/2/1994,0.361581763
3/3/1994,0.350715434
3/4/1994,0.371277439
3/7/1994,0.341488378
3/8/1994,0.388762802
3/9/1994,0.350429335
3/10/1994,0.378115152
3/11/1994,0.319440833
3/14/1994,0.417533411
3/15/1994,0.366246753
3/16/1994,0.340417523
3/17/1994,0.315668199
3/18/1994,0.254588518
3/21/1994,0.226829371
3/22/1994,0.31778913
3/23/1994,0.303556319
3/24/1994,0.273288557
3/25/1994,0.257869442
3/28/1994,0.277281647
3/29/1994,0.277123204
3/30/1994,0.306064246
3/31/1994,0.33971056
4/1/1994,0.24653109
4/4/1994,0.292531608
4/5/1994,0.461352153
4/6/1994,0.461839118
4/7/1994,0.468581803
4/8/1994,0.557233022
4/11/1994,0.55939653
4/12/1994,0.433272296
4/13/1994,0.474207683
4/14/1994,0.406252824
4/15/1994,0.36797956
4/18/1994,0.435253395
4/19/1994,0.502846545
4/20/1994,0.49651022
4/21/1994,0.513919819
4/22/1994,0.502700961
4/25/1994,0.478298761
4/26/1994,0.438116195
4/28/1994,0.456089599
4/29/1994,0.41939604
5/2/1994,0.476479613
5/3/1994,0.345684227
5/4/1994,0.469106285
5/5/1994,0.367278557
5/6/1994,0.251504666
5/9/1994,0.205941254
5/10/1994,0.249782688
5/11/1994,0.276568502
5/12/1994,0.242865455
5/13/1994,0.28804698
5/16/1994,0.299136663
5/17/1994,0.296817975
5/18/1994,0.356701755
5/19/1994,0.434201036
5/20/1994,0.395726509
5/23/1994,0.331183411
5/24/1994,0.372338903
5/25/1994,0.385294995
5/26/1994,0.460147821
5/27/1994,0.402258828
5/31/1994,0.418187247
6/1/1994,0.396373895
6/2/1994,0.370421922
6/3/1994,0.410584692
6/6/1994,0.462445694
6/7/1994,0.507812317
6/8/1994,0.450683055
6/9/1994,0.429165089
6/10/1994,0.519102604
6/13/1994,0.492047216
6/14/1994,0.517130067
6/15/1994,0.469219638
6/16/1994,0.498947529
6/17/1994,0.458267487
6/20/1994,0.489409887
6/21/1994,0.504347305
6/22/1994,0.520191857
6/23/1994,0.590256414
6/24/1994,0.460152247
6/27/1994,0.542437247
6/28/1994,0.503317841
6/29/1994,0.451115436
6/30/1994,0.41092167
7/1/1994,0.428810839
7/5/1994,0.436703311
7/6/1994,0.446047236
7/7/1994,0.57073794
7/8/1994,0.508815698
7/11/1994,0.5027416
7/12/1994,0.498969406
7/13/1994,0.473720121
7/14/1994,0.421889583
7/15/1994,0.46151581
7/18/1994,0.492469461
7/19/1994,0.462658085
7/20/1994,0.432703143
7/21/1994,0.394047438
7/22/1994,0.401858227
7/25/1994,0.448043959
7/26/1994,0.441151718
7/27/1994,0.459866603
7/28/1994,0.293438188
7/29/1994,0.37319415
8/1/1994,0.445545416
8/2/1994,0.427497883
8/3/1994,0.300589874
8/4/1994,0.327982391
8/5/1994,0.338125469
8/8/1994,0.384836584
8/9/1994,0.28373066
8/10/1994,0.352557727
8/11/1994,0.346148637
8/12/1994,0.44625376
8/15/1994,0.469074186
8/16/1994,0.489958783
8/17/1994,0.480240293
8/18/1994,0.418734248
8/19/1994,0.44899284
8/22/1994,0.451425736
8/23/1994,0.461375552
8/24/1994,0.508465012
8/25/1994,0.430063562
8/26/1994,0.458331514
8/29/1994,0.457624964
8/30/1994,0.490812726
8/31/1994,0.453269206
9/1/1994,0.484431005
9/2/1994,0.473591666
9/6/1994,0.430877765
9/7/1994,0.436024878
9/8/1994,0.446920962
9/9/1994,0.432796942
9/12/1994,0.451954151
9/13/1994,0.407583731
9/14/1994,0.486171539
9/15/1994,0.584784001
9/16/1994,0.431772881
9/19/1994,0.457273427
9/20/1994,0.440443322
9/21/1994,0.377260751
9/22/1994,0.407105995
9/23/1994,0.396252735
9/26/1994,0.372662213
9/27/1994,0.384865411
9/28/1994,0.388962154
9/29/1994,0.443462089
9/30/1994,0.422868995
10/3/1994,0.356152416
10/4/1994,0.35176049
10/5/1994,0.348234491
10/6/1994,0.303957377
10/7/1994,0.360519931
10/10/1994,0.398591567
10/11/1994,0.340271233
10/12/1994,0.39933904
10/13/1994,0.352584356
10/14/1994,0.255324768
10/17/1994,0.425555631
10/18/1994,0.281707354
10/19/1994,0.293974014
10/20/1994,0.20513456
10/21/1994,0.228741771
10/24/1994,0.231390191
10/25/1994,0.210188116
10/26/1994,0.186380003
10/27/1994,0.174229804
10/28/1994,0.221925386
10/31/1994,0.205719424
11/1/1994,0.039113237
11/2/1994,0.061174232
11/3/1994,0.049021086
11/4/1994,0.093919503
11/7/1994,0.033369265
11/8/1994,0.057171797
11/9/1994,-0.041778576
11/10/1994,-0.006466211
11/11/1994,0.287223865
11/14/1994,0.269169621
11/15/1994,0.30145679
11/16/1994,0.323974799
11/17/1994,0.304568142
11/18/1994,0.32119247
11/21/1994,0.289175116
11/22/1994,0.19864596
11/23/1994,0.175494172
11/25/1994,0.20994951
11/28/1994,0.214908741
11/29/1994,0.198764729
11/30/1994,0.245219172
12/1/1994,0.191049224
12/2/1994,0.193132195
12/5/1994,0.225214068
12/6/1994,0.205473641
12/7/1994,0.234849815
12/8/1994,0.157964121
12/9/1994,0.167629963
12/12/1994,0.216274306
12/13/1994,0.240498481
12/14/1994,0.266509462
12/15/1994,0.251637738
12/16/1994,0.212958738
12/19/1994,0.176357159
12/20/1994,0.230541025
12/21/1994,0.276107956
12/22/1994,0.316383649
12/23/1994,0.235867328
12/27/1994,0.144530901
12/28/1994,0.0713734
12/29/1994,0.173574727
12/30/1994,0.219641974
1/3/1995,0.272259687
1/4/1995,0.207319496
1/5/1995,0.198496142
1/6/1995,0.291966188
1/9/1995,0.311896346
1/10/1995,0.323031143
1/11/1995,0.345123389
1/12/1995,0.289030681
1/13/1995,0.209275998
1/17/1995,0.241212766
1/18/1995,0.256614699
1/19/1995,0.245637334
1/20/1995,0.170152244
1/23/1995,0.173561527
1/24/1995,0.253290172
1/25/1995,0.249011709
1/26/1995,0.38133328
1/27/1995,0.295167911
1/30/1995,0.254750333
1/31/1995,0.302631696
2/1/1995,0.211985105
2/2/1995,0.288300348
2/3/1995,0.177662568
2/6/1995,0.175050166
2/7/1995,0.158714933
2/8/1995,0.214696456
2/9/1995,0.087995413
2/10/1995,0.317523368
2/13/1995,0.30268743
2/14/1995,0.359853689
2/15/1995,0.409408487
2/16/1995,0.424171511
2/17/1995,0.40246062
2/21/1995,0.390629181
2/22/1995,0.376194579
2/23/1995,0.250970385
2/24/1995,0.299848406
2/27/1995,0.284460583
2/28/1995,0.253210469
3/1/1995,0.242048484
3/2/1995,0.255247964
3/3/1995,0.304349519
3/6/1995,0.246254221
3/7/1995,0.334367
3/8/1995,0.27607547
3/9/1995,0.210546349
3/10/1995,0.328883188
3/13/1995,0.250408223
3/14/1995,0.323272908
3/15/1995,0.355900871
3/16/1995,0.316872461
3/17/1995,0.323091012
3/20/1995,0.287794172
3/21/1995,0.289059061
3/22/1995,0.387446899
3/23/1995,0.311657736
3/24/1995,0.372735686
3/27/1995,0.379066832
3/28/1995,0.389527857
3/29/1995,0.355110642
3/30/1995,0.362462135
3/31/1995,0.293085632
4/3/1995,0.408977022
4/4/1995,0.502351069
4/5/1995,0.376870771
4/6/1995,0.352573626
4/7/1995,0.377082586
4/10/1995,0.376659089
4/11/1995,0.366945153
4/12/1995,0.301164169
4/13/1995,0.359207111
4/17/1995,0.394649776
4/18/1995,0.273786368
4/19/1995,0.460339329
4/20/1995,0.401185703
4/21/1995,0.188995983
4/24/1995,0.323470153
4/25/1995,0.43357987
4/26/1995,0.191895075
4/27/1995,0.318370225
4/28/1995,0.219816926
5/1/1995,0.240043676
5/2/1995,0.108609804
5/4/1995,0.287437029
5/5/1995,0.057165974
5/8/1995,0.160380271
5/9/1995,0.145448454
5/10/1995,0.092271083
5/11/1995,0.129177909
5/12/1995,0.210952487
5/15/1995,0.20949108
5/16/1995,0.17877943
5/17/1995,0.103644126
5/18/1995,0.181677259
5/19/1995,0.227811248
5/22/1995,0.217776431
5/23/1995,0.243776389
5/24/1995,0.197839295
5/25/1995,0.106735783
5/26/1995,0.106837743
5/30/1995,0.09671558
5/31/1995,0.066434787
6/1/1995,0.04289035
6/2/1995,0.120567413
6/5/1995,0.077553515
6/6/1995,0.088455342
6/7/1995,0.122596724
6/8/1995,0.061770284
6/9/1995,0.106568877
6/12/1995,0.178865169
6/13/1995,0.189433288
6/14/1995,0.149575874
6/15/1995,0.192474146
6/16/1995,0.138986743
6/19/1995,0.108393122
6/20/1995,0.144715963
6/21/1995,0.178200443
6/22/1995,0.15321036
6/23/1995,0.100785474
6/26/1995,-0.020964325
6/27/1995,0.028890543
6/28/1995,0.063344504
6/29/1995,0.093875969
6/30/1995,0.088210697
7/3/1995,0.040902869
7/5/1995,0.18107464
7/6/1995,0.180383126
7/7/1995,0.036560421
7/10/1995,0.216957676
7/11/1995,0.11137685
7/12/1995,0.13781621
7/13/1995,0.194130603
7/14/1995,0.157830619
7/17/1995,0.07818135
7/18/1995,0.215709319
7/19/1995,0.115829255
7/20/1995,0.238689679
7/21/1995,0.251552376
7/24/1995,0.202237959
7/25/1995,0.258134282
7/26/1995,0.13884626
7/27/1995,0.232210855
7/28/1995,0.16751447
7/31/1995,0.130327036
8/1/1995,0.19175526
8/2/1995,0.099300953
8/3/1995,0.197152053
8/4/1995,0.129596586
8/7/1995,0.012323212
8/8/1995,0.170024063
8/9/1995,0.217939644
8/10/1995,0.155357349
8/11/1995,0.157485963
8/14/1995,0.110747672
8/15/1995,0.108201841
8/16/1995,0.117469403
8/17/1995,0.066887723
8/18/1995,0.066866056
8/21/1995,0.076316217
8/22/1995,0.14085352
8/23/1995,0.118868663
8/24/1995,0.091768063
8/25/1995,0.08792661
8/28/1995,0.084617057
8/29/1995,0.080132443
8/30/1995,0.087907013
8/31/1995,0.038179751
9/1/1995,0.079554288
9/5/1995,0.085552741
9/6/1995,0.034375385
9/7/1995,0.070867945
9/8/1995,-0.000126124
9/11/1995,0.050417984
9/12/1995,0.073447054
9/13/1995,0.018363069
9/14/1995,-0.02070129
9/15/1995,-0.034500585
9/18/1995,-0.041756375
9/19/1995,0.023796867
9/20/1995,-0.046591592
9/21/1995,0.070369354
9/22/1995,0.122849268
9/25/1995,0.03580663
9/26/1995,0.021209701
9/27/1995,0.077808481
9/28/1995,0.048417134
9/29/1995,0.048266237
10/2/1995,-0.016847817
10/3/1995,0.00820446
10/4/1995,-0.053102338
10/5/1995,-0.040249784
10/6/1995,-0.013517147
10/10/1995,-0.051342885
10/11/1995,-0.018426126
10/12/1995,-0.138926442
10/13/1995,-0.062070538
10/16/1995,-0.04139386
10/17/1995,0.040531794
10/18/1995,0.003103661
10/19/1995,-1.04E-14
10/20/1995,-0.042985214
10/23/1995,0.002470418
10/24/1995,0.129078704
10/25/1995,-0.007284151
10/26/1995,0.218951228
10/27/1995,-0.003182285
10/30/1995,0.075548423
10/31/1995,0.039487926
11/1/1995,-0.010280932
11/2/1995,-0.068792469
11/3/1995,-0.062246583
11/6/1995,0.271371543
11/7/1995,0.178583283
11/8/1995,-0.075580734
11/9/1995,0.278518567
11/10/1995,0.023027146
11/13/1995,-0.006033189
11/14/1995,-0.004356776
11/15/1995,0.050885031
11/16/1995,0.04184045
11/17/1995,0.055516636
11/20/1995,0.046277299
11/21/1995,0.049629926
11/22/1995,0.006349773
11/24/1995,0.022664313
11/27/1995,-0.044362154
11/28/1995,-0.017549823
11/29/1995,-0.112503729
11/30/1995,-0.045633413
12/1/1995,-0.003775399
12/4/1995,-0.005187005
12/5/1995,-0.080328846
12/6/1995,-0.03229244
12/7/1995,-0.030842533
12/8/1995,-0.027878927
12/11/1995,-0.091375495
12/12/1995,-0.031601744
12/13/1995,0.01439361
12/14/1995,-0.043690354
12/15/1995,-0.022884325
12/18/1995,0.111023059
12/19/1995,-0.003407775
12/20/1995,-0.005709895
12/21/1995,0.024568039
12/22/1995,0.005458304
12/26/1995,0.044300296
12/27/1995,-0.011213006
12/28/1995,-0.105960829
12/29/1995,-0.049808208
1/2/1996,0.02992788
1/3/1996,-0.046755203
1/4/1996,0.015481556
1/5/1996,0.016267212
1/8/1996,0.031221767
1/9/1996,0.017505023
1/10/1996,0.130158605
1/11/1996,-0.001575369
1/12/1996,0.028037477
1/16/1996,-0.000159255
1/17/1996,0.084895396
1/18/1996,0.040581802
1/19/1996,0.058387855
1/22/1996,0.072112615
1/23/1996,0.08501218
1/24/1996,0.06510511
1/25/1996,0.045349279
1/26/1996,0.131323829
1/29/1996,0.089144521
1/30/1996,0.047692042
1/31/1996,0.078283396
2/1/1996,0.036354202
2/2/1996,0.059170545
2/5/1996,0.01762148
2/6/1996,0.090827212
2/7/1996,0.027293683
2/8/1996,0.245376889
2/9/1996,0.018418217
2/12/1996,0.060426596
2/13/1996,0.063599563
2/14/1996,0.055447262
2/15/1996,0.041986679
2/16/1996,0.057365074
2/20/1996,0.053142956
2/21/1996,0.074032762
2/22/1996,0.013542933
2/23/1996,0.082325369
2/26/1996,0.087841857
2/27/1996,0.08707378
2/28/1996,0.072502048
2/29/1996,0.128797157
3/1/1996,0.10200878
3/4/1996,0.10491289
3/5/1996,0.048093178
3/6/1996,-0.053017505
3/7/1996,0.06795186
3/8/1996,0.083485417
3/11/1996,0.067157053
3/12/1996,0.140939666
3/13/1996,0.120997205
3/14/1996,0.22603987
3/15/1996,0.20946303
3/18/1996,0.146959475
3/19/1996,0.180734143
3/20/1996,0.162629475
3/21/1996,0.261139447
3/22/1996,0.201250703
3/25/1996,0.187861882
3/26/1996,0.191238799
3/27/1996,0.147215123
3/28/1996,0.16830291
3/29/1996,0.226267326
4/1/1996,0.231202174
4/2/1996,0.260678933
4/3/1996,0.293260847
4/4/1996,0.26428419
4/5/1996,0.202285992
4/8/1996,0.278597441
4/9/1996,0.200244955
4/10/1996,0.159214557
4/11/1996,0.206155995
4/12/1996,0.274661398
4/15/1996,0.375823582
4/16/1996,0.21648311
4/17/1996,0.357029563
4/18/1996,0.226574132
4/19/1996,0.250679069
4/22/1996,0.283607539
4/23/1996,0.292346275
4/24/1996,0.252294329
4/25/1996,0.223465514
4/26/1996,0.152673894
4/29/1996,0.276586371
4/30/1996,0.260184568
5/1/1996,0.315775286
5/2/1996,0.364692679
5/3/1996,0.363539527
5/6/1996,0.1563539
5/7/1996,0.212520639
5/8/1996,0.231988814
5/9/1996,0.019886423
5/10/1996,0.128845564
5/13/1996,0.185360274
5/14/1996,0.187103659
5/15/1996,0.183107872
5/16/1996,0.193447494
5/17/1996,0.170302622
5/20/1996,0.202151065
5/21/1996,0.200822263
5/22/1996,0.214625921
5/23/1996,0.166889404
5/24/1996,0.219098738
5/28/1996,0.18985163
5/29/1996,0.215419513
5/30/1996,0.134427283
5/31/1996,0.15514253
6/3/1996,0.171860862
6/4/1996,0.175531883
6/5/1996,0.236807964
6/6/1996,0.205239214
6/7/1996,0.150946561
6/10/1996,0.172291116
6/11/1996,0.181817227
6/12/1996,0.1493763
6/13/1996,0.205805043
6/14/1996,0.243756713
6/17/1996,0.223533852
6/18/1996,0.285277648
6/19/1996,0.284788036
6/20/1996,0.221047498
6/21/1996,0.217738926
6/24/1996,0.190309083
6/25/1996,0.158523164
6/26/1996,0.180749082
6/27/1996,0.204843008
6/28/1996,0.187365519
7/1/1996,0.170167068
7/2/1996,0.247329004
7/3/1996,0.181314689
7/5/1996,0.248075949
7/8/1996,0.187671964
7/9/1996,0.286202649
7/10/1996,0.145063229
7/11/1996,0.341163151
7/12/1996,0.332168486
7/15/1996,0.218633997
7/16/1996,0.267319621
7/17/1996,0.33514196
7/18/1996,0.131638314
7/19/1996,0.270930654
7/22/1996,0.212707072
7/23/1996,0.2405161
7/24/1996,0.298079054
7/25/1996,0.268387082
7/26/1996,0.177213943
7/29/1996,0.287659862
7/30/1996,0.154263047
7/31/1996,0.187065235
8/1/1996,0.268415941
8/2/1996,0.224757687
8/5/1996,0.104925982
8/6/1996,0.070639867
8/7/1996,0.14086107
8/8/1996,0.020261767
8/9/1996,0.14620457
8/12/1996,0.165738025
8/13/1996,0.171179466
8/14/1996,0.12501594
8/15/1996,0.119811075
8/16/1996,0.163319072
8/19/1996,0.164000757
8/20/1996,0.142510182
8/21/1996,0.159893419
8/22/1996,0.111197106
8/23/1996,0.114719096
8/26/1996,0.131076044
8/27/1996,0.095135726
8/28/1996,0.098392232
8/29/1996,0.149808668
8/30/1996,0.115558719
9/3/1996,0.11760686
9/4/1996,0.149032386
9/5/1996,0.138602055
9/6/1996,0.152528768
9/9/1996,0.184677832
9/10/1996,0.191582525
9/11/1996,0.192830258
9/12/1996,0.246754676
9/13/1996,0.193031506
9/16/1996,0.269289113
9/17/1996,0.235423085
9/18/1996,0.200415897
9/19/1996,0.22866532
9/20/1996,0.206877614
9/23/1996,0.253385417
9/24/1996,0.226760425
9/25/1996,0.274434504
9/26/1996,0.228574588
9/27/1996,0.258942645
9/30/1996,0.284265729
10/1/1996,0.328260785
10/2/1996,0.214873741
10/3/1996,0.224525028
10/4/1996,0.14290038
10/7/1996,0.127118921
10/8/1996,0.186251356
10/9/1996,0.24359216
10/10/1996,0.28663324
10/11/1996,0.298487825
10/15/1996,0.27215713
10/16/1996,0.165449777
10/17/1996,0.203983489
10/18/1996,0.146704024
10/21/1996,0.228775306
10/22/1996,0.164782081
10/23/1996,0.168934728
10/24/1996,0.163222811
10/25/1996,0.182555727
10/28/1996,0.261118768
10/29/1996,0.15278696
10/30/1996,0.164475405
10/31/1996,0.13345022
11/1/1996,0.266552139
11/4/1996,0.104063426
11/5/1996,0.18621381
11/6/1996,0.13401635
11/7/1996,0.403497545
11/8/1996,0.064954207
11/12/1996,0.104469071
11/13/1996,0.097103974
11/14/1996,0.054351808
11/15/1996,0.087954311
11/18/1996,0.088806729
11/19/1996,0.126742896
11/20/1996,0.070729359
11/21/1996,0.028390798
11/22/1996,0.043540536
11/25/1996,0.068321576
11/26/1996,0.054098617
11/27/1996,0.060949477
11/29/1996,0.085241122
12/2/1996,0.060780699
12/3/1996,0.050928311
12/4/1996,0.076551546
12/5/1996,0.066298547
12/6/1996,0.107438722
12/9/1996,0.160780961
12/10/1996,0.081092218
12/11/1996,0.17262167
12/12/1996,0.14815037
12/13/1996,0.174601714
12/16/1996,0.172468139
12/17/1996,0.203400801
12/18/1996,0.138586925
12/19/1996,0.216060043
12/20/1996,0.308334223
12/23/1996,0.30207444
12/24/1996,0.365780606
12/26/1996,0.187552159
12/27/1996,0.242093647
12/30/1996,0.197607418
12/31/1996,0.289929283
1/2/1997,0.307607227
1/3/1997,0.216936346
1/6/1997,0.3199031
1/7/1997,0.211951898
1/8/1997,0.24329289
1/9/1997,0.250355638
1/10/1997,0.250091758
1/13/1997,0.277346091
1/14/1997,0.34371382
1/15/1997,0.3231946
1/16/1997,0.32824096
1/17/1997,0.233431029
1/21/1997,0.258671202
1/22/1997,0.197939275
1/23/1997,0.310427594
1/24/1997,0.289379102
1/27/1997,0.354219019
1/28/1997,0.331488499
1/29/1997,0.412255444
1/30/1997,0.216401589
1/31/1997,0.286521746
2/3/1997,0.348422864
2/4/1997,0.184677282
2/5/1997,0.309459418
2/6/1997,0.369097726
2/7/1997,0.235782834
2/10/1997,0.233742745
2/11/1997,0.177511297
2/12/1997,0.194373457
2/13/1997,0.190276647
2/14/1997,0.181783942
2/18/1997,0.223809228
2/19/1997,0.254115713
2/20/1997,0.206593891
2/21/1997,0.236937185
2/24/1997,0.211482095
2/25/1997,0.202273379
2/26/1997,0.239443145
2/27/1997,0.261571208
2/28/1997,0.258487265
3/3/1997,0.253297599
3/4/1997,0.274999831
3/5/1997,0.270113556
3/6/1997,0.339716775
3/7/1997,0.314719184
3/10/1997,0.315061924
3/11/1997,0.300249658
3/12/1997,0.315854277
3/13/1997,0.304849343
3/14/1997,0.28565084
3/17/1997,0.37161126
3/18/1997,0.329134324
3/19/1997,0.279845157
3/20/1997,0.330095016
3/21/1997,0.300786467
3/24/1997,0.320545039
3/25/1997,0.352277557
3/26/1997,0.310459004
3/27/1997,0.222591641
3/31/1997,0.261584795
4/1/1997,0.33374919
4/2/1997,0.245664667
4/3/1997,0.184214822
4/4/1997,0.244030863
4/7/1997,0.269790204
4/8/1997,0.322038534
4/9/1997,0.322040077
4/10/1997,0.270669066
4/11/1997,0.19329165
4/14/1997,0.234983328
4/15/1997,0.18341763
4/16/1997,0.225450252
4/17/1997,0.155281793
4/18/1997,0.094140007
4/21/1997,0.223268976
4/22/1997,0.201485697
4/23/1997,0.235891507
4/24/1997,0.197960366
4/25/1997,0.292519775
4/28/1997,0.433068018
4/29/1997,0.17670881
4/30/1997,0.117617646
5/1/1997,0.114174534
5/2/1997,0.272187622
5/5/1997,0.304673019
5/6/1997,0.304706445
5/7/1997,0.184601669
5/8/1997,0.174598348
5/9/1997,0.194612143
5/12/1997,0.218452722
5/13/1997,0.196912158
5/14/1997,0.093318857
5/15/1997,0.063764732
5/16/1997,0.157533063
5/19/1997,0.15248909
5/20/1997,0.180816903
5/21/1997,0.148733245
5/22/1997,0.167565856
5/23/1997,0.245125447
5/27/1997,0.200635844
5/28/1997,0.214423958
5/29/1997,0.168528812
5/30/1997,0.220128747
6/2/1997,0.236191987
6/3/1997,0.165716739
6/4/1997,0.160945755
6/5/1997,0.107598318
6/6/1997,0.101731889
6/9/1997,0.09697887
6/10/1997,0.050499902
6/11/1997,0.132011659
6/12/1997,0.194179527
6/13/1997,0.28315954
6/16/1997,0.094669446
6/17/1997,0.108226475
6/18/1997,0.064239646
6/19/1997,0.159358888
6/20/1997,0.235685306
6/23/1997,0.135974118
6/24/1997,0.232298631
6/25/1997,0.159898152
6/26/1997,0.126821862
6/27/1997,0.212768489
6/30/1997,0.044670231
7/1/1997,0.021358181
7/2/1997,0.189238793
7/3/1997,0.092080249
7/7/1997,0.051372841
7/8/1997,0.083746504
7/9/1997,0.101568592
7/10/1997,0.050628765
7/11/1997,0.0734216
7/14/1997,0.12080191
7/15/1997,0.142093803
7/16/1997,0.128731628
7/17/1997,0.109992802
7/18/1997,-0.029041104
7/21/1997,0.099792362
7/22/1997,0.111662091
7/23/1997,-0.003432159
7/24/1997,0.078832916
7/25/1997,0.095604915
7/28/1997,0.009078675
7/29/1997,0.095276957
7/30/1997,-0.174527809
7/31/1997,2.73E-14
8/1/1997,0.105630879
8/4/1997,0.177500627
8/5/1997,0.191476496
8/6/1997,-0.010898623
8/7/1997,-0.109627816
8/8/1997,0.050737388
8/11/1997,0.08106024
8/12/1997,0.088405969
8/13/1997,0.213704985
8/14/1997,0.038036585
8/15/1997,0.091535692
8/18/1997,0.060023733
8/19/1997,0.056439746
8/20/1997,0.057265529
8/21/1997,0.035696752
8/22/1997,0.182820265
8/25/1997,0.110102935
8/26/1997,0.085500517
8/27/1997,0.074437269
8/28/1997,0.096494424
8/29/1997,0.158964255
9/2/1997,0.044333917
9/3/1997,0.147620042
9/4/1997,0.157932498
9/5/1997,0.231564144
9/8/1997,0.194353754
9/9/1997,0.242680261
9/10/1997,0.178027836
9/11/1997,0.215841288
9/12/1997,0.09743679
9/15/1997,0.153634718
9/16/1997,0.08453561
9/17/1997,0.095647893
9/18/1997,0.140189689
9/19/1997,0.091450627
9/22/1997,1.09E-15
9/23/1997,-0.04385543
9/24/1997,0.03186405
9/25/1997,-0.020263307
9/26/1997,-0.020412396
9/29/1997,0.014487884
9/30/1997,0.120110495
10/1/1997,0.083710312
10/2/1997,-0.011812502
10/3/1997,0.076967855
10/6/1997,-0.058220006
10/7/1997,0.043394458
10/8/1997,-0.033639666
10/9/1997,0.05065318
10/10/1997,-0.042997894
10/14/1997,0.179450687
10/15/1997,0.050366817
10/16/1997,0.036373561
10/17/1997,0.173783522
10/20/1997,0.260556421
10/21/1997,0.260522463
10/22/1997,0.288595979
10/23/1997,0.109865742
10/24/1997,0.156043891
10/27/1997,-0.234965232
10/28/1997,-0.107691458
10/29/1997,-0.097820316
10/30/1997,-0.142016585
10/31/1997,-0.223696159
11/3/1997,-0.111695094
11/4/1997,-0.220523969
11/5/1997,0.019661116
11/6/1997,-0.2576391
11/7/1997,-0.037781009
11/10/1997,0.050684502
11/12/1997,0.006528862
11/13/1997,-0.054203138
11/14/1997,-0.046094074
11/17/1997,-0.004035273
11/18/1997,-0.039856751
11/19/1997,-0.117885974
11/20/1997,-0.095731666
11/21/1997,-0.02143464
11/24/1997,-0.094837675
11/25/1997,-0.068379139
11/26/1997,-0.077764026
11/28/1997,-0.095073688
12/1/1997,-0.069902139
12/2/1997,-0.036444229
12/3/1997,-0.048582563
12/4/1997,-0.031715496
12/5/1997,-0.095314461
12/8/1997,0.05059644
12/9/1997,0.038517405
12/10/1997,0.059746944
12/11/1997,0.043494327
12/12/1997,0.055259525
12/15/1997,-0.021288503
12/16/1997,-0.067622288
12/17/1997,-0.034031405
12/18/1997,-0.043564881
12/19/1997,-0.063884
12/22/1997,-0.091448713
12/23/1997,-0.084431107
12/24/1997,-0.119564708
12/26/1997,-0.040217516
12/29/1997,-0.028950161
12/30/1997,-0.110031923
12/31/1997,-0.115971802
1/2/1998,-0.155941091
1/5/1998,-0.091781374
1/6/1998,-0.079113519
1/7/1998,-0.217678416
1/8/1998,-0.110398238
1/9/1998,-0.052756988
1/12/1998,-0.123684436
1/13/1998,-0.104985833
1/14/1998,-0.172062103
1/15/1998,-0.052955673
1/16/1998,-0.102779628
1/20/1998,-0.021006801
1/21/1998,-0.218685377
1/22/1998,-0.110692617
1/23/1998,0.03848523
1/26/1998,-0.028795541
1/27/1998,-0.072083151
1/28/1998,0.130142128
1/29/1998,0.043213018
1/30/1998,-0.054836921
2/2/1998,0.008945919
2/3/1998,6.44E-14
2/4/1998,-5.71E-14
2/5/1998,0.176993316
2/6/1998,-0.029275304
2/9/1998,-0.031957561
2/10/1998,0.03719147
2/11/1998,0.007357135
2/12/1998,-0.058102288
2/13/1998,-0.053495582
2/17/1998,0.019046258
2/18/1998,0.003089164
2/19/1998,-0.067910099
2/20/1998,-0.030832409
2/23/1998,0.036992979
2/24/1998,0.058152072
2/25/1998,0.038548574
2/26/1998,0.105308247
2/27/1998,-0.029993996
3/2/1998,0.119062084
3/3/1998,0.117822721
3/4/1998,0.044365371
3/5/1998,0.114005354
3/6/1998,0.131046382
3/9/1998,-0.060218954
3/10/1998,0.041095618
3/11/1998,0.084081
3/12/1998,0.152866512
3/13/1998,-0.039616061
3/16/1998,0.08313097
3/17/1998,0.055948428
3/18/1998,0.036610504
3/19/1998,-0.032008001
3/20/1998,-0.017573781
3/23/1998,0.017239889
3/24/1998,-0.012849559
3/25/1998,0.039928052
3/26/1998,0.140056362
3/27/1998,0.105613801
3/30/1998,0.129603956
3/31/1998,0.039654364
4/1/1998,0.014580168
4/2/1998,0.104925433
4/3/1998,-0.090875224
4/6/1998,-0.050996535
4/7/1998,-0.030486042
4/8/1998,0.106028325
4/9/1998,-0.031035019
4/13/1998,0.170367874
4/14/1998,0.129539109
4/15/1998,0.045277943
4/16/1998,-0.160963825
4/17/1998,-0.000887227
4/20/1998,0.303247008
4/21/1998,0.234692675
4/22/1998,0.234637419
4/23/1998,0.322917328
4/24/1998,0.314737004
4/27/1998,0.291061773
4/28/1998,0.33362494
4/29/1998,0.306023786
4/30/1998,0.177087901
5/1/1998,0.031757856
5/4/1998,0.025554623
5/5/1998,0.143643397
5/6/1998,0.091547675
5/7/1998,0.101819977
5/8/1998,0.064628633
5/11/1998,0.0722735
5/12/1998,-0.008721223
5/13/1998,0.094679149
5/14/1998,0.053406466
5/15/1998,0.057247566
5/18/1998,0.057772189
5/19/1998,0.158775213
5/20/1998,-0.077499404
5/21/1998,-0.00176825
5/22/1998,-0.075545474
5/26/1998,-0.019845988
5/27/1998,0.007095625
5/28/1998,0.035123162
5/29/1998,0.032739682
6/1/1998,-0.039385748
6/2/1998,-0.060817115
6/3/1998,-0.0490997
6/4/1998,-0.014100929
6/5/1998,-0.083013222
6/8/1998,0.051303165
6/9/1998,0.025560767
6/10/1998,-0.007721832
6/11/1998,-0.194124601
6/12/1998,-0.124222589
6/15/1998,-0.167230183
6/16/1998,-0.125408421
6/17/1998,-0.037076109
6/18/1998,0.00271726
6/19/1998,-0.032270334
6/22/1998,-0.115631487
6/23/1998,-0.01970451
6/24/1998,-0.069049443
6/25/1998,-0.066135189
6/26/1998,-0.02065879
6/29/1998,-0.072355656
6/30/1998,-0.092210165
7/1/1998,-0.079992429
7/2/1998,0.034743721
7/6/1998,0.02255732
7/7/1998,0.002258395
7/8/1998,-0.001775196
7/9/1998,-0.038839258
7/10/1998,0.024372652
7/13/1998,0.130665608
7/14/1998,0.066587237
7/15/1998,0.087501305
7/16/1998,0.066925627
7/17/1998,0.062512085
7/20/1998,0.020318127
7/21/1998,-0.034827425
7/22/1998,0.041819452
7/23/1998,0.22848083
7/24/1998,0.088103464
7/27/1998,0.075626376
7/28/1998,0.011828773
7/29/1998,-0.034689666
7/30/1998,0.117067461
7/31/1998,-0.258989179
8/3/1998,-0.10035806
8/4/1998,-0.160613208
8/5/1998,0.021277393
8/6/1998,-0.008048897
8/7/1998,-0.09480531
8/10/1998,-0.078338718
8/11/1998,-0.094609392
8/12/1998,-0.101291811
8/13/1998,-0.131230676
8/14/1998,-0.133297408
8/17/1998,-0.135539198
8/18/1998,-0.220248652
8/19/1998,-0.129581372
8/20/1998,-0.166217381
8/21/1998,-0.19436168
8/24/1998,-0.157348434
8/25/1998,-0.105410384
8/26/1998,-0.183171379
8/27/1998,-0.418790312
8/28/1998,-0.455025837
8/31/1998,-0.353226358
9/1/1998,-0.358739591
9/2/1998,-0.321799669
9/3/1998,-0.36542353
9/4/1998,-0.321222587
9/8/1998,-0.302750551
9/9/1998,-0.401749696
9/10/1998,-0.250769797
9/11/1998,-0.353298317
9/14/1998,-0.346918574
9/15/1998,-0.299043015
9/16/1998,-0.371324808
9/17/1998,-0.337950787
9/18/1998,-0.323106643
9/21/1998,-0.416053002
9/22/1998,-0.48151404
9/23/1998,-0.45953973
9/24/1998,-0.431003272
9/25/1998,-0.379469366
9/28/1998,-0.377058588
9/29/1998,-0.368091069
9/30/1998,-0.372547766
10/1/1998,-0.26147007
10/2/1998,-0.262752091
10/5/1998,-0.205954588
10/6/1998,-0.268466412
10/7/1998,-0.126485988
10/8/1998,-0.081692643
10/9/1998,0.021049108
10/13/1998,-0.053485847
10/14/1998,-0.094008079
10/15/1998,-0.090264961
10/16/1998,-0.125539019
10/19/1998,-0.101549211
10/20/1998,0.01496611
10/21/1998,0.064726961
10/22/1998,0.048720478
10/23/1998,0.067095588
10/26/1998,0.050384406
10/27/1998,0.049461171
10/28/1998,0.049187189
10/29/1998,0.029209452
10/30/1998,0.161286434
11/2/1998,0.161451278
11/3/1998,0.070928762
11/4/1998,0.085610773
11/5/1998,-0.102046035
11/6/1998,-0.102619492
11/9/1998,-0.097534715
11/10/1998,-0.100276978
11/12/1998,-0.062998788
11/13/1998,-0.102299911
11/16/1998,-0.08558133
11/17/1998,-0.081166143
11/18/1998,-0.110907532
11/19/1998,-0.122376805
11/20/1998,-0.086471643
11/23/1998,-0.190999654
11/24/1998,-0.115352431
11/25/1998,-0.049246827
11/27/1998,-0.02954332
11/30/1998,-0.063139747
12/1/1998,-0.138454536
12/2/1998,-0.129165665
12/3/1998,-0.118544658
12/4/1998,-0.103186952
12/7/1998,-0.086645563
12/8/1998,-0.120208684
12/9/1998,-0.155036141
12/10/1998,-0.083225111
12/11/1998,-0.191204423
12/14/1998,-0.167045684
12/15/1998,-0.160027625
12/16/1998,-0.147255527
12/17/1998,-0.106135966
12/18/1998,-0.122041817
12/21/1998,-0.048687758
12/22/1998,-0.114430238
12/23/1998,-0.140217458
12/24/1998,-0.059693381
12/28/1998,-0.12452122
12/29/1998,-0.109543791
12/30/1998,-0.125142668
12/31/1998,-0.057471081
1/4/1999,-0.077291644
1/5/1999,-0.133404296
1/6/1999,-0.132301948
1/7/1999,-0.101780104
1/8/1999,-0.051607648
1/11/1999,-0.003964849
1/12/1999,-0.03368308
1/13/1999,-0.196509065
1/14/1999,-0.143070911
1/15/1999,-0.122963999
1/19/1999,-0.143146854
1/20/1999,-0.184442451
1/21/1999,-0.143850697
1/22/1999,-0.080506413
1/25/1999,-0.110904196
1/26/1999,-0.079353742
1/27/1999,-0.096048459
1/28/1999,-0.122373142
1/29/1999,-0.178134919
2/1/1999,0.088207804
2/2/1999,-0.058728083
2/3/1999,0.018060684
2/4/1999,0.387513463
2/5/1999,-0.087966884
2/8/1999,-0.054237723
2/9/1999,-0.046474722
2/10/1999,-0.107119476
2/11/1999,-0.006007006
2/12/1999,-0.07265643
2/16/1999,-0.019222576
2/17/1999,-0.092306807
2/18/1999,0.005567559
2/19/1999,-0.001462195
2/22/1999,0.051550513
2/23/1999,0.053881329
2/24/1999,0.050563387
2/25/1999,-0.008559778
2/26/1999,0.053513755
3/1/1999,0.12306957
3/2/1999,0.127438722
3/3/1999,0.136645768
3/4/1999,0.182569825
3/5/1999,0.206327423
3/8/1999,0.148998337
3/9/1999,0.1720511
3/10/1999,0.240576305
3/11/1999,0.18505687
3/12/1999,0.229462086
3/15/1999,0.252129822
3/16/1999,0.199548629
3/17/1999,0.227497516
3/18/1999,0.249740615
3/19/1999,0.245959975
3/22/1999,0.215579442
3/23/1999,0.229495199
3/24/1999,0.241259833
3/25/1999,0.090616021
3/26/1999,0.073524617
3/29/1999,0.155993572
3/30/1999,0.160485222
3/31/1999,0.142411192
4/1/1999,0.102516138
4/2/1999,0.115868706
4/5/1999,0.080067996
4/6/1999,0.235298596
4/7/1999,0.132719178
4/8/1999,0.023936335
4/9/1999,0.105677304
4/12/1999,0.019377489
4/13/1999,0.25971076
4/14/1999,0.217331181
4/15/1999,0.099438663
4/16/1999,0.058359388
4/19/1999,0.117683376
4/20/1999,0.129801422
4/21/1999,0.031847307
4/22/1999,0.094143109
4/23/1999,0.172778929
4/26/1999,0.025070953
4/27/1999,0.197527756
4/28/1999,0.107100361
4/29/1999,-0.053102886
4/30/1999,0.154078717
5/3/1999,-0.004803203
5/4/1999,0.235198194
5/5/1999,0.052061231
5/6/1999,0.008643886
5/7/1999,-0.043321487
5/10/1999,-0.037226468
5/11/1999,-0.011598882
5/12/1999,-0.049745328
5/13/1999,-0.022044525
5/14/1999,-0.143737842
5/17/1999,-0.087250071
5/18/1999,-0.024972382
5/19/1999,0.074886082
5/20/1999,0.033420539
5/21/1999,-0.03255393
5/24/1999,0.014993979
5/25/1999,0.022182381
5/26/1999,-0.012685935
5/27/1999,-0.067973904
5/28/1999,0.028240526
6/1/1999,0.027317658
6/2/1999,0.345737801
6/3/1999,0.399713662
6/4/1999,0.510441513
6/7/1999,0.160604189
6/8/1999,0.454920581
6/9/1999,0.416445928
6/10/1999,0.38941663
6/11/1999,0.377237263
6/14/1999,0.396768722
6/15/1999,0.351407468
6/16/1999,0.213951016
6/17/1999,0.303263045
6/18/1999,0.261053287
6/21/1999,0.153237908
6/22/1999,0.228344621
6/23/1999,0.228891651
6/24/1999,0.252789232
6/25/1999,0.498816715
6/28/1999,0.256598108
6/29/1999,0.218886869
6/30/1999,0.204062499
7/1/1999,0.329129319
7/2/1999,0.197331949
7/6/1999,0.180238123
7/7/1999,0.224838832
7/8/1999,0.263338125
7/9/1999,0.241448832
7/12/1999,0.181213493
7/13/1999,0.128413068
7/14/1999,0.192264356
7/15/1999,0.217671216
7/16/1999,0.063254148
7/19/1999,0.108755374
7/20/1999,0.124136187
7/21/1999,0.207009914
7/22/1999,0.155020431
7/23/1999,0.177455412
7/26/1999,0.161033551
7/27/1999,0.139347779
7/28/1999,0.125558528
7/29/1999,0.13829255
7/30/1999,0.101484865
8/2/1999,0.012270786
8/3/1999,0.14073129
8/4/1999,0.1123932
8/5/1999,0.018895785
8/6/1999,0.17150648
8/9/1999,0.091969922
8/10/1999,0.081604524
8/11/1999,-0.081571494
8/12/1999,-0.168054813
8/13/1999,0.081082719
8/16/1999,0.097814977
8/17/1999,0.194753261
8/18/1999,0.121009472
8/19/1999,0.117094753
8/20/1999,0.128700942
8/23/1999,0.061541791
8/24/1999,0.131795285
8/25/1999,0.068628211
8/26/1999,0.139027424
8/27/1999,0.109817644
8/30/1999,0.165737659
8/31/1999,0.14864406
9/1/1999,0.199959185
9/2/1999,0.162372541
9/3/1999,0.124529237
9/7/1999,0.157265498
9/8/1999,0.160519679
9/9/1999,0.213282512
9/10/1999,0.18789726
9/13/1999,0.171371604
9/14/1999,0.220889254
9/15/1999,0.297312198
9/16/1999,0.268190446
9/17/1999,0.252615221
9/20/1999,0.243950693
9/21/1999,0.372755228
9/22/1999,0.216542635
9/23/1999,0.254339421
9/24/1999,-0.124388597
9/27/1999,-0.032832677
9/28/1999,0.107550538
9/29/1999,0.088836666
9/30/1999,0.048098249
10/1/1999,0.129360404
10/4/1999,0.156598273
10/5/1999,0.231013001
10/6/1999,0.187799631
10/7/1999,0.296157508
10/8/1999,0.228187836
10/12/1999,0.103207401
10/13/1999,0.253082227
10/14/1999,0.142355773
10/15/1999,0.010792423
10/18/1999,0.269508092
10/19/1999,0.221636699
10/20/1999,0.030414456
10/21/1999,-0.052053773
10/22/1999,-0.008807818
10/25/1999,0.085270043
10/26/1999,4.86E-15
10/27/1999,0.135554751
10/28/1999,0.21982324
10/29/1999,0.085328415
11/1/1999,-0.016430391
11/2/1999,-0.086245497
11/3/1999,-0.024424034
11/4/1999,-0.035981343
11/5/1999,-0.061294884
11/8/1999,-0.117178326
11/9/1999,0.087483348
11/10/1999,0.117789597
11/12/1999,0.301758318
11/15/1999,0.273127815
11/16/1999,0.260637921
11/17/1999,0.329224644
11/18/1999,0.371053748
11/19/1999,0.252066916
11/22/1999,0.27854243
11/23/1999,0.260799699
11/24/1999,0.268864319
11/26/1999,0.333659242
11/29/1999,0.251821076
11/30/1999,0.178454885
12/1/1999,0.245097507
12/2/1999,0.327731809
12/3/1999,0.239747828
12/6/1999,0.243055612
12/7/1999,0.264362353
12/8/1999,0.227332821
12/9/1999,0.303773365
12/10/1999,0.347270678
12/13/1999,0.301391052
12/14/1999,0.319763251
12/15/1999,0.541462043
12/16/1999,0.264923353
12/17/1999,0.273025213
12/20/1999,0.269471803
12/21/1999,0.273313181
12/22/1999,0.269590986
12/23/1999,0.377217592
12/27/1999,0.257704486
12/28/1999,0.354804465
12/29/1999,0.252245066
12/30/1999,0.251846084
12/31/1999,0.311205828
1/3/2000,0.255503017
1/4/2000,0.213253361
1/5/2000,0.241259114
1/6/2000,0.306965415
1/7/2000,0.185872397
1/10/2000,0.140817483
1/11/2000,0.260631196
1/12/2000,0.182216566
1/13/2000,0.280662747
1/14/2000,0.183523438
1/18/2000,0.332093208
1/19/2000,0.14256401
1/20/2000,0.157137705
1/21/2000,0.108016316
1/24/2000,0.162963614
1/25/2000,-0.027439621
1/26/2000,0.015057297
1/27/2000,0.068326
1/28/2000,0.03273055
1/31/2000,-0.071938
2/1/2000,-0.058738106
2/2/2000,0.141081518
2/3/2000,-0.013271172
2/4/2000,-0.002727096
2/7/2000,-0.185079351
2/8/2000,-0.12621649
2/9/2000,-0.067522993
2/10/2000,0.061149593
2/11/2000,0.154359094
2/14/2000,0.22955326
2/15/2000,0.223355669
2/16/2000,0.164192025
2/17/2000,0.186671407
2/18/2000,0.201161156
2/22/2000,-0.000237107
2/23/2000,0.041011437
2/24/2000,-0.057772543
2/25/2000,-0.03981366
2/28/2000,-0.01847398
2/29/2000,-0.073814815
3/1/2000,-0.004077064
3/2/2000,-0.043790893
3/3/2000,0.028415863
3/6/2000,-0.029089896
3/7/2000,0.03897198
3/8/2000,-0.010225653
3/9/2000,-0.001904958
3/10/2000,-0.097924104
3/13/2000,-0.019927743
3/14/2000,0.033599557
3/15/2000,-0.031852872
3/16/2000,0.048200593
3/17/2000,0.019441757
3/20/2000,0.141519115
3/21/2000,0.081407892
3/22/2000,0.069165066
3/23/2000,0.023732193
3/24/2000,-0.061421475
3/27/2000,-0.015604782
3/28/2000,0.036483958
3/29/2000,0.067598883
3/30/2000,0.040730472
3/31/2000,0.047225063
4/3/2000,0.079664926
4/4/2000,0.042503836
4/5/2000,0.080859589
4/6/2000,0.04325395
4/7/2000,0.093976158
4/10/2000,0.049176721
4/11/2000,0.237254274
4/12/2000,0.246682028
4/13/2000,0.209555484
4/14/2000,0.252443541
4/17/2000,0.204429614
4/18/2000,0.241933142
4/19/2000,0.183031441
4/20/2000,0.126435485
4/24/2000,0.182073466
4/25/2000,0.195588653
4/26/2000,0.280070374
4/27/2000,0.19280354
4/28/2000,0.270802543
5/1/2000,0.135663474
5/2/2000,0.05879676
5/3/2000,0.048045086
5/4/2000,0.117707299
5/5/2000,0.138035897
5/8/2000,0.202729321
5/9/2000,0.102654845
5/10/2000,-0.074477061
5/11/2000,0.209812452
5/12/2000,0.200277113
5/15/2000,0.174211643
5/16/2000,0.289191333
5/17/2000,0.272111947
5/18/2000,0.209730972
5/19/2000,0.192015087
5/22/2000,0.221753101
5/23/2000,0.233245546
5/24/2000,0.176965565
5/25/2000,0.127618337
5/26/2000,0.227021859
5/30/2000,0.173818799
5/31/2000,0.151362211
6/1/2000,0.176492702
6/2/2000,0.183106669
6/5/2000,0.261715013
6/6/2000,0.213977912
6/7/2000,0.252274336
6/8/2000,0.227779382
6/9/2000,0.30981479
6/12/2000,0.166173251
6/13/2000,0.345561137
6/14/2000,0.284990862
6/15/2000,0.251882168
6/16/2000,0.252554609
6/19/2000,0.238840202
6/20/2000,0.208199859
6/21/2000,0.312980879
6/22/2000,0.282675681
6/23/2000,0.251660334
6/26/2000,0.281674302
6/27/2000,0.279976248
6/28/2000,0.223950129
6/29/2000,0.249082384
6/30/2000,0.135959021
7/3/2000,0.287420246
7/5/2000,0.123801691
7/6/2000,0.173162934
7/7/2000,0.164383775
7/10/2000,0.17705364
7/11/2000,0.159540077
7/12/2000,0.352100799
7/13/2000,0.289578315
7/14/2000,0.248550975
7/17/2000,0.109101833
7/18/2000,0.137173197
7/19/2000,0.202557611
7/20/2000,0.278805998
7/21/2000,0.288677648
7/24/2000,0.211598273
7/25/2000,0.131324861
7/26/2000,0.161965288
7/27/2000,0.057739089
7/28/2000,0.105907132
7/31/2000,0.11212956
8/1/2000,0.135470925
8/2/2000,0.057415679
8/3/2000,0.106075117
8/4/2000,0.093238598
8/7/2000,0.217294216
8/8/2000,0.221762628
8/9/2000,0.256149658
8/10/2000,0.142541272
8/11/2000,0.168164846
8/14/2000,0.124088621
8/15/2000,0.111663016
8/16/2000,0.113095964
8/17/2000,0.25122929
8/18/2000,0.137260389
8/21/2000,0.130398222
8/22/2000,0.165780593
8/23/2000,0.058839064
8/24/2000,0.154311934
8/25/2000,0.048344914
8/28/2000,0.180431247
8/29/2000,0.101321837
8/30/2000,0.175935187
8/31/2000,0.172409886
9/1/2000,0.110276144
9/5/2000,0.148471
9/6/2000,0.103281818
9/7/2000,0.074943074
9/8/2000,0.089785474
9/11/2000,0.147835074
9/12/2000,0.161395981
9/13/2000,0.040518749
9/14/2000,0.068067436
9/15/2000,0.137574524
9/18/2000,0.171893709
9/19/2000,0.160042366
9/20/2000,0.109994703
9/21/2000,0.117829625
9/22/2000,0.161269798
9/25/2000,0.060196063
9/26/2000,0.123619132
9/27/2000,0.115971257
9/28/2000,0.098117031
9/29/2000,0.12728368
10/2/2000,0.009134962
10/3/2000,0.015929867
10/4/2000,0.177545615
10/5/2000,0.122683369
10/6/2000,0.085558582
10/10/2000,0.214781503
10/11/2000,0.04456346
10/12/2000,-0.044387783
10/13/2000,0.044728705
10/16/2000,0.152547104
10/17/2000,-0.0490731
10/18/2000,-0.033276072
10/19/2000,-0.067479543
10/20/2000,-0.112004511
10/23/2000,0.01102786
10/24/2000,-0.054672131
10/25/2000,0.210152312
10/26/2000,0.151510823
10/27/2000,0.174305523
10/30/2000,0.17911736
10/31/2000,0.178697652
11/1/2000,0.088874483
11/2/2000,0.156745514
11/3/2000,0.163307621
11/6/2000,0.151273887
11/7/2000,0.076052821
11/8/2000,0.091859049
11/9/2000,0.012549971
11/10/2000,0.10851481
11/13/2000,0.103647153
11/14/2000,0.132655875
11/15/2000,0.074904946
11/16/2000,0.132336719
11/17/2000,0.05837062
11/20/2000,0.051151028
11/21/2000,0.080578882
11/22/2000,0.023842311
11/24/2000,0.061220584
11/27/2000,-0.007928861
11/28/2000,0.093675505
11/29/2000,0.009497941
11/30/2000,-0.166475334
12/1/2000,-0.196198997
12/4/2000,-0.172122996
12/5/2000,-0.073350897
12/6/2000,-0.17488114
12/7/2000,-0.196754904
12/8/2000,-0.274942516
12/12/2000,-0.283871891
12/13/2000,-0.238191821
12/14/2000,-0.298155553
12/15/2000,-0.26159626
12/18/2000,-0.197513174
12/19/2000,-0.172862862
12/20/2000,-0.27358043
12/21/2000,-0.262944296
12/22/2000,-0.23313445
12/26/2000,-0.183925963
12/27/2000,-0.27612798
12/28/2000,-0.270969572
12/29/2000,-0.285283187
1/2/2001,-0.227283962
1/3/2001,-0.274056019
1/4/2001,-0.302213733
1/5/2001,-0.220758054
1/8/2001,-0.239819431
1/9/2001,-0.273323919
1/10/2001,-0.206198402
1/11/2001,-0.150282392
1/12/2001,-0.114351087
1/16/2001,-0.079020341
1/17/2001,-0.144438283
1/18/2001,-0.114898813
1/19/2001,-0.144470446
1/22/2001,-0.080967629
1/23/2001,-0.057439869
1/24/2001,0.037440474
1/25/2001,-0.016691094
1/26/2001,-0.130911336
1/29/2001,-0.012106693
1/30/2001,0.050974141
1/31/2001,-0.000191043
2/1/2001,-0.128198086
2/2/2001,0.18624739
2/5/2001,-0.0880657
2/6/2001,-0.016955806
2/7/2001,-0.013658789
2/8/2001,0.128962978
2/9/2001,-0.07090729
2/12/2001,-0.11751583
2/13/2001,-0.088182561
2/14/2001,-0.119801208
2/15/2001,-0.138181504
2/16/2001,-0.117161594
2/20/2001,-0.147033362
2/21/2001,-0.113815029
2/22/2001,-0.151312036
2/23/2001,-0.119062035
2/26/2001,-0.134862916
2/27/2001,-0.165184732
2/28/2001,-0.143364452
3/1/2001,-0.16410364
3/2/2001,-0.273071922
3/5/2001,-0.251597455
3/6/2001,-0.24802431
3/7/2001,-0.197933357
3/8/2001,-0.149587988
3/9/2001,-0.212530147
3/12/2001,-0.292061563
3/13/2001,-0.317550877
3/14/2001,-0.243953907
3/15/2001,-0.287081906
3/16/2001,-0.320361543
3/19/2001,-0.319199068
3/20/2001,-0.326526596
3/21/2001,-0.384401674
3/22/2001,-0.294376876
3/23/2001,-0.373031314
3/26/2001,-0.387321501
3/27/2001,-0.372948854
3/28/2001,-0.372110954
3/29/2001,-0.362845278
3/30/2001,-0.416246935
4/2/2001,-0.300105787
4/3/2001,-0.362335031
4/4/2001,-0.34467844
4/5/2001,-0.337009571
4/6/2001,-0.263175877
4/9/2001,-0.203913573
4/10/2001,-0.293121837
4/11/2001,-0.195090746
4/12/2001,-0.125445936
4/16/2001,-0.097942101
4/17/2001,-0.080795412
4/18/2001,0.030306368
4/19/2001,0.009574066
4/20/2001,0.019507645
4/23/2001,-0.090234453
4/24/2001,-0.121114263
4/25/2001,-0.062499864
4/26/2001,0.008023581
4/27/2001,0.005903229
4/30/2001,0.130125339
5/1/2001,0.094724152
5/2/2001,-0.003882419
5/3/2001,0.052697754
5/4/2001,0.069617402
5/7/2001,0.135973918
5/8/2001,-0.048409774
5/9/2001,0.129287842
5/10/2001,-0.097066876
5/11/2001,-0.042440575
5/14/2001,-0.044431227
5/15/2001,-0.042588045
5/16/2001,-0.029452148
5/17/2001,0.024150968
5/18/2001,-0.114384851
5/21/2001,-0.029142144
5/22/2001,-0.094487263
5/23/2001,-0.120706008
5/24/2001,-0.057052834
5/25/2001,-0.106712271
5/29/2001,-0.138943273
5/30/2001,-0.124946131
5/31/2001,-0.044470286
6/1/2001,-0.012210696
6/4/2001,-0.056257641
6/5/2001,-0.033276546
6/6/2001,-0.109411119
6/7/2001,-0.072248078
6/8/2001,-0.058115001
6/11/2001,-0.127082057
6/12/2001,-0.125827294
6/13/2001,-0.151049283
6/14/2001,-0.064209492
6/15/2001,-0.083946939
6/18/2001,0.00780951
6/19/2001,-0.041582304
6/20/2001,-0.124581255
6/21/2001,-0.009170419
6/22/2001,-0.115217801
6/25/2001,-0.068324099
6/26/2001,-0.203893243
6/27/2001,-0.169185275
6/28/2001,-0.085381313
6/29/2001,-0.076896001
7/2/2001,0.017673963
7/3/2001,0.06309026
7/5/2001,-0.032003167
7/6/2001,0.014713759
7/9/2001,0.008824809
7/10/2001,-0.042278589
7/11/2001,-0.022808564
7/12/2001,-0.080916069
7/13/2001,-0.15645357
7/16/2001,-0.043840852
7/17/2001,-0.083838771
7/18/2001,0.030224443
7/19/2001,0.063834168
7/20/2001,-0.053989029
7/23/2001,0.009180704
7/24/2001,-0.007538637
7/25/2001,-0.047557926
7/26/2001,-0.046069022
7/27/2001,-0.173594024
7/30/2001,0.052689763
7/31/2001,-0.084013784
8/1/2001,-0.080656037
8/2/2001,-0.095857533
8/3/2001,0.048024235
8/6/2001,0.243942219
8/7/2001,0.298006546
8/8/2001,0.01205081
8/9/2001,0.141518124
8/10/2001,-0.117493188
8/13/2001,-0.10780762
8/14/2001,-0.121768303
8/15/2001,-0.144306237
8/16/2001,-0.114257695
8/17/2001,-0.134323175
8/20/2001,-0.153798772
8/21/2001,-0.14471595
8/22/2001,-0.194542863
8/23/2001,-0.16319369
8/24/2001,-0.197371144
8/27/2001,-0.149848551
8/28/2001,-0.177403365
8/29/2001,-0.184616208
8/30/2001,-0.135263621
8/31/2001,-0.191451037
9/4/2001,-0.129498388
9/5/2001,-0.126388052
9/6/2001,-0.130852744
9/7/2001,-0.05451664
9/10/2001,-0.072818233
9/11/2001,-0.088435966
9/13/2001,-0.062102319
9/14/2001,-0.126020703
9/17/2001,-0.09704017
9/18/2001,-0.094063465
9/19/2001,-0.126128329
9/20/2001,-0.150643829
9/21/2001,-0.117819058
9/24/2001,-0.121569764
9/25/2001,-0.145661721
9/26/2001,-0.137829708
9/27/2001,-0.191284909
9/28/2001,-0.111321748
10/1/2001,-0.09914037
10/2/2001,-0.158256319
10/3/2001,-0.149258523
10/4/2001,-0.147214809
10/5/2001,-0.136314931
10/9/2001,-0.166173336
10/10/2001,-0.074612218
10/11/2001,-0.074089791
10/12/2001,-0.03482453
10/15/2001,-0.094914524
10/16/2001,-0.025719464
10/17/2001,-0.118096881
10/18/2001,-0.100449198
10/19/2001,-0.181832481
10/22/2001,-0.121693359
10/23/2001,-0.112397007
10/24/2001,-0.163474856
10/25/2001,-0.130267042
10/26/2001,-0.066995387
10/29/2001,-0.215403369
10/30/2001,-0.064647392
10/31/2001,-0.231089981
11/1/2001,-0.17867013
11/2/2001,-0.074722695
11/5/2001,-0.02300783
11/6/2001,-0.073454589
11/7/2001,-0.022679079
11/8/2001,-0.128106006
11/9/2001,-0.132226337
11/13/2001,-0.147069829
11/14/2001,-0.151909236
11/15/2001,-0.097996231
11/16/2001,-0.220583939
11/19/2001,-0.182071775
11/20/2001,-0.083392833
11/21/2001,-0.169679316
11/23/2001,-0.114687444
11/26/2001,-0.103384219
11/27/2001,-0.068286127
11/28/2001,-0.125283235
11/29/2001,-0.107176889
11/30/2001,-0.074791931
12/3/2001,-0.022468911
12/4/2001,0.159982974
12/5/2001,0.084332565
12/6/2001,0.206776048
12/7/2001,0.225049872
12/10/2001,0.289990871
12/11/2001,-0.002676165
12/12/2001,-0.036811134
12/13/2001,-0.020808744
12/14/2001,0.034997158
12/17/2001,0.09087198
12/18/2001,0.046780005
12/19/2001,0.137908009
12/20/2001,0.095423524
12/21/2001,0.054699329
12/24/2001,0.072432837
12/26/2001,0.081344808
12/27/2001,0.102973003
12/28/2001,0.051595558
12/31/2001,4.03E-05
1/2/2002,0.043114761
1/3/2002,-0.018706318
1/4/2002,0.02457733
1/7/2002,0.105990295
1/8/2002,0.10289674
1/9/2002,0.018866311
1/10/2002,0.064456158
1/11/2002,0.070264385
1/14/2002,0.050170065
1/15/2002,0.024132832
1/16/2002,0.0583497
1/17/2002,0.062568088
1/18/2002,0.077568207
1/22/2002,0.066781866
1/23/2002,0.12836326
1/24/2002,0.146220042
1/25/2002,0.171866803
1/28/2002,0.215677387
1/29/2002,0.189365902
1/30/2002,0.244211069
1/31/2002,0.269318312
2/1/2002,0.431001207
2/4/2002,0.32580571
2/5/2002,0.47585552
2/6/2002,0.257285954
2/7/2002,0.112940834
2/8/2002,0.047925244
2/11/2002,0.064981505
2/12/2002,0.106132177
2/13/2002,0.109659402
2/14/2002,0.027866563
2/15/2002,-0.034205972
2/19/2002,0.021430469
2/20/2002,0.04787177
2/21/2002,0.031721393
2/22/2002,0.057423005
2/25/2002,0.051066986
2/26/2002,0.074796523
2/27/2002,0.086367036
2/28/2002,0.109767297
3/1/2002,0.128175597
3/4/2002,0.134998857
3/5/2002,0.139788954
3/6/2002,0.109389834
3/7/2002,0.152772166
3/8/2002,0.162204676
3/11/2002,0.200981405
3/12/2002,0.177821494
3/13/2002,0.115748183
3/14/2002,0.127926426
3/15/2002,0.138478478
3/18/2002,0.065910127
3/19/2002,0.105830705
3/20/2002,0.071805189
3/21/2002,0.05436446
3/22/2002,0.079400077
3/25/2002,0.120789145
3/26/2002,0.109289076
3/27/2002,0.139695028
3/28/2002,0.08375043
4/1/2002,0.080588505
4/2/2002,0.033621174
4/3/2002,0.050628012
4/4/2002,0.043106274
4/5/2002,0.085282083
4/8/2002,0.087037614
4/9/2002,0.026809699
4/10/2002,0.071392981
4/11/2002,0.138566832
4/12/2002,0.179366407
4/15/2002,0.070357447
4/16/2002,0.153490763
4/17/2002,0.260692722
4/18/2002,0.172591441
4/19/2002,0.229680222
4/22/2002,0.200422807
4/23/2002,0.183477108
4/24/2002,0.19770113
4/25/2002,0.122816711
4/26/2002,0.225894702
4/29/2002,0.211048497
4/30/2002,0.206011845
5/1/2002,0.103750887
5/2/2002,0.243682752
5/3/2002,0.268150581
5/6/2002,0.264730662
5/7/2002,0.250870864
5/8/2002,0.268153
5/9/2002,0.345902051
5/10/2002,0.097416888
5/13/2002,0.124771744
5/14/2002,0.126510406
5/15/2002,0.117484084
5/16/2002,0.158744329
5/17/2002,0.223233681
5/20/2002,0.179876282
5/21/2002,0.120223109
5/22/2002,0.173958749
5/23/2002,0.148675706
5/24/2002,0.1914867
5/28/2002,0.241145348
5/29/2002,0.250549149
5/30/2002,0.177239915
5/31/2002,0.179626748
6/3/2002,0.123672414
6/4/2002,0.157823536
6/5/2002,0.183136754
6/6/2002,0.139843336
6/7/2002,0.123448974
6/10/2002,0.171434779
6/11/2002,0.204551133
6/12/2002,0.180075594
6/13/2002,0.193465118
6/14/2002,0.105300338
6/17/2002,0.098167734
6/18/2002,0.100294904
6/19/2002,0.086374372
6/20/2002,0.108557002
6/21/2002,0.050134177
6/24/2002,0.038106414
6/25/2002,0.085375396
6/26/2002,0.030888492
6/27/2002,-0.001201163
6/28/2002,0.003509587
7/1/2002,0.042577934
7/2/2002,0.020450329
7/3/2002,0.048242667
7/5/2002,0.027371344
7/8/2002,-0.018782869
7/9/2002,-0.021229032
7/10/2002,-0.015711539
7/11/2002,0.035287698
7/12/2002,-0.130015638
7/15/2002,-0.103247584
7/16/2002,-0.18079291
7/17/2002,-0.08663742
7/18/2002,-0.013559326
7/19/2002,-0.032524067
7/22/2002,-0.042163548
7/23/2002,-0.017288857
7/24/2002,0.045181652
7/25/2002,-0.102851342
7/26/2002,-0.131673472
7/29/2002,0.008522347
7/30/2002,-0.127161936
7/31/2002,-0.079122465
8/1/2002,-0.21914853
8/2/2002,-0.079535442
8/5/2002,-0.115025891
8/6/2002,-0.117610926
8/7/2002,-0.142530568
8/8/2002,-0.064707791
8/9/2002,-0.086797199
8/12/2002,-0.080626813
8/13/2002,-0.10878846
8/14/2002,-0.077671206
8/15/2002,-0.090428813
8/16/2002,-0.057666806
8/19/2002,-0.020290217
8/20/2002,0.058662993
8/21/2002,0.036142081
8/22/2002,-0.006435194
8/23/2002,-0.015592019
8/26/2002,-0.049052407
8/27/2002,-0.063682315
8/28/2002,-0.046487245
8/29/2002,0.024060553
8/30/2002,0.046953483
9/3/2002,-0.002729703
9/4/2002,0.025305936
9/5/2002,0.049732899
9/6/2002,0.119168934
9/9/2002,0.061311321
9/10/2002,0.052679354
9/11/2002,0.06597731
9/12/2002,0.081882331
9/13/2002,0.104056791
9/16/2002,0.09294753
9/17/2002,0.051387113
9/18/2002,0.088090892
9/19/2002,0.065023213
9/20/2002,0.079980301
9/23/2002,0.104032804
9/24/2002,0.101635684
9/25/2002,0.133587312
9/26/2002,0.156285331
9/27/2002,0.141342278
9/30/2002,0.121129586
10/1/2002,0.124077232
10/2/2002,0.157342376
10/3/2002,0.092339552
10/4/2002,0.095539341
10/7/2002,0.090236545
10/8/2002,0.137687219
10/9/2002,0.087810635
10/10/2002,0.148308676
10/11/2002,0.226004049
10/15/2002,0.237695162
10/16/2002,0.236522509
10/17/2002,0.332024994
10/18/2002,0.3640077
10/21/2002,0.298937238
10/22/2002,0.326388241
10/23/2002,0.340325012
10/24/2002,0.332540152
10/25/2002,0.255979536
10/28/2002,0.295513541
10/29/2002,0.21462439
10/30/2002,0.355536172
10/31/2002,0.28004709
11/1/2002,0.305526433
11/4/2002,0.346519512
11/5/2002,0.390323952
11/6/2002,0.242146097
11/7/2002,0.310550469
11/8/2002,0.254461234
11/12/2002,0.207068593
11/13/2002,0.295277886
11/14/2002,0.383554396
11/15/2002,0.296869067
11/18/2002,0.321908836
11/19/2002,0.340565726
11/20/2002,0.301848452
11/21/2002,0.287302498
11/22/2002,0.266465242
11/25/2002,0.175898656
11/26/2002,0.213450379
11/27/2002,0.181697733
11/29/2002,0.170093029
12/2/2002,0.199946444
12/3/2002,0.193592215
12/4/2002,0.236459163
12/5/2002,0.21765032
12/6/2002,0.191533766
12/9/2002,0.21376698
12/10/2002,0.213124936
12/11/2002,0.240835218
12/12/2002,0.287222552
12/13/2002,0.292058743
12/16/2002,0.237410115
12/17/2002,0.365889703
12/18/2002,0.302560929
12/19/2002,0.232137441
12/20/2002,0.269804258
12/23/2002,0.281749899
12/24/2002,0.254146745
12/26/2002,0.236574613
12/27/2002,0.28164204
12/30/2002,0.322421369
12/31/2002,0.295773264
1/2/2003,0.257323263
1/3/2003,0.320757228
1/6/2003,0.364582676
1/7/2003,0.39851833
1/8/2003,0.310681826
1/9/2003,0.338658605
1/10/2003,0.366545919
1/13/2003,0.380562057
1/14/2003,0.460873234
1/15/2003,0.316172197
1/16/2003,0.371872034
1/17/2003,0.299279248
1/21/2003,0.344431377
1/22/2003,0.388275491
1/23/2003,0.376174181
1/24/2003,0.490220954
1/27/2003,0.490133376
1/28/2003,0.466326926
1/29/2003,0.402700079
1/30/2003,0.528314052
1/31/2003,0.502502315
2/3/2003,0.412204205
2/4/2003,0.453428591
2/5/2003,0.486387757
2/6/2003,0.484808414
2/7/2003,0.209381902
2/10/2003,0.228445852
2/11/2003,0.251068655
2/12/2003,0.256311339
2/13/2003,0.229403805
2/14/2003,0.225037723
2/18/2003,0.23255375
2/19/2003,0.228771754
2/20/2003,0.158346668
2/21/2003,0.1452638
2/24/2003,0.229615381
2/25/2003,0.261893731
2/26/2003,0.215097709
2/27/2003,0.237017783
2/28/2003,0.254860952
3/3/2003,0.29006269
3/4/2003,0.208631307
3/5/2003,0.089094178
3/6/2003,0.229820602
3/7/2003,0.115179482
3/10/2003,0.061315345
3/11/2003,0.215779285
3/12/2003,0.233879145
3/13/2003,0.290846959
3/14/2003,0.216146284
3/17/2003,0.277880198
3/18/2003,0.220303075
3/19/2003,0.246180927
3/20/2003,0.270426939
3/21/2003,0.250264879
3/24/2003,0.199280801
3/25/2003,0.203518704
3/26/2003,0.205486288
3/27/2003,0.307299145
3/28/2003,0.287097874
3/31/2003,0.225501587
4/1/2003,0.263862608
4/2/2003,0.329932926
4/3/2003,0.329100419
4/4/2003,0.325511007
4/7/2003,0.340627293
4/8/2003,0.263006904
4/9/2003,0.402860418
4/10/2003,0.407633964
4/11/2003,0.367861612
4/14/2003,0.432033302
4/15/2003,0.553528364
4/16/2003,0.413510249
4/17/2003,0.392571963
4/21/2003,0.350646041
4/22/2003,0.390209258
4/23/2003,0.559286132
4/24/2003,0.451453959
4/25/2003,0.412745581
4/28/2003,0.409545546
4/29/2003,0.491251057
4/30/2003,0.497775475
5/1/2003,0.369955677
5/2/2003,0.428904511
5/5/2003,0.499330115
5/6/2003,0.37546114
5/7/2003,0.279275594
5/8/2003,0.245792919
5/9/2003,0.269858251
5/12/2003,0.263145005
5/13/2003,0.259310787
5/14/2003,0.222189679
5/15/2003,0.22234473
5/16/2003,0.238612911
5/19/2003,0.238473285
5/20/2003,0.215617632
5/21/2003,0.16833227
5/22/2003,0.178023118
5/23/2003,0.202767737
5/27/2003,0.231609208
5/28/2003,0.2445973
5/29/2003,0.208542474
5/30/2003,0.084835753
6/2/2003,0.210662265
6/3/2003,0.176551827
6/4/2003,0.112239614
6/5/2003,0.123125289
6/6/2003,0.201532883
6/9/2003,0.159947944
6/10/2003,0.081164353
6/11/2003,0.100987248
6/12/2003,0.163179852
6/13/2003,0.18041383
6/16/2003,0.150115625
6/17/2003,0.19562778
6/18/2003,0.225394032
6/19/2003,0.182576318
6/20/2003,0.217128355
6/23/2003,0.245693281
6/24/2003,0.214691098
6/25/2003,0.237066405
6/26/2003,0.245215891
6/27/2003,0.274492908
6/30/2003,0.226877998
7/1/2003,0.238047507
7/2/2003,0.26379707
7/3/2003,0.265251576
7/7/2003,0.302312923
7/8/2003,0.228088015
7/9/2003,0.266230241
7/10/2003,0.269287191
7/11/2003,0.262249
7/14/2003,0.331192581
7/15/2003,0.351404748
7/16/2003,0.386404253
7/17/2003,0.504625356
7/18/2003,0.418414543
7/21/2003,0.537013341
7/22/2003,0.552102378
7/23/2003,0.505559599
7/24/2003,0.423907946
7/25/2003,0.396449284
7/28/2003,0.501787318
7/29/2003,0.442476283
7/30/2003,0.41870921
7/31/2003,0.250337331
8/1/2003,0.293225735
8/4/2003,0.338975499
8/5/2003,0.242784561
8/6/2003,0.406851915
8/7/2003,0.339033042
8/8/2003,0.274054784
8/11/2003,0.371209605
8/12/2003,0.252098393
8/13/2003,0.351498662
8/14/2003,0.308855677
8/15/2003,0.330935188
8/18/2003,0.396967175
8/19/2003,0.467480768
8/20/2003,0.424174861
8/21/2003,0.332428483
8/22/2003,0.369803071
8/25/2003,0.366520333
8/26/2003,0.460053405
8/27/2003,0.445788074
8/28/2003,0.4561815
8/29/2003,0.338617759
9/2/2003,0.35676918
9/3/2003,0.397742969
9/4/2003,0.452171902
9/5/2003,0.395241319
9/8/2003,0.44103452
9/9/2003,0.593155382
9/10/2003,0.446756518
9/11/2003,0.455303048
9/12/2003,0.432021443
9/15/2003,0.403322784
9/16/2003,0.449889812
9/17/2003,0.41158962
9/18/2003,0.409762351
9/19/2003,0.428658792
9/22/2003,0.443956787
9/23/2003,0.400478072
9/24/2003,0.407067995
9/25/2003,0.429585075
9/26/2003,0.426921688
9/29/2003,0.397975974
9/30/2003,0.53406004
10/1/2003,0.446639085
10/2/2003,0.488462138
10/3/2003,0.500007814
10/6/2003,0.42638623
10/7/2003,0.482712133
10/8/2003,0.454513335
10/9/2003,0.533030887
10/10/2003,0.545286697
10/14/2003,0.537272285
10/15/2003,0.491173469
10/16/2003,0.509316609
10/17/2003,0.539022862
10/20/2003,0.521152683
10/21/2003,0.50910048
10/22/2003,0.558087664
10/23/2003,0.516024903
10/24/2003,0.534525895
10/27/2003,0.535862715
10/28/2003,0.573000982
10/29/2003,0.481214427
10/30/2003,0.412654495
10/31/2003,0.460329383
11/3/2003,0.430131167
11/4/2003,0.455764868
11/5/2003,0.475302627
11/6/2003,0.476718482
11/7/2003,0.254989058
11/10/2003,0.354682836
11/12/2003,0.286578581
11/13/2003,0.304839424
11/14/2003,0.302506694
11/17/2003,0.297319732
11/18/2003,0.28494565
11/19/2003,0.327319902
11/20/2003,0.328923505
11/21/2003,0.307775058
11/24/2003,0.297486833
11/25/2003,0.283401959
11/26/2003,0.302105266
11/28/2003,0.297722406
12/1/2003,0.248433388
12/2/2003,0.25314386
12/3/2003,0.271818771
12/4/2003,0.253278963
12/5/2003,0.352384419
12/8/2003,0.318049886
12/9/2003,0.30759247
12/10/2003,0.301792063
12/11/2003,0.335809162
12/12/2003,0.363019763
12/15/2003,0.369609457
12/16/2003,0.349765041
12/17/2003,0.343332054
12/18/2003,0.339999026
12/19/2003,0.223185866
12/22/2003,0.291523375
12/23/2003,0.313707008
12/24/2003,0.31596801
12/26/2003,0.273081264
12/29/2003,0.295015026
12/30/2003,0.294366553
12/31/2003,0.311547096
1/2/2004,0.353494115
1/5/2004,0.340486517
1/6/2004,0.367125928
1/7/2004,0.344393433
1/8/2004,0.35804454
1/9/2004,0.392393055
1/12/2004,0.373382796
1/13/2004,0.455116365
1/14/2004,0.386870669
1/15/2004,0.442245731
1/16/2004,0.411379343
1/20/2004,0.383133843
1/21/2004,0.523077391
1/22/2004,0.376408984
1/23/2004,0.438447546
1/26/2004,0.43389861
1/27/2004,0.340364283
1/28/2004,0.3224546
1/29/2004,0.427559577
1/30/2004,0.455396875
2/2/2004,0.404729394
2/3/2004,0.45381835
2/4/2004,0.493462389
2/5/2004,0.490588056
2/6/2004,0.424124681
2/9/2004,0.46483193
2/10/2004,0.473798882
2/11/2004,0.498643547
2/12/2004,0.49888064
2/13/2004,0.456759744
2/17/2004,0.474096065
2/18/2004,0.477207297
2/19/2004,0.527239022
2/20/2004,0.575436564
2/23/2004,0.519396407
2/24/2004,0.544982855
2/25/2004,0.546733885
2/26/2004,0.571461106
2/27/2004,0.583334078
3/1/2004,0.580825318
3/2/2004,0.66653933
3/3/2004,0.705686712
3/4/2004,0.653749193
3/5/2004,0.726799354
3/8/2004,0.676959705
3/9/2004,0.483547373
3/10/2004,0.511892231
3/11/2004,0.590309199
3/12/2004,0.630957764
3/15/2004,0.591196477
3/16/2004,0.536958817
3/17/2004,0.484477115
3/18/2004,0.566039629
3/19/2004,0.604209595
3/22/2004,0.57883171
3/23/2004,0.550184951
3/24/2004,0.601403923
3/25/2004,0.541388654
3/26/2004,0.567569937
3/29/2004,0.511913174
3/30/2004,0.590935267
3/31/2004,0.70340681
4/1/2004,0.686275255
4/2/2004,0.661605368
4/5/2004,0.781340935
4/6/2004,0.804989937
4/7/2004,0.753268071
4/8/2004,0.6657777
4/12/2004,0.698444263
4/13/2004,0.691951354
4/14/2004,0.610689072
4/15/2004,0.576239547
4/16/2004,0.586471312
4/19/2004,0.522571979
4/20/2004,0.525768899
4/21/2004,0.542152234
4/22/2004,0.486961475
4/23/2004,0.537430802
4/26/2004,0.337257197
4/27/2004,0.32290364
4/28/2004,0.274206172
4/29/2004,0.241373099
4/30/2004,0.237846833
5/3/2004,0.250213186
5/4/2004,0.224837424
5/5/2004,0.244408514
5/6/2004,0.185247828
5/7/2004,0.330384527
5/10/2004,0.279933774
5/11/2004,0.242757005
5/12/2004,0.267730686
5/13/2004,0.250615022
5/14/2004,0.250637536
5/17/2004,0.275856597
5/18/2004,0.265315903
5/19/2004,0.195208982
5/20/2004,0.237904992
5/21/2004,0.240418281
5/24/2004,0.242057693
5/25/2004,0.215528641
5/26/2004,0.126347261
5/27/2004,0.15555439
5/28/2004,0.106524711
6/1/2004,0.162440507
6/2/2004,0.136337074
6/3/2004,0.151975908
6/4/2004,0.148303287
6/7/2004,0.198560845
6/8/2004,0.189997154
6/9/2004,0.242185755
6/10/2004,0.300524237
6/11/2004,0.300506929
6/14/2004,0.302679831
6/15/2004,0.298335679
6/16/2004,0.280486312
6/17/2004,0.302997268
6/18/2004,0.24078927
6/21/2004,0.301230066
6/22/2004,0.255978827
6/23/2004,0.234573993
6/24/2004,0.233664881
6/25/2004,0.255136085
6/28/2004,0.24995014
6/29/2004,0.28655426
6/30/2004,0.321282168
7/1/2004,0.294286906
7/2/2004,0.271878086
7/6/2004,0.226663715
7/7/2004,0.25829865
7/8/2004,0.199248421
7/9/2004,0.227999055
7/12/2004,0.216319895
7/13/2004,0.240090139
7/14/2004,0.244092312
7/15/2004,0.236557147
7/16/2004,0.302794001
7/19/2004,0.290739506
7/20/2004,0.283463812
7/21/2004,0.241099752
7/22/2004,0.129534792
7/23/2004,0.214092757
7/26/2004,0.143219766
7/27/2004,0.07822435
7/28/2004,0.230872524
7/29/2004,0.264740743
7/30/2004,0.280311369
8/2/2004,0.218036262
8/3/2004,0.242140832
8/4/2004,0.272734512
8/5/2004,0.232950836
8/6/2004,0.236084695
8/9/2004,0.17366622
8/10/2004,0.160375684
8/11/2004,0.235328473
8/12/2004,0.008473306
8/13/2004,0.112090991
8/16/2004,0.108474351
8/17/2004,0.083262276
8/18/2004,0.038687177
8/19/2004,0.038503767
8/20/2004,-0.009356476
8/23/2004,0.092956105
8/24/2004,0.029460736
8/25/2004,0.078011669
8/26/2004,0.094823074
8/27/2004,0.097826205
8/30/2004,0.107869756
8/31/2004,0.063313134
9/1/2004,0.000827855
9/2/2004,0.0249171
9/3/2004,0.032187239
9/7/2004,0.053192219
9/8/2004,0.026646118
9/9/2004,0.085968683
9/10/2004,0.024633987
9/13/2004,0.005442711
9/14/2004,0.019580747
9/15/2004,0.051728155
9/16/2004,0.02253235
9/17/2004,0.078090694
9/20/2004,0.088715274
9/21/2004,0.126947403
9/22/2004,0.049256958
9/23/2004,0.080130359
9/24/2004,0.070223883
9/27/2004,-0.024094822
9/28/2004,0.040417529
9/29/2004,0.045355281
9/30/2004,0.064038938
10/1/2004,0.120899073
10/4/2004,0.084968623
10/5/2004,0.044786029
10/6/2004,0.081958944
10/7/2004,0.18089014
10/8/2004,0.259405447
10/12/2004,0.187743735
10/13/2004,0.122578645
10/14/2004,0.136918826
10/15/2004,0.164851236
10/18/2004,0.065048548
10/19/2004,0.098141056
10/20/2004,0.185410945
10/21/2004,0.248046122
10/22/2004,0.191329943
10/25/2004,0.185573156
10/26/2004,0.234855497
10/27/2004,0.193874213
10/28/2004,0.302032123
10/29/2004,0.290959718
11/1/2004,0.362181446
11/2/2004,0.331722968
11/3/2004,0.294954554
11/4/2004,0.293424381
11/5/2004,0.225197951
11/8/2004,0.338418819
11/9/2004,0.366028318
11/10/2004,0.343419794
11/12/2004,0.127323509
11/15/2004,0.124668234
11/16/2004,0.153719086
11/17/2004,0.21403765
11/18/2004,0.217756409
11/19/2004,0.241283466
11/22/2004,0.187960593
11/23/2004,0.257662092
11/24/2004,0.234957553
11/26/2004,0.286432616
11/29/2004,0.29537845
11/30/2004,0.33490584
12/1/2004,0.343802504
12/2/2004,0.315278166
12/3/2004,0.312630992
12/6/2004,0.292163448
12/7/2004,0.338122091
12/8/2004,0.384278067
12/9/2004,0.381083238
12/10/2004,0.406389249
12/13/2004,0.360637381
12/14/2004,0.34170859
12/15/2004,0.335173011
12/16/2004,0.283232834
12/17/2004,0.38100864
12/20/2004,0.324712082
12/21/2004,0.418643676
12/22/2004,0.406325766
12/23/2004,0.394639476
12/27/2004,0.388682112
12/28/2004,0.482585068
12/29/2004,0.376450615
12/30/2004,0.317176065
12/31/2004,0.300505251
1/3/2005,0.470726355
1/4/2005,0.463520042
1/5/2005,0.454670569
1/6/2005,0.409175012
1/7/2005,0.439517247
1/10/2005,0.263465667
1/11/2005,0.427635738
1/12/2005,0.284492305
1/13/2005,0.274955902
1/14/2005,0.346177161
1/18/2005,0.247047299
1/19/2005,0.357371038
1/20/2005,0.53944195
1/21/2005,0.428863842
1/24/2005,0.425490478
1/25/2005,0.390609638
1/26/2005,0.321440783
1/27/2005,0.31361084
1/28/2005,0.484546671
1/31/2005,0.372823705
2/1/2005,0.404933267
2/2/2005,0.593380909
2/3/2005,0.435208048
2/4/2005,0.373927728
2/7/2005,0.321676458
2/8/2005,0.323796763
2/9/2005,0.280704331
2/10/2005,0.359698826
2/11/2005,0.284799421
2/14/2005,0.31701791
2/15/2005,0.300061464
2/16/2005,0.317234659
2/17/2005,0.18633452
2/18/2005,0.240602786
2/22/2005,0.266767397
2/23/2005,0.267393181
2/24/2005,0.399337717
2/25/2005,0.443054756
2/28/2005,0.327556637
3/1/2005,0.418589083
3/2/2005,0.316456131
3/3/2005,0.417796169
3/4/2005,0.374569575
3/7/2005,0.457592806
3/8/2005,0.491737028
3/9/2005,0.420620605
3/10/2005,0.362724051
3/11/2005,0.463845862
3/14/2005,0.418440261
3/15/2005,0.486749126
3/16/2005,0.495144012
3/17/2005,0.406766538
3/18/2005,0.463139526
3/21/2005,0.47079938
3/22/2005,0.470319151
3/23/2005,0.446518742
3/24/2005,0.41851201
3/28/2005,0.457001767
3/29/2005,0.432270247
3/30/2005,0.40486444
3/31/2005,0.512081396
4/1/2005,0.401871337
4/4/2005,0.495118392
4/5/2005,0.3697948
4/6/2005,0.403518666
4/7/2005,0.415895574
4/8/2005,0.42807022
4/11/2005,0.520591432
4/12/2005,0.476919865
4/13/2005,0.368957028
4/14/2005,0.197217455
4/15/2005,0.234532704
4/18/2005,0.306812841
4/19/2005,0.26168595
4/20/2005,0.14041147
4/21/2005,0.209334921
4/22/2005,0.274469303
4/25/2005,0.185623281
4/26/2005,0.313672698
4/27/2005,0.2867094
4/28/2005,0.376912481
4/29/2005,0.102917307
5/2/2005,0.264319749
5/3/2005,0.390559641
5/4/2005,0.139889746
5/5/2005,0.117363921
5/6/2005,0.227831809
5/9/2005,0.244798439
5/10/2005,0.289391646
5/11/2005,0.169687712
5/12/2005,0.204437538
5/13/2005,0.156664773
5/16/2005,0.18621987
5/17/2005,0.149540046
5/18/2005,0.123368618
5/19/2005,0.197492441
5/20/2005,0.213202566
5/23/2005,0.15854123
5/24/2005,0.128749069
5/25/2005,0.190999496
5/26/2005,0.126068121
5/27/2005,0.175931619
5/31/2005,0.169259801
6/1/2005,0.110314589
6/2/2005,0.145554143
6/3/2005,0.080761476
6/6/2005,0.189691618
6/7/2005,0.107998654
6/8/2005,0.128558769
6/9/2005,0.178708063
6/10/2005,0.234078727
6/13/2005,0.246429892
6/14/2005,0.224586702
6/15/2005,0.22807008
6/16/2005,0.228518804
6/17/2005,0.209689071
6/20/2005,0.171176024
6/21/2005,0.170777132
6/22/2005,0.167609936
6/23/2005,0.202092005
6/24/2005,0.115651602
6/27/2005,0.174193179
6/28/2005,0.19505524
6/29/2005,0.259359439
6/30/2005,0.240391248
7/1/2005,0.212933682
7/5/2005,0.301714139
7/6/2005,0.258846439
7/7/2005,0.22476906
7/8/2005,0.313169582
7/11/2005,0.226436635
7/12/2005,0.193052179
7/13/2005,0.196513308
7/14/2005,0.199310516
7/15/2005,0.233968316
7/18/2005,0.181930299
7/19/2005,0.270340298
7/20/2005,0.251917871
7/21/2005,0.217386663
7/22/2005,0.150747735
7/25/2005,0.269717837
7/26/2005,0.254437843
7/27/2005,0.130383061
7/28/2005,0.240788655
7/29/2005,0.276958995
8/1/2005,0.215280964
8/2/2005,0.151451914
8/3/2005,0.148826052
8/4/2005,0.194792625
8/5/2005,0.196707221
8/8/2005,0.153734214
8/9/2005,0.179500994
8/10/2005,0.164097211
8/11/2005,0.097760754
8/12/2005,0.202092619
8/15/2005,0.257153895
8/16/2005,0.213897107
8/17/2005,0.245410047
8/18/2005,0.210408725
8/19/2005,0.172280637
8/22/2005,0.23170267
8/23/2005,0.206086801
8/24/2005,0.132970469
8/25/2005,0.160096676
8/26/2005,0.204906987
8/29/2005,0.164365521
8/30/2005,0.206670482
8/31/2005,0.132222952
9/1/2005,0.141669431
9/2/2005,0.109401233
9/6/2005,0.066816399
9/7/2005,0.117864365
9/8/2005,0.123639535
9/9/2005,0.109903744
9/12/2005,0.138063768
9/13/2005,0.095736147
9/14/2005,0.123523263
9/15/2005,0.093385445
9/16/2005,0.123625833
9/19/2005,0.047476455
9/20/2005,0.166761017
9/21/2005,0.163233379
9/22/2005,0.100184175
9/23/2005,0.142286071
9/26/2005,0.110554502
9/27/2005,0.04242791
9/28/2005,0.119930257
9/29/2005,0.151187017
9/30/2005,0.133977121
10/3/2005,0.062507871
10/4/2005,0.200679316
10/5/2005,0.228606457
10/6/2005,0.187579276
10/7/2005,0.154945724
10/11/2005,0.137528906
10/12/2005,0.18144933
10/13/2005,0.152539296
10/14/2005,0.197866846
10/17/2005,0.247091749
10/18/2005,0.308690217
10/19/2005,0.140143382
10/20/2005,0.082990173
10/21/2005,0.101189346
10/24/2005,0.224799925
10/25/2005,0.131992924
10/26/2005,0.328081894
10/27/2005,0.212061719
10/28/2005,0.239004323
10/31/2005,0.256512235
11/1/2005,0.189869768
11/2/2005,0.184433389
11/3/2005,0.202676813
11/4/2005,0.242059884
11/7/2005,0.205879213
11/8/2005,0.206714262
11/9/2005,0.115538539
11/10/2005,0.233111057
11/14/2005,0.348253712
11/15/2005,0.394327568
11/16/2005,0.403970428
11/17/2005,0.322719157
11/18/2005,0.357982303
11/21/2005,0.305219375
11/22/2005,0.336671084
11/23/2005,0.314255933
11/25/2005,0.299723292
11/28/2005,0.338897942
11/29/2005,0.373742292
11/30/2005,0.418532013
12/1/2005,0.383496104
12/2/2005,0.292380181
12/5/2005,0.284082857
12/6/2005,0.267902676
12/7/2005,0.230125947
12/8/2005,0.330523478
12/9/2005,0.327855937
12/12/2005,0.316205758
12/13/2005,0.367940168
12/14/2005,0.325653674
12/15/2005,0.371392264
12/16/2005,0.311713723
12/19/2005,0.202867979
12/20/2005,0.263281981
12/21/2005,0.322343539
12/22/2005,0.317526249
12/23/2005,0.188932242
12/27/2005,0.253505996
12/28/2005,0.21434145
12/29/2005,0.255701782
12/30/2005,0.171308571
1/3/2006,0.168298508
1/4/2006,0.160366377
1/5/2006,0.227930723
1/6/2006,0.21670837
1/9/2006,0.312595908
1/10/2006,0.368907969
1/11/2006,0.306733368
1/12/2006,0.297215702
1/13/2006,0.165580346
1/17/2006,0.128794765
1/18/2006,0.13208505
1/19/2006,0.161638061
1/20/2006,0.260913045
1/23/2006,0.329455165
1/24/2006,0.229344561
1/25/2006,0.156534243
1/26/2006,0.329462225
1/27/2006,0.185107472
1/30/2006,0.186315791
1/31/2006,0.220320563
2/1/2006,0.242073785
2/2/2006,0.103301906
2/3/2006,-0.044706139
2/6/2006,-0.00686786
2/7/2006,0.099572184
2/8/2006,-0.041656956
2/9/2006,0.168428006
2/10/2006,0.26812096
2/13/2006,0.290363347
2/14/2006,0.280694162
2/15/2006,0.187181382
2/16/2006,0.257610916
2/17/2006,0.151039514
2/21/2006,0.271810302
2/22/2006,0.261587224
2/23/2006,0.356172325
2/24/2006,0.247735367
2/27/2006,0.229309777
2/28/2006,0.222884677
3/1/2006,0.245809888
3/2/2006,0.287887299
3/3/2006,0.265833716
3/6/2006,0.305135554
3/7/2006,0.332447449
3/8/2006,0.263003275
3/9/2006,0.303569102
3/10/2006,0.264927624
3/13/2006,0.329151592
3/14/2006,0.228678915
3/15/2006,0.312279442
3/16/2006,0.167550283
3/17/2006,0.311291364
3/20/2006,0.225175745
3/21/2006,0.199087301
3/22/2006,0.257694968
3/23/2006,0.250383375
3/24/2006,0.212373686
3/27/2006,0.195280001
3/28/2006,0.135582556
3/29/2006,0.247608465
3/30/2006,0.291988567
3/31/2006,0.35119725
4/3/2006,0.222582321
4/4/2006,0.111294502
4/5/2006,0.161395843
4/6/2006,0.205278783
4/7/2006,0.176562594
4/10/2006,0.164848627
4/11/2006,0.270834738
4/12/2006,0.13597876
4/13/2006,0.13540138
4/17/2006,0.140384389
4/18/2006,0.316587677
4/19/2006,0.213122264
4/20/2006,0.206484516
4/21/2006,0.079556268
4/24/2006,0.013803748
4/25/2006,0.244019087
4/26/2006,0.184347413
4/27/2006,0.159354232
4/28/2006,0.020558003
5/1/2006,-0.040161352
5/2/2006,0.061409243
5/3/2006,0.139833252
5/4/2006,0.026356445
5/5/2006,0.101811194
5/8/2006,0.252022205
5/9/2006,0.210772448
5/10/2006,0.19260602
5/11/2006,0.107443837
5/12/2006,0.264293468
5/15/2006,0.266844122
5/16/2006,0.196101841
5/17/2006,0.224572497
5/18/2006,0.21259067
5/19/2006,0.206530165
5/22/2006,0.17990449
5/23/2006,0.184857963
5/24/2006,0.070197287
5/25/2006,0.092780922
5/26/2006,0.100509242
5/30/2006,0.070981325
5/31/2006,0.230665697
6/1/2006,0.184576737
6/2/2006,-0.025734808
6/5/2006,0.096232685
6/6/2006,0.166443831
6/7/2006,0.063321485
6/8/2006,0.001580311
6/9/2006,0.136289435
6/12/2006,0.075949116
6/13/2006,-0.005467912
6/14/2006,0.111111125
6/15/2006,0.105463497
6/16/2006,0.103982796
6/19/2006,0.054643305
6/20/2006,-0.007633254
6/21/2006,0.139994061
6/22/2006,0.173694771
6/23/2006,0.116472911
6/26/2006,0.129133474
6/27/2006,0.212461413
6/28/2006,0.050671973
6/29/2006,0.022076036
6/30/2006,0.085347115
7/3/2006,0.103125803
7/5/2006,0.085485522
7/6/2006,0.115908428
7/7/2006,0.143039418
7/10/2006,0.138208551
7/11/2006,0.100535918
7/12/2006,0.100595263
7/13/2006,0.022064403
7/14/2006,0.101375002
7/17/2006,0.100185302
7/18/2006,0.030810728
7/19/2006,0.031523098
7/20/2006,0.126452974
7/21/2006,0.022810828
7/24/2006,0.118170311
7/25/2006,0.037949014
7/26/2006,0.010643724
7/27/2006,0.114104156
7/28/2006,-5.53E-14
7/31/2006,0.193729918
8/1/2006,-0.028956599
8/2/2006,0.075972282
8/3/2006,0.120227797
8/4/2006,0.086049312
8/7/2006,0.189711779
8/8/2006,0.025583645
8/9/2006,0.097497889
8/10/2006,0.064050339
8/11/2006,0.021834996
8/14/2006,0.106791155
8/15/2006,-0.049164426
8/16/2006,0.068320808
8/17/2006,0.078685943
8/18/2006,-0.058270722
8/21/2006,-0.054310561
8/22/2006,-0.038471275
8/23/2006,-0.061475656
8/24/2006,-0.057555515
8/25/2006,-0.105479984
8/28/2006,-0.058040828
8/29/2006,-0.012447483
8/30/2006,-0.119817194
8/31/2006,-0.084590609
9/1/2006,0.018618314
9/5/2006,-7.97E-05
9/6/2006,-0.035543077
9/7/2006,-0.000481103
9/8/2006,0.056398818
9/11/2006,0.040245993
9/12/2006,-0.07212625
9/13/2006,-0.056311162
9/14/2006,-0.054004395
9/15/2006,-0.029333543
9/18/2006,0.134806872
9/19/2006,-0.025407067
9/20/2006,-0.074464554
9/21/2006,-0.049995992
9/22/2006,-0.127002372
9/25/2006,-0.074342866
9/26/2006,-0.110534581
9/27/2006,-0.07315809
9/28/2006,-0.051527638
9/29/2006,-0.023879565
10/2/2006,-0.197758852
10/3/2006,-0.04716197
10/4/2006,-0.12033611
10/5/2006,-0.083775277
10/6/2006,-0.070891105
10/10/2006,0.049815381
10/11/2006,0.104927696
10/12/2006,0.060478871
10/13/2006,-0.038924812
10/16/2006,0.032053977
10/17/2006,0.005711657
10/18/2006,-0.102684138
10/19/2006,-0.162545011
10/20/2006,0.0404807
10/23/2006,0.054157788
10/24/2006,-0.002737549
10/25/2006,-0.024058763
10/26/2006,-0.086334603
10/27/2006,0.039265256
10/30/2006,-0.092797165
10/31/2006,0.010907155
11/1/2006,-0.075340829
11/2/2006,-0.001862057
11/3/2006,-0.01827862
11/6/2006,-0.060698396
11/7/2006,-0.211854879
11/8/2006,-0.047331212
11/9/2006,-0.015777772
11/10/2006,0.002423013
11/13/2006,-0.161215021
11/14/2006,-0.125279727
11/15/2006,-0.052243743
11/16/2006,-0.199198259
11/17/2006,-0.176725457
11/20/2006,-0.088521212
11/21/2006,-0.198721149
11/22/2006,-0.074289935
11/24/2006,-0.223824488
11/27/2006,-0.093387174
11/28/2006,-0.118594647
11/29/2006,-0.239010839
11/30/2006,-0.162925381
12/1/2006,-0.23884218
12/4/2006,-0.152779322
12/5/2006,-0.085231359
12/6/2006,-0.181084278
12/7/2006,-0.218059363
12/8/2006,-0.156070474
12/11/2006,-0.17874708
12/12/2006,-0.158721283
12/13/2006,-0.161763948
12/14/2006,-0.095628561
12/15/2006,-0.200709873
12/18/2006,-0.058942434
12/19/2006,-0.175874171
12/20/2006,-0.091739233
12/21/2006,-0.285735133
12/22/2006,-0.293511203
12/26/2006,-0.146936206
12/27/2006,-0.132608273
12/28/2006,-0.09891157
12/29/2006,-0.047757355
1/2/2007,-0.088044921
1/3/2007,-0.156921595
1/4/2007,-0.150771889
1/5/2007,-0.149073468
1/8/2007,-0.153177953
1/9/2007,-0.262481247
1/10/2007,-0.199142879
1/11/2007,-0.034477428
1/12/2007,-0.070032294
1/16/2007,0.039820122
1/17/2007,-0.031806177
1/18/2007,-6.86E-05
1/19/2007,0.120329663
1/22/2007,0.059849485
1/23/2007,0.026079402
1/24/2007,-0.011470131
1/25/2007,-9.29E-14
1/26/2007,0.020822594
1/29/2007,0.164374187
1/30/2007,0.097324049
1/31/2007,-0.053703872
2/1/2007,-0.008746039
2/2/2007,0.017147711
2/5/2007,-0.083973328
2/6/2007,0.009774492
2/7/2007,-0.164599246
2/8/2007,0.003793095
2/9/2007,-0.058166284
2/12/2007,-0.085459202
2/13/2007,0.025924987
2/14/2007,-0.016706857
2/15/2007,-0.117362146
2/16/2007,-0.123352002
2/20/2007,-0.182033945
2/21/2007,-0.081605149
2/22/2007,-0.225481191
2/23/2007,-0.240259744
2/26/2007,-0.314391969
2/27/2007,-0.482015487
2/28/2007,-0.545763167
3/1/2007,-0.643862246
3/2/2007,-0.780023281
3/5/2007,-0.644159123
3/6/2007,-0.596000194
3/7/2007,-0.66616058
3/8/2007,-0.556273109
3/9/2007,-0.605425441
3/12/2007,-0.432011433
3/13/2007,-0.53682786
3/14/2007,-0.404581715
3/15/2007,-0.468709971
3/16/2007,-0.386286065
3/19/2007,-0.496277479
3/20/2007,-0.348537625
3/21/2007,-0.371406836
3/22/2007,-0.303052898
3/23/2007,-0.271068121
3/26/2007,-0.327655966
3/27/2007,-0.124048035
3/28/2007,-0.275158296
3/29/2007,-0.367773068
3/30/2007,-0.229413912
4/2/2007,-0.178907847
4/3/2007,-0.234205834
4/4/2007,-0.21231571
4/5/2007,-0.236699267
4/6/2007,-0.137139341
4/9/2007,-0.221153929
4/10/2007,-0.256896084
4/11/2007,-0.110914996
4/12/2007,-0.114733827
4/13/2007,0.043352312
4/16/2007,-0.079851653
4/17/2007,-0.13157281
4/18/2007,-0.091958805
4/19/2007,-0.032795083
4/20/2007,-0.225994144
4/23/2007,-0.113714132
4/24/2007,-0.201390722
4/25/2007,-0.073553989
4/26/2007,-0.041762691
4/27/2007,-0.081949304
4/30/2007,0.11228518
5/1/2007,0.010907155
5/2/2007,-0.058357689
5/3/2007,0.009237995
5/4/2007,-0.046658187
5/7/2007,0.06682133
5/8/2007,-0.008666645
5/9/2007,0.111161722
5/10/2007,-0.310708517
5/11/2007,-0.255497695
5/14/2007,-0.357644205
5/15/2007,-0.243001924
5/16/2007,-0.287234535
5/17/2007,-0.211659236
5/18/2007,-0.187612489
5/21/2007,-0.041081383
5/22/2007,0.099283931
5/23/2007,-0.002703312
5/24/2007,-0.001766173
5/25/2007,-0.018628011
5/29/2007,-0.024129357
5/30/2007,0.011290818
5/31/2007,0.305976215
6/1/2007,0.298600165
6/4/2007,0.198270207
6/5/2007,0.218932594
6/6/2007,0.144649586
6/7/2007,0.454441276
6/8/2007,0.751846855
6/11/2007,0.799502066
6/12/2007,1.145307007
6/13/2007,1.166876557
6/14/2007,0.718723802
6/15/2007,0.769380886
6/18/2007,0.726790649
6/19/2007,0.573772075
6/20/2007,0.74381945
6/21/2007,0.900180191
6/22/2007,0.853836598
6/25/2007,0.71667872
6/26/2007,0.676732688
6/27/2007,0.316771975
6/28/2007,0.467655385
6/29/2007,0.300157885
7/2/2007,0.324314757
7/3/2007,0.259479682
7/5/2007,0.364305409
7/6/2007,0.37839686
7/9/2007,0.312570756
7/10/2007,0.313129597
7/11/2007,0.252493207
7/12/2007,0.244288179
7/13/2007,0.166393218
7/16/2007,0.168657904
7/17/2007,0.129160082
7/18/2007,0.093211739
7/19/2007,0.038921041
7/20/2007,-0.16325967
7/23/2007,-0.220676367
7/24/2007,-0.124120841
7/25/2007,-0.389397971
7/26/2007,-1.239708926
7/27/2007,-0.678895404
7/30/2007,-0.474373022
7/31/2007,-0.401878369
8/1/2007,-0.557067267
8/2/2007,-0.527400933
8/3/2007,-0.824644899
8/6/2007,-0.719483792
8/7/2007,-0.4997463
8/8/2007,-0.346332469
8/9/2007,-0.63423928
8/10/2007,-0.517009143
8/13/2007,-0.509766073
8/14/2007,-0.442345652
8/15/2007,-0.463437838
8/16/2007,-0.581089322
8/17/2007,-0.455470965
8/20/2007,-0.554582603
8/21/2007,-0.657323362
8/22/2007,-0.607877281
8/23/2007,-0.499659015
8/24/2007,-0.466368429
8/27/2007,-0.629681061
8/28/2007,-0.88328837
8/29/2007,-0.837739935
8/30/2007,-0.876194614
8/31/2007,-0.791112859
9/4/2007,-0.803393986
9/5/2007,-0.933581191
9/6/2007,-0.711405534
9/7/2007,-0.83919845
9/10/2007,-0.807779625
9/11/2007,-0.80580808
9/12/2007,-0.719648918
9/13/2007,-0.538365425
9/14/2007,-0.802404343
9/17/2007,-0.608154488
9/18/2007,-0.610435073
9/19/2007,-0.501870069
9/20/2007,-0.319790562
9/21/2007,-0.216129654
9/24/2007,-0.205718897
9/25/2007,-0.42355777
9/26/2007,-0.425367768
9/27/2007,-0.429548722
9/28/2007,-0.468192931
10/1/2007,-0.345693978
10/2/2007,-0.203035675
10/3/2007,-0.316012824
10/4/2007,-0.221862027
10/5/2007,-0.018274891
10/9/2007,-0.097187853
10/10/2007,-0.069895164
10/11/2007,-0.076345447
10/12/2007,-0.028591941
10/15/2007,0.09358229
10/16/2007,-0.146072942
10/17/2007,-0.201803623
10/18/2007,-0.227629696
10/19/2007,-0.509599256
10/22/2007,-0.515730069
10/23/2007,-0.374794842
10/24/2007,-0.713343505
10/25/2007,-0.535351838
10/26/2007,-0.522008735
10/29/2007,-0.319053468
10/30/2007,-0.275186044
10/31/2007,-0.007515904
11/1/2007,-0.411080562
11/2/2007,-0.508171361
11/5/2007,-0.482960608
11/6/2007,-0.210018854
11/7/2007,-0.11373849
11/8/2007,-0.413826244
11/9/2007,-0.839352395
11/13/2007,-0.77198712
11/14/2007,-0.658141301
11/15/2007,-0.744168012
11/16/2007,-0.774128261
11/19/2007,-0.757983629
11/20/2007,-0.907174142
11/21/2007,-0.944432426
11/23/2007,-0.854165473
11/26/2007,-0.891948231
11/27/2007,-0.973084836
11/28/2007,-0.950647604
11/29/2007,-0.799283956
11/30/2007,-0.824139449
12/3/2007,-0.830470758
12/4/2007,-0.820219258
12/5/2007,-0.719256871
12/6/2007,-0.721886599
12/7/2007,-0.556410631
12/10/2007,-0.48141697
12/11/2007,-0.5195305
12/12/2007,-0.572240703
12/13/2007,-0.517864903
12/14/2007,-0.539390897
12/17/2007,-0.439028615
12/18/2007,-0.57843774
12/19/2007,-0.555105779
12/20/2007,-0.595669818
12/21/2007,-0.578962035
12/24/2007,-0.523481575
12/26/2007,-0.535495865
12/27/2007,-0.561439342
12/28/2007,-0.652195101
12/31/2007,-0.591905819
1/2/2008,-0.709300763
1/3/2008,-0.569500672
1/4/2008,-0.544126971
1/7/2008,-0.513017502
1/8/2008,-0.451608605
1/9/2008,-0.452394515
1/10/2008,-0.381385154
1/11/2008,-0.412370158
1/14/2008,-0.380394417
1/15/2008,-0.390066623
1/16/2008,-0.375693763
1/17/2008,-0.353005579
1/18/2008,-0.405170253
1/22/2008,-0.350660528
1/23/2008,-0.42159216
1/24/2008,-0.319603221
1/25/2008,-0.285528803
1/28/2008,-0.261360362
1/29/2008,-0.179261134
1/30/2008,-0.242603511
1/31/2008,-0.275377922
2/1/2008,-0.216476232
2/4/2008,0.026472986
2/5/2008,-0.031967742
2/6/2008,-0.096914822
2/7/2008,0.027818577
2/8/2008,-0.055955372
2/11/2008,-0.080164128
2/12/2008,0.0024206
2/13/2008,-0.015056539
2/14/2008,0.109481382
2/15/2008,-0.024911194
2/19/2008,0.120705876
2/20/2008,0.111826755
2/21/2008,-0.035511605
2/22/2008,0.053880861
2/25/2008,0.062755719
2/26/2008,0.03634625
2/27/2008,0.005609386
2/28/2008,-0.037838133
2/29/2008,-0.088461166
3/3/2008,-0.099273485
3/4/2008,-0.252074694
3/5/2008,-0.266133957
3/6/2008,-0.182715649
3/7/2008,-0.277354569
3/10/2008,-0.269809428
3/11/2008,-0.169705434
3/12/2008,-0.174861768
3/13/2008,-0.200999987
3/14/2008,-0.300605934
3/17/2008,-0.422443954
3/18/2008,-0.321396491
3/19/2008,-0.292415409
3/20/2008,-0.2510229
3/24/2008,-0.195877062
3/25/2008,-0.126226375
3/26/2008,-0.131479906
3/27/2008,-0.176927918
3/28/2008,-0.18926051
3/31/2008,-0.225916408
4/1/2008,-0.188541601
4/2/2008,-0.139717346
4/3/2008,-0.208045259
4/4/2008,-0.308476563
4/7/2008,-0.208970196
4/8/2008,-0.182936539
4/9/2008,-0.256191754
4/10/2008,-0.283409624
4/11/2008,-0.289680441
4/14/2008,-0.280745102
4/15/2008,-0.270742717
4/16/2008,-0.10651607
4/17/2008,-0.097811064
4/18/2008,0.036056876
4/21/2008,0.057157544
4/22/2008,0.016852257
4/23/2008,0.046776755
4/24/2008,0.17664815
4/25/2008,0.219480891
4/28/2008,0.173555885
4/29/2008,0.093588475
4/30/2008,0.060599855
5/1/2008,-0.018262188
5/2/2008,0.095661661
5/5/2008,0.069949819
5/6/2008,0.061842542
5/7/2008,0.154662612
5/8/2008,0.041021722
5/9/2008,-0.146367234
5/12/2008,-0.192666595
5/13/2008,-0.159331113
5/14/2008,-0.096399401
5/15/2008,-0.1548973
5/16/2008,-0.105427937
5/19/2008,-0.093337202
5/20/2008,-0.168794062
5/21/2008,-0.121316537
5/22/2008,-0.100910386
5/23/2008,-0.083207521
5/27/2008,-0.06327733
5/28/2008,-0.079749108
5/29/2008,0.032758571
5/30/2008,0.005954163
6/2/2008,0.011281781
6/3/2008,-0.008778248
6/4/2008,0.020671564
6/5/2008,-0.006450525
6/6/2008,-0.118530748
6/9/2008,-0.124454264
6/10/2008,-0.074160057
6/11/2008,-0.053827776
6/12/2008,0.034951948
6/13/2008,0.023526964
6/16/2008,0.05621208
6/17/2008,0.026780228
6/18/2008,-0.025436643
6/19/2008,-0.052449889
6/20/2008,-0.083737052
6/23/2008,-0.07840318
6/24/2008,-0.06435587
6/25/2008,-0.063822433
6/26/2008,-0.034950737
6/27/2008,-0.046315495
6/30/2008,-0.024711366
7/1/2008,-0.05278094
7/2/2008,-0.018398526
7/3/2008,-0.012217994
7/7/2008,-0.072679941
7/8/2008,0.061535666
7/9/2008,-0.005151631
7/10/2008,-0.079236155
7/11/2008,0.323517974
7/14/2008,0.314330163
7/15/2008,0.160803356
7/16/2008,0.170823991
7/17/2008,0.217629044
7/18/2008,0.182288765
7/21/2008,0.221205826
7/22/2008,0.283761282
7/23/2008,0.272877917
7/24/2008,0.128113346
7/25/2008,0.110252484
7/28/2008,-0.00720248
7/29/2008,0.104438291
7/30/2008,-0.030111481
7/31/2008,0.171400475
8/1/2008,0.135572583
8/4/2008,0.175365029
8/5/2008,0.104777293
8/6/2008,0.151380286
8/7/2008,0.195126024
8/8/2008,0.007404505
8/11/2008,0.014948442
8/12/2008,0.013308134
8/13/2008,0.044286983
8/14/2008,0.055721176
8/15/2008,0.018929962
8/18/2008,-0.027574165
8/19/2008,-0.051500426
8/20/2008,-0.025311461
8/21/2008,0.041286395
8/22/2008,0.064641745
8/25/2008,-0.014000331
8/26/2008,-0.004302778
8/27/2008,0.022108289
8/28/2008,-0.033067897
8/29/2008,0.035450104
9/2/2008,-0.009821423
9/3/2008,0.02792705
9/4/2008,0.011397251
9/5/2008,0.034590398
9/8/2008,0.076760755
9/9/2008,0.13356663
9/10/2008,0.121485797
9/11/2008,0.045364352
9/12/2008,0.055381323
9/15/2008,-0.047490376
9/16/2008,-0.288921754
9/17/2008,-0.425741005
9/18/2008,-0.457405047
9/19/2008,-0.19176888
9/22/2008,0.042513312
9/23/2008,-0.067011757
9/24/2008,-0.116938937
9/25/2008,-0.022964775
9/26/2008,-0.061364395
9/29/2008,-0.210553573
9/30/2008,-0.15043718
10/1/2008,-0.058269996
10/2/2008,-0.098220407
10/3/2008,-0.160965042
10/6/2008,-0.338166612
10/7/2008,-0.416989097
10/8/2008,-0.306331178
10/9/2008,-0.259649111
10/10/2008,-0.188703819
10/13/2008,-0.027612865
10/14/2008,0.056339289
10/15/2008,0.032761989
10/16/2008,-0.071119246
10/17/2008,-0.025700972
10/20/2008,-0.13966993
10/21/2008,-0.205856984
10/22/2008,-0.235683471
10/23/2008,-0.282043309
10/24/2008,-0.296601712
10/27/2008,-0.212093776
10/28/2008,-0.226581213
10/29/2008,-0.173683443
10/30/2008,-0.18875161
10/31/2008,-0.196941532
11/3/2008,-0.137440103
11/4/2008,-0.208811841
11/5/2008,-0.147062451
11/6/2008,-0.229368001
11/7/2008,-0.05961754
11/10/2008,-0.024717642
11/11/2008,0.002586331
11/12/2008,-0.111753781
11/13/2008,-0.133508036
11/14/2008,-0.101373508
11/17/2008,-0.249722306
11/18/2008,-0.240694082
11/19/2008,-0.131644455
11/20/2008,-0.260063996
11/21/2008,-0.293262424
11/24/2008,-0.291226302
11/25/2008,-0.307860429
11/26/2008,-0.245012661
11/28/2008,-0.240425986
12/1/2008,-0.111701382
12/2/2008,-0.138787264
12/3/2008,-0.023404269
12/4/2008,0.064015674
12/5/2008,0.045642448
12/8/2008,0.091770642
12/9/2008,0.142317874
12/10/2008,0.133288669
12/11/2008,0.155301698
12/12/2008,0.154211117
12/15/2008,0.175565261
12/16/2008,0.260867606
12/17/2008,0.092912438
12/18/2008,0.250320087
12/19/2008,0.301386322
12/22/2008,0.444248539
12/23/2008,0.612915171
12/24/2008,0.634797338
12/26/2008,0.517761841
12/29/2008,0.517604637
12/30/2008,0.614789093
12/31/2008,0.534069486
1/2/2009,0.557884312
1/5/2009,0.504535144
1/6/2009,0.297009833
1/7/2009,0.293707868
1/8/2009,0.26904618
1/9/2009,0.220429074
1/12/2009,0.324030211
1/13/2009,0.280905231
1/14/2009,0.286209584
1/15/2009,0.236387164
1/16/2009,0.303798134
1/20/2009,0.438158423
1/21/2009,0.381879544
1/22/2009,0.374705409
1/23/2009,0.419823635
1/26/2009,0.467199644
1/27/2009,0.354647365
1/28/2009,0.333247194
1/29/2009,0.322389391
1/30/2009,0.302143731
2/2/2009,0.226511019
2/3/2009,0.185036493
2/4/2009,0.164888006
2/5/2009,0.108874768
2/6/2009,0.297037063
2/9/2009,0.312284345
2/10/2009,0.283677758
2/11/2009,0.311172855
2/12/2009,0.29395714
2/13/2009,0.301361981
2/17/2009,0.316385249
2/18/2009,0.340725788
2/20/2009,0.271523789
2/23/2009,0.302035134
2/24/2009,0.330886027
2/25/2009,0.42978065
2/26/2009,0.463834065
2/27/2009,0.42767209
3/2/2009,0.413742853
3/3/2009,0.421738429
3/4/2009,0.402907673
3/5/2009,0.440001399
3/6/2009,0.431901407
3/9/2009,0.41085485
3/10/2009,0.423044978
3/11/2009,0.387213534
3/12/2009,0.315257192
3/13/2009,0.25580039
3/16/2009,0.261352847
3/17/2009,0.232016633
3/18/2009,0.070892917
3/19/2009,0.334954129
3/20/2009,0.623586193
3/23/2009,0.483547137
3/24/2009,0.541192441
3/25/2009,0.387915266
3/26/2009,0.348483277
3/27/2009,0.429586999
3/30/2009,0.438003226
3/31/2009,0.478734491
4/1/2009,0.423702983
4/2/2009,0.576516099
4/3/2009,0.673742862
4/6/2009,0.753964179
4/7/2009,0.819427258
4/8/2009,0.592070808
4/9/2009,0.450965995
4/13/2009,0.401748722
4/14/2009,0.4118051
4/15/2009,0.484293233
4/16/2009,0.537601902
4/17/2009,0.514832425
4/20/2009,0.487903863
4/21/2009,0.552080516
4/22/2009,0.680844375
4/23/2009,0.753762142
4/24/2009,0.595157912
4/27/2009,0.745896063
4/28/2009,0.767938015
4/29/2009,0.210180029
4/30/2009,0.074762966
5/1/2009,-0.104454338
5/4/2009,-0.168461417
5/5/2009,-0.19957047
5/6/2009,-0.150725909
5/7/2009,0.066209333
5/8/2009,0.387129472
5/11/2009,0.433630974
5/12/2009,0.416906008
5/13/2009,0.382165533
5/14/2009,0.410357918
5/15/2009,0.432783768
5/18/2009,0.366099093
5/19/2009,0.430411808
5/20/2009,0.466813304
5/21/2009,0.469882131
5/22/2009,0.428341779
5/26/2009,0.417140481
5/27/2009,0.501120949
5/28/2009,0.370801256
5/29/2009,0.376463716
6/1/2009,0.373842824
6/2/2009,0.451023404
6/3/2009,0.390051048
6/4/2009,0.338262859
6/5/2009,0.099575222
6/8/2009,0.098319182
6/9/2009,0.006530049
6/10/2009,-0.076975352
6/11/2009,-0.152607618
6/12/2009,-0.155258514
6/15/2009,-0.122299246
6/16/2009,-0.070647588
6/17/2009,-0.016191475
6/18/2009,0.044712506
6/19/2009,0.038405401
6/22/2009,0.050831824
6/23/2009,0.048539903
6/24/2009,0.040155854
6/25/2009,0.09381692
6/26/2009,0.240104215
6/29/2009,0.206913861
6/30/2009,0.312635399
7/1/2009,0.332671502
7/2/2009,0.397103969
7/6/2009,0.352058507
7/7/2009,0.257528835
7/8/2009,0.27407467
7/9/2009,0.278011294
7/10/2009,0.243783244
7/13/2009,0.232127731
7/14/2009,0.342916935
7/15/2009,0.301945149
7/16/2009,0.278698491
7/17/2009,0.26518136
7/20/2009,0.258882854
7/21/2009,0.270883514
7/22/2009,0.225772421
7/23/2009,0.231341903
7/24/2009,0.176330301
7/27/2009,0.286057573
7/28/2009,0.319027732
7/29/2009,0.222399446
7/30/2009,0.237964987
7/31/2009,0.208244796
8/3/2009,0.106294982
8/4/2009,0.061844281
8/5/2009,0.132551405
8/6/2009,5.50E-15
8/7/2009,0.245964071
8/10/2009,0.272820462
8/11/2009,0.299374142
8/12/2009,0.297213762
8/13/2009,0.31681533
8/14/2009,0.269866145
8/17/2009,0.286084735
8/18/2009,0.20759698
8/19/2009,0.189165331
8/20/2009,0.171928903
8/21/2009,0.15702614
8/24/2009,0.145027238
8/25/2009,0.21378836
8/26/2009,0.180035913
8/27/2009,0.214399605
8/28/2009,0.237093953
8/31/2009,0.288104576
9/1/2009,0.262640005
9/2/2009,0.310551041
9/3/2009,0.390538224
9/4/2009,0.349223125
9/8/2009,0.37349914
9/9/2009,0.318126873
9/10/2009,0.382496269
9/11/2009,0.309661671
9/14/2009,0.290853157
9/15/2009,0.295412294
9/16/2009,0.320551587
9/17/2009,0.290442542
9/18/2009,0.333960352
9/21/2009,0.337276721
9/22/2009,0.32243737
9/23/2009,0.422921977
9/24/2009,0.447179928
9/25/2009,0.471992746
9/28/2009,0.450768583
9/29/2009,0.53344776
9/30/2009,0.545938505
10/1/2009,0.506454076
10/2/2009,0.464765266
10/5/2009,0.48222216
10/6/2009,0.549124411
10/7/2009,0.527792635
10/8/2009,0.527794193
10/9/2009,0.465601702
10/12/2009,0.463724094
10/13/2009,0.42498042
10/14/2009,0.488637234
10/15/2009,0.64594757
10/16/2009,0.694944279
10/19/2009,0.707289372
10/20/2009,0.732708951
10/21/2009,0.686158628
10/22/2009,0.732751891
10/23/2009,0.695364932
10/26/2009,0.556704642
10/27/2009,0.578238284
10/28/2009,0.58537188
10/29/2009,0.64351541
10/30/2009,0.696196694
11/2/2009,0.61807992
11/3/2009,0.728165772
11/4/2009,0.572976558
11/5/2009,0.660533604
11/6/2009,0.58122988
11/9/2009,0.607901556
11/10/2009,0.501785514
11/11/2009,0.457306468
11/12/2009,0.411488145
11/13/2009,0.381305481
11/16/2009,0.367155283
11/17/2009,0.438673929
11/18/2009,0.475079866
11/19/2009,0.477473
11/20/2009,0.503679502
11/23/2009,0.481985591
11/24/2009,0.575057387
11/25/2009,0.6579047
11/27/2009,0.622905828
11/30/2009,0.645459306
12/1/2009,0.625036931
12/2/2009,0.619565807
12/3/2009,0.654889666
12/4/2009,0.602996619
12/7/2009,0.63094492
12/8/2009,0.643689733
12/9/2009,0.696159182
12/10/2009,0.71582607
12/11/2009,0.722816976
12/14/2009,0.698063691
12/15/2009,0.657788462
12/16/2009,0.643430342
12/17/2009,0.403685498
12/18/2009,0.432848671
12/21/2009,0.424545657
12/22/2009,0.416085115
12/23/2009,0.37923718
12/24/2009,0.421018213
12/28/2009,0.43094378
12/29/2009,0.33959555
12/30/2009,0.396348355
12/31/2009,0.354932835
1/4/2010,0.373040627
1/5/2010,0.363604274
1/6/2010,0.321887436
1/7/2010,0.390258258
1/8/2010,0.319930164
1/11/2010,0.371007937
1/12/2010,0.536949073
1/13/2010,0.451949378
1/14/2010,0.369190737
1/15/2010,0.376128919
1/19/2010,0.475838154
1/20/2010,0.451869384
1/21/2010,0.387093095
1/22/2010,0.329110144
1/25/2010,0.372808716
1/26/2010,0.369011727
1/27/2010,0.322624627
1/28/2010,0.355442242
1/29/2010,0.49733293
2/1/2010,0.526992146
2/2/2010,0.400362915
2/3/2010,0.393862079
2/4/2010,0.406908727
2/5/2010,0.275207444
2/8/2010,0.29241619
2/9/2010,0.247941681
2/10/2010,0.221210463
2/11/2010,0.190495378
2/12/2010,0.225107714
2/16/2010,0.204579693
2/17/2010,0.18375455
2/18/2010,0.195431859
2/19/2010,0.209091001
2/22/2010,0.228647479
2/23/2010,0.202325343
2/24/2010,0.224837247
2/25/2010,0.221634537
2/26/2010,0.2679781
3/1/2010,0.273637041
3/2/2010,0.320879744
3/3/2010,0.3347526
3/4/2010,0.366111492
3/5/2010,0.458588584
3/8/2010,0.450293965
3/9/2010,0.454606925
3/10/2010,0.558618093
3/11/2010,0.519722793
3/12/2010,0.451147758
3/15/2010,0.482594038
3/16/2010,0.524738113
3/17/2010,0.467862481
3/18/2010,0.513964709
3/19/2010,0.433073041
3/22/2010,0.479335336
3/23/2010,0.444262057
3/24/2010,0.583116364
3/25/2010,0.598700473
3/26/2010,0.572664844
3/29/2010,0.5277718
3/30/2010,0.477414011
3/31/2010,0.365792545
4/1/2010,0.422735029
4/2/2010,0.44866012
4/5/2010,0.452134686
4/6/2010,0.430276052
4/7/2010,0.39872138
4/8/2010,0.383357413
4/9/2010,0.356985649
4/12/2010,0.346877934
4/13/2010,0.315062552
4/14/2010,0.514832636
4/15/2010,0.449255229
4/16/2010,0.423397763
4/19/2010,0.494852482
4/20/2010,0.416959514
4/21/2010,0.379978609
4/22/2010,0.475073555
4/23/2010,0.411442174
4/26/2010,0.416418569
4/27/2010,0.571727562
4/28/2010,0.276169424
4/29/2010,0.173207677
4/30/2010,0.212090439
5/3/2010,0.279606066
5/4/2010,-0.010344327
5/5/2010,-0.059724993
5/6/2010,-1.063831771
5/7/2010,0.030739098
5/10/2010,-0.144435656
5/11/2010,-0.122391877
5/12/2010,-0.076319682
5/13/2010,-0.03259232
5/14/2010,-0.013351247
5/17/2010,-0.070596438
5/18/2010,-0.056019736
5/19/2010,-0.128341597
5/20/2010,-0.226452793
5/21/2010,-0.096788859
5/24/2010,0.043546028
5/25/2010,0.137017923
5/26/2010,0.344874261
5/27/2010,0.338143119
5/28/2010,0.315358593
6/1/2010,0.276260772
6/2/2010,0.291715143
6/3/2010,0.360810255
6/4/2010,0.366410383
6/7/2010,0.261303636
6/8/2010,0.147479182
6/9/2010,0.247082597
6/10/2010,0.30818121
6/11/2010,0.371816599
6/14/2010,0.284842822
6/15/2010,0.288859499
6/16/2010,0.249638732
6/17/2010,0.285115268
6/18/2010,0.310527164
6/21/2010,0.307807299
6/22/2010,0.280509227
6/23/2010,0.211687724
6/24/2010,0.049636317
6/25/2010,0.1272057
6/28/2010,0.098083148
6/29/2010,0.046022232
6/30/2010,0.046836589
7/1/2010,0.008238781
7/2/2010,0.049676892
7/6/2010,0.096507713
7/7/2010,0.147349223
7/8/2010,0.117561636
7/9/2010,0.154760183
7/12/2010,0.186212574
7/13/2010,0.191865158
7/14/2010,0.073380265
7/15/2010,-0.027538026
7/16/2010,-0.069580061
7/19/2010,-0.134023954
7/20/2010,-0.12379974
7/21/2010,-0.03639403
7/22/2010,0.087129489
7/23/2010,0.290511074
7/26/2010,0.326209469
7/27/2010,0.276418646
7/28/2010,0.135708257
7/29/2010,-0.202270206
7/30/2010,-0.525895246
8/2/2010,-0.389246457
8/3/2010,-0.430947259
8/4/2010,-0.249656816
8/5/2010,-0.103370109
8/6/2010,-0.208456855
8/9/2010,-0.133676223
8/10/2010,-0.243685108
8/11/2010,-0.259815925
8/12/2010,-0.170537127
8/13/2010,0.180063971
8/16/2010,0.118537053
8/17/2010,0.249345083
8/18/2010,0.245593769
8/19/2010,0.304232036
8/20/2010,0.283139187
8/23/2010,0.350720253
8/24/2010,0.299013673
8/25/2010,0.2859757
8/26/2010,0.329680498
8/27/2010,0.480316881
8/30/2010,0.485404953
8/31/2010,0.328616831
9/1/2010,0.311472823
9/2/2010,0.354399362
9/3/2010,0.268714719
9/7/2010,0.248554899
9/8/2010,0.225513226
9/9/2010,0.128544248
9/10/2010,0.104700583
9/13/2010,0.073877545
9/14/2010,0.012713824
9/15/2010,0.021266133
9/16/2010,0.019530826
9/17/2010,-0.023375422
9/20/2010,-0.057511958
9/21/2010,0.037651892
9/22/2010,-0.057096221
9/23/2010,0.018050098
9/24/2010,0.075151641
9/27/2010,0.0378819
9/28/2010,0.021086677
9/29/2010,-0.042196719
9/30/2010,-0.043886222
10/1/2010,-0.001304587
10/4/2010,0.085931845
10/5/2010,0.204955798
10/6/2010,0.319479894
10/7/2010,0.285338391
10/8/2010,0.25478608
10/11/2010,0.349462446
10/12/2010,0.278515596
10/13/2010,0.389432929
10/14/2010,0.423805802
10/15/2010,0.393856684
10/18/2010,0.44162413
10/19/2010,0.482067423
10/20/2010,0.313151157
10/21/2010,0.288515023
10/22/2010,0.319413124
10/25/2010,0.349458511
10/26/2010,0.390037732
10/27/2010,0.220957092
10/28/2010,0.189108655
10/29/2010,0.186836358
11/1/2010,0.245371953
11/2/2010,0.339199701
11/3/2010,0.340515182
11/4/2010,0.105567844
11/5/2010,0.154456407
11/8/2010,-0.017492737
11/9/2010,0.054126139
11/10/2010,0.013838738
11/11/2010,0.0361232
11/12/2010,0.454693497
11/15/2010,0.369560573
11/16/2010,0.436827037
11/17/2010,0.372103876
11/18/2010,0.43866496
11/19/2010,0.44773739
11/22/2010,0.446505869
11/23/2010,0.376284645
11/24/2010,0.402951644
11/26/2010,0.387838508
11/29/2010,0.271621462
11/30/2010,0.220751599
12/1/2010,0.418074453
12/2/2010,0.5001415
12/3/2010,0.473988932
12/6/2010,0.500256732
12/7/2010,0.429852788
12/8/2010,0.496889288
12/9/2010,0.460843627
12/10/2010,0.39370352
12/13/2010,0.347697563
12/14/2010,0.455033962
12/15/2010,0.481019291
12/16/2010,0.507863229
12/17/2010,0.458017069
12/20/2010,0.451334733
12/21/2010,0.448593035
12/22/2010,0.450223125
12/23/2010,0.39434466
12/27/2010,0.379596072
12/28/2010,0.36346105
12/29/2010,0.353901321
12/30/2010,0.306291248
12/31/2010,0.334954815
1/3/2011,0.367411719
1/4/2011,0.3371591
1/5/2011,0.360268351
1/6/2011,0.310080179
1/7/2011,0.345861521
1/10/2011,0.276397401
1/11/2011,0.298003841
1/12/2011,0.350406502
1/13/2011,0.290698203
1/14/2011,0.379186256
1/18/2011,0.309672525
1/19/2011,0.377491662
1/20/2011,0.315661337
1/21/2011,0.294340964
1/24/2011,0.323000446
1/25/2011,0.325184988
1/26/2011,0.395470603
1/27/2011,0.311927715
1/28/2011,0.133657201
1/31/2011,0.073651504
2/1/2011,0.246914725
2/2/2011,0.269628316
2/3/2011,0.089899639
2/4/2011,0.218011196
2/7/2011,0.278346457
2/8/2011,0.227154229
2/9/2011,0.283917919
2/10/2011,0.306584434
2/11/2011,0.274939498
2/14/2011,0.254755197
2/15/2011,0.272799763
2/16/2011,0.247760627
2/17/2011,0.271147045
2/18/2011,0.224222203
2/22/2011,0.278877056
2/23/2011,0.16950229
2/24/2011,0.135491555
2/25/2011,0.141938147
2/28/2011,0.207004613
3/1/2011,0.222671283
3/2/2011,0.254606713
3/3/2011,0.215965753
3/4/2011,0.172411716
3/7/2011,0.16544205
3/8/2011,0.220978863
3/9/2011,0.220628646
3/10/2011,0.230054645
3/11/2011,0.285025289
3/14/2011,0.269181193
3/15/2011,0.20909712
3/16/2011,0.075563831
3/17/2011,0.022073397
3/18/2011,0.097835667
3/21/2011,0.153196183
3/22/2011,0.177002167
3/23/2011,0.122816568
3/24/2011,0.126662904
3/25/2011,0.257341946
3/28/2011,0.178285637
3/29/2011,0.185223801
3/30/2011,0.209788982
3/31/2011,0.246078903
4/1/2011,0.152075623
4/4/2011,0.271431339
4/5/2011,0.247803769
4/6/2011,0.291615707
4/7/2011,0.226811543
4/8/2011,0.216999715
4/11/2011,0.250992793
4/12/2011,0.22388163
4/13/2011,0.214171401
4/14/2011,0.225646888
4/15/2011,0.203386703
4/18/2011,0.240632694
4/19/2011,0.239987119
4/20/2011,0.332539888
4/21/2011,0.392193422
4/25/2011,0.259762482
4/26/2011,0.361311367
4/27/2011,0.201390844
4/28/2011,0.199262101
4/29/2011,0.269534451
5/2/2011,0.251948623
5/3/2011,0.19707628
5/4/2011,0.185999679
5/5/2011,0.227543265
5/6/2011,0.224166531
5/9/2011,0.223672085
5/10/2011,0.182382047
5/11/2011,0.234349104
5/12/2011,0.207559017
5/13/2011,0.193141059
5/16/2011,0.175594755
5/17/2011,0.155839501
5/18/2011,0.272557729
5/19/2011,0.322823675
5/20/2011,0.330792548
5/23/2011,0.324441837
5/24/2011,0.311750026
5/25/2011,0.344190597
5/26/2011,0.269179211
5/27/2011,0.302182667
5/31/2011,0.311608236
6/1/2011,0.26358655
6/2/2011,0.302179513
6/3/2011,0.412645429
6/6/2011,0.498316677
6/7/2011,0.43508883
6/8/2011,0.426244729
6/9/2011,0.46853137
6/10/2011,0.450099671
6/13/2011,0.434857677
6/14/2011,0.458879095
6/15/2011,0.356659003
6/16/2011,0.32245305
6/17/2011,0.44339755
6/20/2011,0.421280392
6/21/2011,0.463350738
6/22/2011,0.426807766
6/23/2011,0.352591716
6/24/2011,0.30765388
6/27/2011,0.330664932
6/28/2011,0.44015281
6/29/2011,0.535185061
6/30/2011,0.627309701
7/1/2011,0.498225184
7/5/2011,0.475070701
7/6/2011,0.497874625
7/7/2011,0.47531279
7/8/2011,0.395822101
7/11/2011,0.330190544
7/12/2011,0.342318111
7/13/2011,0.215667701
7/14/2011,0.338447068
7/15/2011,0.3971099
7/18/2011,0.488400303
7/19/2011,0.480917596
7/20/2011,0.500500161
7/21/2011,0.630266963
7/22/2011,0.644354621
7/25/2011,0.745518832
7/26/2011,0.881006876
7/27/2011,0.978015381
7/28/2011,0.851215013
7/29/2011,0.822324013
8/1/2011,0.622210079
8/2/2011,0.275939858
8/3/2011,-0.144163172
8/4/2011,-0.303243654
8/5/2011,0.007054741
8/8/2011,-0.452754988
8/9/2011,-0.229397812
8/10/2011,-0.19990977
8/11/2011,-0.510094955
8/12/2011,0.29846826
8/15/2011,0.400350388
8/16/2011,0.391244103
8/17/2011,0.495119167
8/18/2011,0.499676868
8/19/2011,0.43079934
8/22/2011,0.467556884
8/23/2011,0.492401891
8/24/2011,0.502923359
8/25/2011,0.431145695
8/26/2011,0.58050412
8/29/2011,0.47504581
8/30/2011,0.48171846
8/31/2011,0.532300774
9/1/2011,0.477806864
9/2/2011,0.553904497
9/6/2011,0.496499257
9/7/2011,0.536277531
9/8/2011,0.492846775
9/9/2011,0.464415237
9/12/2011,0.45471308
9/13/2011,0.502184213
9/14/2011,0.533121537
9/15/2011,0.511681959
9/16/2011,0.583600548
9/19/2011,0.551484392
9/20/2011,0.613010435
9/21/2011,0.633064816
9/22/2011,0.565083973
9/23/2011,0.589366209
9/26/2011,0.532512372
9/27/2011,0.401499143
9/28/2011,0.450673279
9/29/2011,0.399439128
9/30/2011,0.42315216
10/3/2011,0.442277106
10/4/2011,0.417937094
10/5/2011,0.481128705
10/6/2011,0.522772009
10/7/2011,0.71255771
10/10/2011,0.620022987
10/11/2011,0.619150503
10/12/2011,0.448697396
10/13/2011,0.395415565
10/14/2011,0.338946629
10/17/2011,0.266781226
10/18/2011,0.159431985
10/19/2011,0.166001316
10/20/2011,0.026242429
10/21/2011,-0.023499953
10/24/2011,-0.072498485
10/25/2011,-0.076681994
10/26/2011,-0.07589259
10/27/2011,0.000629178
10/28/2011,0.105071021
10/31/2011,0.022526785
11/1/2011,-0.021965005
11/2/2011,-0.055230801
11/3/2011,0.254286495
11/4/2011,0.168198207
11/7/2011,0.173073341
11/8/2011,0.206417037
11/9/2011,0.172599978
11/10/2011,0.194725172
11/11/2011,0.426019799
11/14/2011,0.433675538
11/15/2011,0.429886297
11/16/2011,0.428980187
11/17/2011,0.354942032
11/18/2011,0.389787449
11/21/2011,0.326646029
11/22/2011,0.388944995
11/23/2011,0.369667326
11/25/2011,0.445060215
11/28/2011,0.422810786
11/29/2011,0.437732987
11/30/2011,0.426069868
12/1/2011,0.355381327
12/2/2011,0.295696682
12/5/2011,0.295768113
12/6/2011,0.276448151
12/7/2011,0.26746689
12/8/2011,0.310612021
12/9/2011,0.305795897
12/12/2011,0.299883142
12/13/2011,0.257424929
12/14/2011,0.343988612
12/15/2011,0.345183404
12/16/2011,0.375694538
12/19/2011,0.405843371
12/20/2011,0.398382808
12/21/2011,0.374007421
12/22/2011,0.453207809
12/23/2011,0.451731117
12/27/2011,0.459882353
12/28/2011,0.440941448
12/29/2011,0.521714172
12/30/2011,0.557522334
1/3/2012,0.540801404
1/4/2012,0.574418698
1/5/2012,0.615960104
1/6/2012,0.578806879
1/9/2012,0.571338163
1/10/2012,0.636762408
1/11/2012,0.605935153
1/12/2012,0.589919079
1/13/2012,0.491992433
1/17/2012,0.527422453
1/18/2012,0.518143547
1/19/2012,0.617923551
1/20/2012,0.773120858
1/23/2012,0.787376032
1/24/2012,0.566863065
1/25/2012,0.690695586
1/26/2012,0.674130243
1/27/2012,0.579491387
1/30/2012,0.283853801
1/31/2012,0.298286863
2/1/2012,0.2352437
2/2/2012,0.394406339
2/3/2012,0.465904912
2/6/2012,0.249498702
2/7/2012,0.488580383
2/8/2012,0.557865226
2/9/2012,0.504603765
2/10/2012,0.737616956
2/13/2012,0.716073196
2/14/2012,0.677046407
2/15/2012,0.670423285
2/16/2012,0.695740589
2/17/2012,0.69620007
2/21/2012,0.595643245
2/22/2012,0.512818455
2/23/2012,0.426552521
2/24/2012,0.423195085
2/27/2012,0.387367481
2/28/2012,0.387209351
2/29/2012,0.519018957
3/1/2012,0.559440427
3/2/2012,0.492167458
3/5/2012,0.539991563
3/6/2012,0.582083721
3/7/2012,0.546419903
3/8/2012,0.580884974
3/9/2012,0.570802872
3/12/2012,0.513802452
3/13/2012,0.455942511
3/14/2012,0.50083511
3/15/2012,0.50954721
3/16/2012,0.574308556
3/19/2012,0.588154363
3/20/2012,0.561066786
3/21/2012,0.596381626
3/22/2012,0.574452018
3/23/2012,0.576458741
3/26/2012,0.585709509
3/27/2012,0.6422641
3/28/2012,0.685462591
3/29/2012,0.638286306
3/30/2012,0.709633853
4/2/2012,0.76130209
4/3/2012,0.7449299
4/4/2012,0.646807125
4/5/2012,0.722614687
4/6/2012,0.727551428
4/9/2012,0.755795761
4/10/2012,0.643916913
4/11/2012,0.632273019
4/12/2012,0.583171798
4/13/2012,0.55611489
4/16/2012,0.330345599
4/17/2012,0.425983993
4/18/2012,0.396243126
4/19/2012,0.344424703
4/20/2012,0.473776324
4/23/2012,0.413343775
4/24/2012,0.561199155
4/25/2012,0.606123274
4/26/2012,0.614053876
4/27/2012,0.508795899
4/30/2012,0.476586402
5/1/2012,0.495567283
5/2/2012,0.496326841
5/3/2012,0.557279212
5/4/2012,0.513991771
5/7/2012,0.237204246
5/8/2012,0.196940427
5/9/2012,0.032516737
5/10/2012,0.069937067
5/11/2012,0.529288326
5/14/2012,0.266260366
5/15/2012,0.426382802
5/16/2012,0.329599357
5/17/2012,0.302544859
5/18/2012,0.262868237
5/21/2012,0.333602512
5/22/2012,0.359071607
5/23/2012,0.203175195
5/24/2012,0.162730376
5/25/2012,0.107438604
5/29/2012,0.120705617
5/30/2012,0.223661658
5/31/2012,0.367197521
6/1/2012,0.356289658
6/4/2012,0.300665893
6/5/2012,0.247984146
6/6/2012,0.228754704
6/7/2012,0.248943262
6/8/2012,0.231676627
6/11/2012,0.146756605
6/12/2012,0.176191866
6/13/2012,0.125901559
6/14/2012,0.124731181
6/15/2012,0.130588489
6/18/2012,0.305139857
6/19/2012,0.318559334
6/20/2012,0.527904211
6/21/2012,0.413252142
6/22/2012,0.368174949
6/25/2012,0.368373175
6/26/2012,0.367785725
6/27/2012,0.335882802
6/28/2012,0.451986574
6/29/2012,0.438065973
7/2/2012,0.302645903
7/3/2012,0.271691583
7/5/2012,0.30564632
7/6/2012,0.248235999
7/9/2012,0.291807334
7/10/2012,0.411681387
7/11/2012,0.584310565
7/12/2012,0.51093295
7/13/2012,0.461809228
7/16/2012,0.307387242
7/17/2012,0.306010804
7/18/2012,0.420390676
7/19/2012,0.442068983
7/20/2012,0.417757177
7/23/2012,0.314207001
7/24/2012,0.118009779
7/25/2012,0.221334335
7/26/2012,0.269031995
7/27/2012,0.391068128
7/30/2012,0.244013174
7/31/2012,0.347050402
8/1/2012,0.430600123
8/2/2012,0.325481596
8/3/2012,0.345728271
8/6/2012,0.364135072
8/7/2012,0.275180931
8/8/2012,0.254098444
8/9/2012,0.236912958
8/10/2012,0.559659696
8/13/2012,0.519078811
8/14/2012,0.482993919
8/15/2012,0.481297001
8/16/2012,0.404703852
8/17/2012,0.406150489
8/20/2012,0.389543886
8/21/2012,0.420235566
8/22/2012,0.35717819
8/23/2012,0.377289124
8/24/2012,0.420597083
8/27/2012,0.42976251
8/28/2012,0.486914454
8/29/2012,0.448426866
8/30/2012,0.402935758
8/31/2012,0.404346149
9/4/2012,0.372461212
9/5/2012,0.461896514
9/6/2012,0.435897474
9/7/2012,0.513454626
9/10/2012,0.509810453
9/11/2012,0.465030161
9/12/2012,0.450160207
9/13/2012,0.512317167
9/14/2012,0.559677916
9/17/2012,0.565168961
9/18/2012,0.502049261
9/19/2012,0.459395427
9/20/2012,0.414189994
9/21/2012,0.351843291
9/24/2012,0.555552746
9/25/2012,0.594829084
9/26/2012,0.585299072
9/27/2012,0.549263944
9/28/2012,0.528984191
10/1/2012,0.545148485
10/2/2012,0.585179497
10/3/2012,0.673811359
10/4/2012,0.536715477
10/5/2012,0.568920707
10/8/2012,0.408172741
10/9/2012,0.417627962
10/10/2012,0.385423496
10/11/2012,0.441026066
10/12/2012,0.50020718
10/15/2012,0.55910254
10/16/2012,0.743568039
10/17/2012,0.608453914
10/18/2012,0.606024604
10/19/2012,0.533161717
10/22/2012,0.387346553
10/23/2012,0.365877069
10/24/2012,0.335577509
10/25/2012,0.503124129
10/26/2012,0.627433835
10/29/2012,0.715619654
10/30/2012,0.747566231
10/31/2012,0.791666965
11/1/2012,0.737333266
11/2/2012,0.768124289
11/5/2012,0.82150153
11/6/2012,0.897125121
11/7/2012,0.478373412
11/8/2012,0.536424835
11/9/2012,0.516445577
11/12/2012,0.559394127
11/13/2012,0.62379626
11/14/2012,0.669919442
11/15/2012,0.723329763
11/16/2012,0.702800727
11/19/2012,0.724472452
11/20/2012,0.787206957
11/21/2012,0.716467728
11/23/2012,0.746423955
11/26/2012,0.843156423
11/27/2012,0.791766652
11/28/2012,0.741614079
11/29/2012,0.75412392
11/30/2012,0.832068616
12/3/2012,0.874151896
12/4/2012,0.852465695
12/5/2012,0.831171725
12/6/2012,0.711340029
12/7/2012,0.743305324
12/10/2012,0.782786441
12/11/2012,0.81363376
12/12/2012,0.710331548
12/13/2012,0.747084126
12/14/2012,0.730769959
12/17/2012,0.698072714
12/18/2012,0.689243982
12/19/2012,0.9171242
12/20/2012,0.923407402
12/21/2012,1.030468525
12/24/2012,0.780640572
12/26/2012,0.831131596
12/27/2012,0.835194739
12/28/2012,0.804754704
12/31/2012,0.797030075
1/2/2013,0.816379159
1/3/2013,0.758554134
1/4/2013,0.740248095
1/7/2013,0.788934763
1/8/2013,0.719130721
1/9/2013,0.640509647
1/10/2013,0.785253972
1/11/2013,0.775543725
1/14/2013,0.759598027
1/15/2013,0.767505777
1/16/2013,0.801912701
1/17/2013,0.758178034
1/18/2013,0.738410909
1/22/2013,0.707061425
1/23/2013,0.6859391
1/24/2013,0.767821211
1/25/2013,0.800973548
1/28/2013,0.545831301
1/29/2013,0.780837856
1/30/2013,0.572560412
1/31/2013,0.762517188
2/1/2013,0.767891965
2/4/2013,0.85309209
2/5/2013,0.674967753
2/6/2013,0.62105819
2/7/2013,0.512582238
2/8/2013,0.705754029
2/11/2013,0.652148421
2/12/2013,0.730928778
2/13/2013,0.698574744
2/14/2013,0.673065814
2/15/2013,0.666178906
2/19/2013,0.579439725
2/20/2013,0.57657007
2/21/2013,0.503563892
2/22/2013,0.543023953
2/25/2013,0.458114473
2/26/2013,0.473611159
2/27/2013,0.600738972
2/28/2013,0.822109926
3/1/2013,0.746849034
3/4/2013,0.779533701
3/5/2013,0.779700449
3/6/2013,0.722233882
3/7/2013,0.741413339
3/8/2013,0.686599105
3/11/2013,0.654554234
3/12/2013,0.646699065
3/13/2013,0.674082562
3/14/2013,0.664366954
3/15/2013,0.707199944
3/18/2013,0.653530775
3/19/2013,0.556018604
3/20/2013,0.704295497
3/21/2013,0.60104081
3/22/2013,0.612333613
3/25/2013,0.511487828
3/26/2013,0.543859696
3/27/2013,0.610732417
3/28/2013,0.552929328
4/1/2013,0.554457475
4/2/2013,0.784803217
4/3/2013,0.928622189
4/4/2013,0.662426947
4/5/2013,0.479833828
4/8/2013,0.387777483
4/9/2013,0.561410849
4/10/2013,0.646879146
4/11/2013,0.769175266
4/12/2013,0.696932421
4/15/2013,0.367479011
4/16/2013,0.418086374
4/17/2013,0.326683036
4/18/2013,0.359032967
4/19/2013,0.323359401
4/22/2013,0.361198274
4/23/2013,0.50655465
4/24/2013,0.50151316
4/25/2013,0.718940485
4/26/2013,0.324853629
4/29/2013,0.543620684
4/30/2013,0.387069347
5/1/2013,0.142183058
5/2/2013,0.206175861
5/3/2013,0.381708061
5/6/2013,0.468585997
5/7/2013,0.553214309
5/8/2013,0.339612864
5/9/2013,0.457672502
5/10/2013,1.05073506
5/13/2013,1.110197554
5/14/2013,0.971613148
5/15/2013,0.960642954
5/16/2013,0.93807632
5/17/2013,0.838818663
5/20/2013,0.838139111
5/21/2013,0.881927395
5/22/2013,0.822994064
5/23/2013,0.809026591
5/24/2013,0.726031432
5/28/2013,0.750241993
5/29/2013,0.921294587
5/30/2013,0.83453205
5/31/2013,0.784488906
6/3/2013,0.883237915
6/4/2013,0.719702079
6/5/2013,0.68062106
6/6/2013,0.731904517
6/7/2013,0.6727393
6/10/2013,0.609482172
6/11/2013,0.540309716
6/12/2013,0.447293304
6/13/2013,0.507960355
6/14/2013,0.549094391
6/17/2013,0.540172479
6/18/2013,0.509320066
6/19/2013,0.494579046
6/20/2013,0.768055834
6/21/2013,0.719321237
6/24/2013,1.005346031
6/25/2013,0.972198838
6/26/2013,0.816681808
6/27/2013,0.714791538
6/28/2013,0.739514648
7/1/2013,0.759682526
7/2/2013,0.743079249
7/3/2013,0.793235373
7/5/2013,0.78261059
7/8/2013,0.74758745
7/9/2013,0.645832619
7/10/2013,0.716376773
7/11/2013,0.884718619
7/12/2013,0.777939821
7/15/2013,0.763509796
7/16/2013,0.696593253
7/17/2013,0.697019951
7/18/2013,0.714745663
7/19/2013,0.7429396
7/22/2013,0.743051478
7/23/2013,0.903431495
7/24/2013,1.01806331
7/25/2013,0.902190081
7/26/2013,0.777938047
7/29/2013,0.73573774
7/30/2013,0.744950968
7/31/2013,0.850292958
8/1/2013,0.87902806
8/2/2013,0.553910938
8/5/2013,0.481220331
8/6/2013,0.458806797
8/7/2013,0.427235688
8/8/2013,0.348476174
8/9/2013,0.798522248
8/12/2013,0.765693741
8/13/2013,0.853380437
8/14/2013,0.824868761
8/15/2013,0.832969341
8/16/2013,0.854752242
8/19/2013,0.797128947
8/20/2013,0.833071608
8/21/2013,0.760842664
8/22/2013,0.761703466
8/23/2013,0.725212576
8/26/2013,0.743555861
8/27/2013,0.771459194
8/28/2013,0.790883253
8/29/2013,0.787406169
8/30/2013,0.704847382
9/3/2013,0.59034476
9/4/2013,0.603462633
9/5/2013,0.632059947
9/6/2013,0.616309106
9/9/2013,0.570709458
9/10/2013,0.617690976
9/11/2013,0.626559492
9/12/2013,0.586804269
9/13/2013,0.570992323
9/16/2013,0.587500281
9/17/2013,0.60650658
9/18/2013,0.621483173
9/19/2013,0.685580344
9/20/2013,0.676797684
9/23/2013,0.717154017
9/24/2013,0.568303674
9/25/2013,0.618484554
9/26/2013,0.659341916
9/27/2013,0.671877387
9/30/2013,0.7961741
10/1/2013,0.713463518
10/2/2013,0.749907587
10/3/2013,0.529670579
10/4/2013,0.584738501
10/7/2013,0.51536912
10/8/2013,0.58405849
10/9/2013,0.517023859
10/10/2013,0.628540468
10/11/2013,0.666175218
10/14/2013,0.636652008
10/15/2013,0.641855228
10/16/2013,0.769219956
10/17/2013,0.773073084
10/18/2013,0.823518676
10/21/2013,0.832988088
10/22/2013,0.530024325
10/23/2013,0.612690872
10/24/2013,0.443798664
10/25/2013,0.40741859
10/28/2013,0.472272441
10/29/2013,0.53176258
10/30/2013,0.464448929
10/31/2013,0.676280589
11/1/2013,0.620348359
11/4/2013,0.609160656
11/5/2013,0.659519968
11/6/2013,0.729457708
11/7/2013,0.71819403
11/8/2013,0.984763307
11/11/2013,0.824643261
11/12/2013,0.784128676
11/13/2013,0.884449313
11/14/2013,0.921699855
11/15/2013,0.878219341
11/18/2013,0.943559614
11/19/2013,0.926004866
11/20/2013,0.822292984
11/21/2013,0.793905595
11/22/2013,0.807240904
11/25/2013,0.789061034
11/26/2013,0.957375247
11/27/2013,0.880222158
11/29/2013,0.887302002
12/2/2013,0.766795121
12/3/2013,0.76953987
12/4/2013,0.703902246
12/5/2013,0.630250778
12/6/2013,0.641886407
12/9/2013,0.713471126
12/10/2013,0.81510476
12/11/2013,0.708240232
12/12/2013,0.691469147
12/13/2013,0.693010051
12/16/2013,0.699209668
12/17/2013,0.641911887
12/18/2013,0.725631586
12/19/2013,0.532827186
12/20/2013,0.513739536
12/23/2013,0.468784874
12/24/2013,0.4799934
12/26/2013,0.348687092
12/27/2013,0.339564413
12/30/2013,0.349950335
12/31/2013,0.251218999
1/2/2014,0.295214019
1/3/2014,0.322134323
1/6/2014,0.343171172
1/7/2014,0.540257148
1/8/2014,0.499333506
1/9/2014,0.535681469
1/10/2014,0.646957338
1/13/2014,0.378231002
1/14/2014,0.558388781
1/15/2014,0.513189807
1/16/2014,0.492496944
1/17/2014,0.463809778
1/21/2014,0.385128769
1/22/2014,0.476025146
1/23/2014,0.299145287
1/24/2014,0.216908567
1/27/2014,0.154025294
1/28/2014,0.224757795
1/29/2014,0.14903884
1/30/2014,0.281028218
1/31/2014,0.284900345
2/3/2014,0.291398698
2/4/2014,0.064790038
2/5/2014,-0.070993525
2/6/2014,0.01465234
2/7/2014,0.370732261
2/10/2014,0.457884489
2/11/2014,0.489549062
2/12/2014,0.459647198
2/13/2014,0.444934442
2/14/2014,0.420320943
2/18/2014,0.156133583
2/19/2014,0.266012214
2/20/2014,0.362748445
2/21/2014,0.328955771
2/24/2014,0.354412645
2/25/2014,0.342672104
2/26/2014,0.404426179
2/27/2014,0.325722886
2/28/2014,0.223753829
3/3/2014,0.190098029
3/4/2014,0.248664299
3/5/2014,0.341625454
3/6/2014,0.325530255
3/7/2014,0.332838142
3/10/2014,0.301889832
3/11/2014,0.249111842
3/12/2014,0.250060344
3/13/2014,0.154947773
3/14/2014,-0.046730096
3/17/2014,-0.014167809
3/18/2014,0.098089778
3/19/2014,0.329676012
3/20/2014,0.22511329
3/21/2014,0.238986851
3/24/2014,0.430135837
3/25/2014,0.356069166
3/26/2014,0.366028388
3/27/2014,0.24789155
3/28/2014,0.277295527
3/31/2014,0.329144025
4/1/2014,0.410126701
4/2/2014,0.386153183
4/3/2014,0.270520007
4/4/2014,0.209352388
4/7/2014,0.213945435
4/8/2014,0.251661361
4/9/2014,0.273117136
4/10/2014,0.389736667
4/11/2014,0.111779354
4/14/2014,-0.033249492
4/15/2014,0.08146072
4/16/2014,0.145316143
4/17/2014,0.091157472
4/21/2014,0.220859011
4/22/2014,0.08452889
4/23/2014,0.258516277
4/24/2014,0.208941751
4/25/2014,0.125758651
4/28/2014,0.120726236
4/29/2014,0.17014205
4/30/2014,0.228470077
5/1/2014,0.217547474
5/2/2014,0.244164528
5/5/2014,0.169195779
5/6/2014,0.007143806
5/7/2014,0.081981145
5/8/2014,-0.108723552
5/9/2014,0.413927328
5/12/2014,0.368593543
5/13/2014,0.347203261
5/14/2014,0.29559863
5/15/2014,0.301502048
5/16/2014,0.230386924
5/19/2014,0.275361386
5/20/2014,0.244548664
5/21/2014,0.207611997
5/22/2014,0.20077604
5/23/2014,0.267823598
5/27/2014,0.254251875
5/28/2014,0.139432855
5/29/2014,0.09345388
5/30/2014,0.155312104
6/2/2014,0.133916056
6/3/2014,0.11816455
6/4/2014,0.202477615
6/5/2014,0.076549646
6/6/2014,0.127148073
6/9/2014,0.070349089
6/10/2014,0.084258104
6/11/2014,0.102996556
6/12/2014,0.092811294
6/13/2014,-0.034748861
6/16/2014,-0.016595775
6/17/2014,-0.002962911
6/18/2014,0.055667369
6/19/2014,0.003489282
6/20/2014,0.121486974
6/23/2014,0.069397115
6/24/2014,0.084123317
6/25/2014,0.10772905
6/26/2014,0.248051553
6/27/2014,0.134782887
6/30/2014,0.21371975
7/1/2014,0.314342333
7/2/2014,0.314606695
7/3/2014,0.405220193
7/7/2014,0.316168946
7/8/2014,0.134773894
7/9/2014,0.047176105
7/10/2014,0.004621941
7/11/2014,0.052907887
7/14/2014,0.230669623
7/15/2014,0.383748774
7/16/2014,0.172374864
7/17/2014,-0.062602474
7/18/2014,-0.181202969
7/21/2014,-0.297267546
7/22/2014,-0.277922431
7/23/2014,-0.310980385
7/24/2014,-0.145336085
7/25/2014,0.133864905
7/28/2014,0.131240338
7/29/2014,0.16979057
7/30/2014,0.233733648
7/31/2014,0.457230439
8/1/2014,0.175857106
8/4/2014,0.432618831
8/5/2014,0.172985696
8/6/2014,-0.184654848
8/7/2014,-0.123188107
8/8/2014,0.019877891
8/11/2014,0.047419827
8/12/2014,0.004120677
8/13/2014,0.019779526
8/14/2014,0.10888055
8/15/2014,-0.028658128
8/18/2014,0.017179814
8/19/2014,0.073236227
8/20/2014,0.075673951
8/21/2014,0.047314658
8/22/2014,0.184481394
8/25/2014,0.120665571
8/26/2014,0.140343167
8/27/2014,0.084861183
8/28/2014,0.073728864
8/29/2014,0.032441446
9/2/2014,-0.026773786
9/3/2014,-0.049393601
9/4/2014,0.025902216
9/5/2014,-0.006027209
9/8/2014,0.145705989
9/9/2014,0.208672793
9/10/2014,0.1131263
9/11/2014,0.121338215
9/12/2014,0.306980137
9/15/2014,0.194208454
9/16/2014,0.255025259
9/17/2014,0.224424865
9/18/2014,0.174520492
9/19/2014,0.014146297
9/22/2014,0.032103176
9/23/2014,0.041049531
9/24/2014,0.054883501
9/25/2014,0.043618606
9/26/2014,0.022124787
9/29/2014,0.053736355
9/30/2014,0.088296061
10/1/2014,0.066292322
10/2/2014,-0.045722763
10/3/2014,-0.014301423
10/6/2014,-0.00539889
10/7/2014,-0.092952779
10/8/2014,-0.223597718
10/9/2014,-0.225176175
10/10/2014,-0.295029956
10/13/2014,-0.464980449
10/14/2014,-0.549789514
10/15/2014,-0.657994379
10/16/2014,-0.728360512
10/17/2014,-0.758269048
10/20/2014,-0.649898709
10/21/2014,-0.589976447
10/22/2014,-0.424819207
10/23/2014,-0.529043603
10/24/2014,-0.587501497
10/27/2014,-0.485274249
10/28/2014,-0.429404493
10/29/2014,-0.297203086
10/30/2014,-0.312422169
10/31/2014,-0.185996869
11/3/2014,-0.029016954
11/4/2014,-0.249607407
11/5/2014,-0.249547808
11/6/2014,-0.424065785
11/7/2014,-0.189463676
11/10/2014,-0.218926612
11/11/2014,-0.239793293
11/12/2014,-0.342787392
11/13/2014,-0.335367612
11/14/2014,-0.298258308
11/17/2014,-0.36611976
11/18/2014,-0.310591688
11/19/2014,-0.305981711
11/20/2014,-0.302713784
11/21/2014,-0.250586642
11/24/2014,-0.236768355
11/25/2014,-0.328368466
11/26/2014,-0.604029095
11/28/2014,-0.47465553
12/1/2014,-0.5532799
12/2/2014,-0.549341434
12/3/2014,-0.389323358
12/4/2014,-0.436127832
12/5/2014,-0.337126308
12/8/2014,-0.320946113
12/9/2014,-0.385868308
12/10/2014,-0.597116065
12/11/2014,-0.897833936
12/12/2014,-1.30822286
12/15/2014,-0.926041062
12/16/2014,-1.095608772
12/17/2014,-0.985272804
12/18/2014,-0.658345189
12/19/2014,-0.68063286
12/22/2014,-0.635827821
12/23/2014,-0.572829152
12/24/2014,-0.298315115
12/26/2014,-0.327909962
12/29/2014,-0.194036548
12/30/2014,-0.409891718
12/31/2014,-0.330307252
1/2/2015,-0.637269823
1/5/2015,-0.649970331
1/6/2015,-1.031064045
1/7/2015,-0.980321909
1/8/2015,-0.891245481
1/9/2015,-0.962567272
1/12/2015,-0.987342989
1/13/2015,-0.827935458
1/14/2015,-0.642766504
1/15/2015,-0.673408772
1/16/2015,-0.46328376
1/20/2015,-0.427273345
1/21/2015,-0.27466175
1/22/2015,-0.30563763
1/23/2015,-0.414646407
1/26/2015,-0.392043722
1/27/2015,-0.463197088
1/28/2015,-0.440869385
1/29/2015,-0.406850276
1/30/2015,-0.292989404
2/2/2015,-0.256184929
2/3/2015,-0.128124787
2/4/2015,-0.445837477
2/5/2015,-0.473394372
2/6/2015,-0.272743221
2/9/2015,-0.36543995
2/10/2015,-0.42620848
2/11/2015,-0.469453509
2/12/2015,-0.458590691
2/13/2015,-0.504841733
2/17/2015,-0.480986062
2/18/2015,-0.427267662
2/19/2015,-0.376308303
2/20/2015,-0.461044666
2/23/2015,-0.415152983
2/24/2015,-0.365981139
2/25/2015,-0.307263144
2/26/2015,-0.225805245
2/27/2015,-0.203364153
3/2/2015,-0.195870944
3/3/2015,-0.253526739
3/4/2015,-0.257499061
3/5/2015,-0.205345758
3/6/2015,-0.189841696
3/9/2015,-0.299997078
3/10/2015,-0.28979202
3/11/2015,-0.268032053
3/12/2015,-0.258398827
3/13/2015,-0.2488402
3/16/2015,-0.230909598
3/17/2015,-0.300394756
3/18/2015,-0.190694376
3/19/2015,-0.212646359
3/20/2015,-0.201456685
3/23/2015,-0.245653087
3/24/2015,-0.268333313
3/25/2015,-0.266086338
3/26/2015,-0.258641369
3/27/2015,-0.24201101
3/30/2015,-0.28391958
3/31/2015,-0.235945071
4/1/2015,-0.275674553
4/2/2015,-0.380605435
4/3/2015,-0.348774391
4/6/2015,-0.356423603
4/7/2015,-0.255595501
4/8/2015,-0.252645684
4/9/2015,-0.251459721
4/10/2015,-0.261618703
4/13/2015,-0.124984752
4/14/2015,-0.288358708
4/15/2015,-0.128889075
4/16/2015,-0.237852431
4/17/2015,-0.305064477
4/20/2015,-0.350520745
4/21/2015,-0.291613565
4/22/2015,-0.133020585
4/23/2015,-0.044420132
4/24/2015,-0.112643188
4/27/2015,-0.19260463
4/28/2015,-0.224782174
4/29/2015,0.104566476
4/30/2015,0.40002797
5/1/2015,0.697145593
5/4/2015,0.592162865
5/5/2015,0.60892023
5/6/2015,0.549091495
5/7/2015,0.478904196
5/8/2015,0.403080693
5/11/2015,0.463770028
5/12/2015,0.518399354
5/13/2015,0.49540204
5/14/2015,0.39341183
5/15/2015,0.02438572
5/18/2015,-0.165415032
5/19/2015,-0.024786881
5/20/2015,0.02184409
5/21/2015,-0.013593298
5/22/2015,0.020928793
5/26/2015,0.019959438
5/27/2015,0.014595712
5/28/2015,-0.023783638
5/29/2015,0.105945321
6/1/2015,0.154511451
6/2/2015,0.417787485
6/3/2015,0.437316702
6/4/2015,0.339650662
6/5/2015,0.379688294
6/8/2015,0.358772393
6/9/2015,0.356528925
6/10/2015,0.393716135
6/11/2015,0.289567856
6/12/2015,0.177709746
6/15/2015,-0.179018855
6/16/2015,-0.251688984
6/17/2015,0.012485752
6/18/2015,-0.084652882
6/19/2015,-0.240267953
6/22/2015,-0.087538156
6/23/2015,-0.046702264
6/24/2015,-0.148606502
6/25/2015,-0.136334701
6/26/2015,-0.17427834
6/29/2015,-0.372137228
6/30/2015,-0.352710876
7/1/2015,-0.274127965
7/2/2015,-0.496997007
7/6/2015,-0.486295425
7/7/2015,-0.438369942
7/8/2015,-0.489284996
7/9/2015,-0.409668561
7/10/2015,-0.427430513
7/13/2015,-0.335412954
7/14/2015,-0.383708509
7/15/2015,-0.262910151
7/16/2015,-0.148446893
7/17/2015,0.199646584
7/20/2015,0.130626291
7/21/2015,0.15652543
7/22/2015,-0.088378726
7/23/2015,-0.111974831
7/24/2015,-0.198771765
7/27/2015,-0.373479245
7/28/2015,-0.0668588
7/29/2015,-0.056665594
7/30/2015,0.072918048
7/31/2015,-0.144464714
8/3/2015,-0.398684149
8/4/2015,-0.008919724
8/5/2015,0.058888868
8/6/2015,0.034721374
8/7/2015,-0.063105292
8/10/2015,-0.082297017
8/11/2015,-0.109120729
8/12/2015,-0.204885399
8/13/2015,-0.204567505
8/14/2015,-0.178275542
8/17/2015,-0.148718226
8/18/2015,-0.093288735
8/19/2015,-0.153540366
8/20/2015,-0.232428677
8/21/2015,-0.389192699
8/24/2015,-0.533618262
8/25/2015,-0.556458533
8/26/2015,-0.414341832
8/27/2015,-0.233403337
8/28/2015,-0.165897428
8/31/2015,-0.104448871
9/1/2015,-0.096289796
9/2/2015,-0.066278005
9/3/2015,0.105147475
9/4/2015,-0.016973353
9/8/2015,0.034855008
9/9/2015,0.016994235
9/10/2015,-0.007740987
9/11/2015,-0.042468883
9/14/2015,-0.098922392
9/15/2015,-0.043633738
9/16/2015,-0.008602953
9/17/2015,-0.018676447
9/18/2015,-0.217240938
9/21/2015,-0.209502481
9/22/2015,-0.399489363
9/23/2015,-0.298260043
9/24/2015,-0.27578513
9/25/2015,-0.181219197
9/28/2015,-0.313286639
9/29/2015,-0.39038547
9/30/2015,-0.137868186
10/1/2015,-5.20E-16
10/2/2015,-0.106244419
10/5/2015,-0.092787437
10/6/2015,-0.08670436
10/7/2015,-0.004955144
10/8/2015,-0.118549572
10/9/2015,-0.092824597
10/12/2015,-0.034145095
10/13/2015,-0.107483144
10/14/2015,-0.114316591
10/15/2015,-0.040852017
10/16/2015,0.05589074
10/19/2015,0.172896345
10/20/2015,0.087616292
10/21/2015,0.067178526
10/22/2015,-0.000906724
10/23/2015,0.026936006
10/26/2015,0.020859492
10/27/2015,-0.038761823
10/28/2015,0.231703312
10/29/2015,0.147475266
10/30/2015,0.175797108
11/2/2015,0.194567824
11/3/2015,0.176475146
11/4/2015,0.24729085
11/5/2015,0.302183886
11/6/2015,-0.030420485
11/9/2015,-0.10805623
11/10/2015,-0.130398004
11/11/2015,-0.112081386
11/12/2015,-0.106519804
11/13/2015,-0.172260533
11/16/2015,-0.197232495
11/17/2015,-0.17592672
11/18/2015,-0.187697114
11/19/2015,-0.13784708
11/20/2015,-0.236093736
11/23/2015,-0.231601311
11/24/2015,-0.238204158
11/25/2015,-0.370086917
11/27/2015,-0.326669269
11/30/2015,-0.284124708
12/1/2015,-0.342193377
12/2/2015,-0.18593318
12/3/2015,-0.097599198
12/4/2015,-0.066031585
12/7/2015,-0.170238392
12/8/2015,-0.022162719
12/9/2015,-0.174009368
12/10/2015,-0.054742318
12/11/2015,-0.21733367
12/14/2015,-0.239801703
12/15/2015,-0.173766131
12/16/2015,-0.101589079
12/17/2015,-0.059292822
12/18/2015,-0.142097869
12/21/2015,-0.009487803
12/22/2015,0.10413229
12/23/2015,-6.85E-15
12/24/2015,-0.05877083
12/28/2015,-0.171595301
12/29/2015,-0.221264739
12/30/2015,-0.099649683
12/31/2015,-0.117020962
1/4/2016,-0.181331507
1/5/2016,-0.14785864
1/6/2016,-0.224155107
1/7/2016,-0.253401966
1/8/2016,-0.262462554
1/11/2016,-0.285743319
1/12/2016,-0.226717427
1/13/2016,-0.341438486
1/14/2016,-0.30189356
1/15/2016,-0.500475917
1/19/2016,-0.383897648
1/20/2016,-0.823829403
1/21/2016,-0.314444977
1/22/2016,-0.30230303
1/25/2016,-0.426638145
1/26/2016,-0.522815331
1/27/2016,-0.390415644
1/28/2016,-0.265716975
1/29/2016,-0.362585652
2/1/2016,-0.123510649
2/2/2016,-0.439456616
2/3/2016,-0.504688808
2/4/2016,-0.340611926
2/5/2016,-0.335161569
2/8/2016,-0.527609095
2/9/2016,-0.596567926
2/10/2016,-0.476087936
2/11/2016,-0.803699299
2/12/2016,-0.652034991
2/16/2016,-0.449968993
2/17/2016,-0.367622622
2/18/2016,-0.458448088
2/19/2016,-0.457712788
2/22/2016,-0.413596646
2/23/2016,-0.359130458
2/24/2016,-0.513627057
2/25/2016,-0.50072468
2/26/2016,-0.392032359
2/29/2016,-0.312573399
3/1/2016,-0.145710473
3/2/2016,-0.105902433
3/3/2016,-0.083058686
3/4/2016,-0.006744381
3/7/2016,-0.02055929
3/8/2016,-0.264724892
3/9/2016,-0.228069925
3/10/2016,-0.191866522
3/11/2016,-0.009704957
3/14/2016,-0.130476108
3/15/2016,-0.064888855
3/16/2016,-0.219476042
3/17/2016,-0.46579862
3/18/2016,-0.546095804
3/21/2016,-0.431973789
3/22/2016,-0.475013655
3/23/2016,-0.451581031
3/24/2016,-0.425051765
3/28/2016,-0.398657612
3/29/2016,-0.398101928
3/30/2016,-0.450765695
3/31/2016,-0.398418875
4/1/2016,-0.767245804
4/4/2016,-0.618044784
4/5/2016,-0.787712712
4/6/2016,-0.511820552
4/7/2016,-0.673642678
4/8/2016,-0.337685594
4/11/2016,-0.386846024
4/12/2016,-0.290280678
4/13/2016,-0.40268534
4/14/2016,-0.32319175
4/15/2016,-0.222098449
4/18/2016,-0.194796806
4/19/2016,-0.198635569
4/20/2016,-0.164576169
4/21/2016,0.409367185
4/22/2016,0.218837833
4/25/2016,-0.126020052
4/26/2016,-0.236680382
4/27/2016,-0.218533127
4/28/2016,-0.523583177
4/29/2016,-0.623980899
5/2/2016,-0.184745187
5/3/2016,-0.338318971
5/4/2016,-0.203661474
5/5/2016,-0.265448392
5/6/2016,-0.146803954
5/9/2016,-0.181676354
5/10/2016,-0.184000973
5/11/2016,-0.308902761
5/12/2016,-0.155653404
5/13/2016,-0.185065473
5/16/2016,-0.29074563
5/17/2016,-0.170573275
5/18/2016,-0.113274584
5/19/2016,-0.150226669
5/20/2016,-0.174081562
5/23/2016,-0.112341407
5/24/2016,-0.144162858
5/25/2016,-0.123717044
5/26/2016,-0.187273639
5/27/2016,-0.158217061
5/31/2016,-0.251659705
6/1/2016,-0.347397275
6/2/2016,-0.331016857
6/3/2016,-0.280084035
6/6/2016,-0.342395466
6/7/2016,-0.322226223
6/8/2016,-0.336662467
6/9/2016,-0.361908119
6/10/2016,-0.486151439
6/13/2016,-0.504961157
6/14/2016,-0.54903895
6/15/2016,-0.55715749
6/16/2016,-0.680777107
6/17/2016,-0.691387328
6/20/2016,-0.550027091
6/21/2016,-0.622061457
6/22/2016,-0.528753871
6/23/2016,-0.418199602
6/24/2016,-0.735977308
6/27/2016,-0.732487606
6/28/2016,-0.468835795
6/29/2016,-0.383930238
6/30/2016,-0.275116731
7/1/2016,0.086498848
7/5/2016,-0.446682344
7/6/2016,-0.316009087
7/7/2016,-0.156326313
7/8/2016,0.033403821
7/11/2016,0.189745311
7/12/2016,0.129206879
7/13/2016,-0.051090685
7/14/2016,0.00031113
7/15/2016,0.120029272
7/18/2016,-0.037748477
7/19/2016,-0.044761074
7/20/2016,0.112269308
7/21/2016,-0.020611807
7/22/2016,-0.049951668
7/25/2016,0.069337322
7/26/2016,0.236523574
7/27/2016,0.19975216
7/28/2016,0.314549334
7/29/2016,0.025803718
8/1/2016,0.349623113
8/2/2016,0.145148753
8/3/2016,0.153809498
8/4/2016,0.225363784
8/5/2016,0.192584565
8/8/2016,0.189488725
8/9/2016,0.417485071
8/10/2016,0.216156874
8/11/2016,0.281606366
8/12/2016,0.138575602
8/15/2016,0.129270734
8/16/2016,0.143863521
8/17/2016,0.166193976
8/18/2016,0.114160147
8/19/2016,0.147039183
8/22/2016,0.155315582
8/23/2016,0.154143416
8/24/2016,-0.173495221
8/25/2016,-0.062079699
8/26/2016,-0.017178278
8/29/2016,0.070365057
8/30/2016,0.114948811
8/31/2016,0.077783068
9/1/2016,0.133626619
9/2/2016,0.123187664
9/6/2016,0.086372688
9/7/2016,0.057895501
9/8/2016,0.123902987
9/9/2016,0.189809217
9/12/2016,0.256986822
9/13/2016,0.136821486
9/14/2016,0.169561367
9/15/2016,0.040409097
9/16/2016,-0.026076003
9/19/2016,-0.082219169
9/20/2016,-0.01010283
9/21/2016,-0.013146204
9/22/2016,-0.069724222
9/23/2016,0.02910534
9/26/2016,-0.264525945
9/27/2016,-0.332885113
9/28/2016,-0.399438524
9/29/2016,-0.641542904
9/30/2016,-0.808035053
10/3/2016,-0.544422836
10/4/2016,-0.005220739
10/5/2016,0.061708076
10/6/2016,-0.134937264
10/7/2016,-0.06766806
10/10/2016,-0.14630165
10/11/2016,-0.099247767
10/12/2016,-0.101596194
10/13/2016,-0.126052487
10/14/2016,0.141327776
10/17/2016,0.030906372
10/18/2016,0.108145369
10/19/2016,-0.089612022
10/20/2016,0.305486365
10/21/2016,0.389535528
10/24/2016,0.47762669
10/25/2016,0.388180139
10/26/2016,0.38552702
10/27/2016,0.354039212
10/28/2016,0.148915856
10/31/2016,0.182225548
11/1/2016,-0.116107467
11/2/2016,0.396718592
11/3/2016,0.229492833
11/4/2016,0.234185119
11/7/2016,-0.192054846
11/8/2016,-0.480874853
11/9/2016,0.798342669
11/10/2016,0.941098118
11/11/2016,0.041989872
11/14/2016,0.245779393
11/15/2016,0.138080171
11/16/2016,0.120205346
11/17/2016,0.097373397
11/18/2016,0.274344419
11/21/2016,0.295476573
11/22/2016,-0.039417422
11/23/2016,0.222114474
11/25/2016,0.282139204
11/28/2016,0.179669549
11/29/2016,0.312747099
11/30/2016,0.389133491
12/1/2016,0.389981642
12/2/2016,0.208942942
12/5/2016,0.393806268
12/6/2016,0.355616103
12/7/2016,0.215933253
12/8/2016,0.234610941
12/9/2016,0.364488589
12/12/2016,0.405539914
12/13/2016,0.331779381
12/14/2016,0.52387245
12/15/2016,0.313265163
12/16/2016,0.172596983
12/19/2016,0.177266266
12/20/2016,0.20400905
12/21/2016,0.208401833
12/22/2016,0.12346335
12/23/2016,0.138726282
12/27/2016,0.150487009
12/28/2016,0.229413088
12/29/2016,0.176666654
12/30/2016,0.200566817
1/3/2017,0.302587274
1/4/2017,0.135869987
1/5/2017,-0.035272872
1/6/2017,0.045589076
1/9/2017,-0.213842623
1/10/2017,-0.128072188
1/11/2017,-0.163008338
1/12/2017,-0.256745839
1/13/2017,-0.150939834
1/17/2017,-0.13274079
1/18/2017,0.041502806
1/19/2017,0.121346692
1/20/2017,0.030089607
1/23/2017,-0.083062184
1/24/2017,-0.287638611
1/25/2017,-0.275616757
1/26/2017,-0.208950444
1/27/2017,-0.334719779
1/30/2017,-0.485716144
1/31/2017,-0.342872508
2/1/2017,-0.069207996
2/2/2017,0.076741525
2/3/2017,0.23415859
2/6/2017,-0.288284937
2/7/2017,-0.585501401
2/8/2017,-0.345439759
2/9/2017,0.057813685
2/10/2017,-0.140892598
2/13/2017,-0.168477256
2/14/2017,-0.252813483
2/15/2017,-0.293706817
2/16/2017,-0.74008089
2/17/2017,-0.584205967
2/21/2017,-0.662332175
2/22/2017,-0.54561851
2/23/2017,-0.573518156
2/24/2017,-0.661711753
2/27/2017,-0.47427618
2/28/2017,-0.303780029
3/1/2017,-0.230250206
3/2/2017,-0.099379529
3/3/2017,-0.176803561
3/6/2017,-0.103889503
3/7/2017,-0.231697329
3/8/2017,-0.165727126
3/9/2017,-0.156978035
3/10/2017,-0.174319516
3/13/2017,-0.134431411
3/14/2017,0.008947158
3/15/2017,-0.027627725
3/16/2017,0.032278809
3/17/2017,-0.128477882
3/20/2017,-0.190649541
3/21/2017,-0.221155989
3/22/2017,-0.393854484
3/23/2017,-0.270815088
3/24/2017,-0.380875581
3/27/2017,-0.46820775
3/28/2017,-0.349540406
3/29/2017,-0.254952484
3/30/2017,-0.236742576
3/31/2017,-0.320834139
4/3/2017,-0.624606006
4/4/2017,-0.688945868
4/5/2017,-0.499967623
4/6/2017,-0.602318959
4/7/2017,-0.629047031
4/10/2017,-0.832348672
4/11/2017,-0.958048565
4/12/2017,-0.807734598
4/13/2017,-0.696480313
4/17/2017,-0.574310201
4/18/2017,-0.485438149
4/19/2017,-0.419348445
4/20/2017,-0.422976169
4/21/2017,-0.637072265
4/24/2017,-0.564254205
4/25/2017,-0.440839814
4/26/2017,-0.220867147
4/27/2017,-0.323113463
4/28/2017,-0.252335392
5/1/2017,-0.469895701
5/2/2017,-0.394592476
5/3/2017,-0.427236941
5/4/2017,-0.926386481
5/5/2017,-0.64519815
5/8/2017,-0.123996361
5/9/2017,-0.252491686
5/10/2017,-0.154274581
5/11/2017,-0.356854487
5/12/2017,-0.369450696
5/15/2017,-0.299553797
5/16/2017,-0.297802676
5/17/2017,-0.483079102
5/18/2017,-0.380650869
5/19/2017,-0.339806935
5/22/2017,-0.300752608
5/23/2017,-0.207664517
5/24/2017,-0.203434808
5/25/2017,-0.166224813
5/26/2017,-0.211154202
5/30/2017,-0.141566166
5/31/2017,-0.216196278
6/1/2017,-0.206035683
6/2/2017,-0.303552743
6/5/2017,-0.325415118
6/6/2017,-0.330318733
6/7/2017,-0.33004316
6/8/2017,-0.337279616
6/9/2017,-0.232340664
6/12/2017,-0.241283558
6/13/2017,-0.214421308
6/14/2017,-0.103719156
6/15/2017,-0.193958469
6/16/2017,-0.331425755
6/19/2017,-0.117594401
6/20/2017,-0.031883075
6/21/2017,-0.01318652
6/22/2017,0.147686967
6/23/2017,-0.069848011
6/26/2017,0.118483745
6/27/2017,0.395253992
6/28/2017,0.419269622
6/29/2017,0.448886118
6/30/2017,0.620887739
7/3/2017,0.524387775
7/5/2017,0.449835976
7/6/2017,0.308322184
7/7/2017,0.550395181
7/10/2017,0.103115767
7/11/2017,-0.049729364
7/12/2017,0.216606929
7/13/2017,0.144325908
7/14/2017,-0.019803401
7/17/2017,0.040791755
7/18/2017,-0.059956299
7/19/2017,-0.092460893
7/20/2017,0.101042109
7/21/2017,0.003845158
7/24/2017,0.067043197
7/25/2017,0.051998149
7/26/2017,0.221868192
7/27/2017,0.191059076
7/28/2017,0.115837331
7/31/2017,0.209051081
8/1/2017,0.029643635
8/2/2017,0.201899705
8/3/2017,0.191923239
8/4/2017,0.432086726
8/7/2017,0.271498042
8/8/2017,0.336882957
8/9/2017,-0.230973198
8/10/2017,-0.963639734
8/11/2017,-0.337845235
8/14/2017,-0.278435096
8/15/2017,-0.1287935
8/16/2017,-0.255956505
8/17/2017,-0.363919818
8/18/2017,-0.360885209
8/21/2017,-0.257112937
8/22/2017,-0.258987208
8/23/2017,-0.296704321
8/24/2017,-0.268439173
8/25/2017,-0.317278513
8/28/2017,-0.374004978
8/29/2017,-0.471282188
8/30/2017,-0.350988308
8/31/2017,-0.369546657
9/1/2017,-0.277925251
9/5/2017,-0.281877136
9/6/2017,-0.361790855
9/7/2017,-0.535672043
9/8/2017,-0.529311599
9/11/2017,-0.453837666
9/12/2017,-0.164159152
9/13/2017,-0.138377267
9/14/2017,-0.416010401
9/15/2017,-0.415231317
9/18/2017,-0.176051441
9/19/2017,-0.163635695
9/20/2017,-0.091617605
9/21/2017,-0.382659599
9/22/2017,-0.371440297
9/25/2017,-0.454107691
9/26/2017,-0.396850556
9/27/2017,-0.317515272
9/28/2017,-0.39761156
9/29/2017,-0.604049616
10/2/2017,-0.355452647
10/3/2017,-0.079780378
10/4/2017,-0.31661809
10/5/2017,-0.184904491
10/6/2017,-0.466010469
10/9/2017,-0.149421638
10/10/2017,-0.028166642
10/11/2017,-0.22016073
10/12/2017,-0.266762003
10/13/2017,-0.245143992
10/16/2017,-0.241766973
10/17/2017,-0.562440116
10/18/2017,-0.45547181
10/19/2017,-0.394246225
10/20/2017,-0.040398478
10/23/2017,0.139034393
10/24/2017,0.083309827
10/25/2017,0.156417627
10/26/2017,0.143058682
10/27/2017,0.108759711
10/30/2017,0.102948668
10/31/2017,0.126795189
11/1/2017,0.28307668
11/2/2017,0.057533578
11/3/2017,0.055525389
11/6/2017,-0.040320521
11/7/2017,-0.124547149
11/8/2017,0.228939241
11/9/2017,-0.303027785
11/10/2017,-0.176053225
11/13/2017,-0.100500347
11/14/2017,-0.054705788
11/15/2017,-0.21464577
11/16/2017,-0.043125217
11/17/2017,-0.108278691
11/20/2017,-0.073155707
11/21/2017,-0.070308405
11/22/2017,-0.179110694
11/24/2017,-0.192498594
11/27/2017,-0.100883602
11/28/2017,-0.145488772
11/29/2017,-0.102019889
11/30/2017,0.037768671
12/1/2017,-0.411875437
12/4/2017,-0.209686462
12/5/2017,-0.457876474
12/6/2017,-0.401252784
12/7/2017,-0.251261685
12/8/2017,-0.145495686
12/11/2017,-0.081492636
12/12/2017,-0.095693679
12/13/2017,-0.215692069
12/14/2017,-0.140418359
12/15/2017,-0.196037673
12/18/2017,-0.309449232
12/19/2017,-0.129460939
12/20/2017,-0.031426622
12/21/2017,-0.022836498
12/22/2017,0.165473683
12/26/2017,0.120673632
12/27/2017,-0.03014097
12/28/2017,0.070375866
12/29/2017,-0.262551784
1/2/2018,-0.028224236
1/3/2018,-0.003458957
1/4/2018,-0.052261413
1/5/2018,-0.176411471
1/8/2018,-0.025046879
1/9/2018,-0.129889764
1/10/2018,0.056982258
1/11/2018,0.173989768
1/12/2018,0.27761424
1/16/2018,-0.002607047
1/17/2018,-0.110858744
1/18/2018,-0.002980813
1/19/2018,0.110600941
1/22/2018,0.187682564
1/23/2018,0.185513869
1/24/2018,0.311331517
1/25/2018,0.116381991
1/26/2018,0.750613873
1/29/2018,0.310828038
1/30/2018,0.19978548
1/31/2018,0.30264258
2/1/2018,0.190675522
2/2/2018,0.212769314
2/5/2018,-0.142126694
2/6/2018,-0.649392804
2/7/2018,-0.178076008
2/8/2018,0.0285957
2/9/2018,-0.45745457
2/12/2018,-0.335480306
2/13/2018,-0.320584117
2/14/2018,-0.235316359
2/15/2018,-0.224017145
2/16/2018,-0.222925968
2/20/2018,-0.394194475
2/21/2018,-0.382523048
2/22/2018,-0.423062276
2/23/2018,-0.492885634
2/26/2018,-0.400217385
2/27/2018,-0.267122131
2/28/2018,-0.418792569
3/1/2018,-0.350482642
3/2/2018,-0.069348456
3/5/2018,-0.20294585
3/6/2018,-0.186411162
3/7/2018,-0.238373952
3/8/2018,-0.220876547
3/9/2018,-0.178356249
3/12/2018,-0.125249903
3/13/2018,-0.227205543
3/14/2018,-0.280488796
3/15/2018,-0.286781589
3/16/2018,0.035468022
3/19/2018,-0.075546619
3/20/2018,-0.086424111
3/21/2018,-0.03550679
3/22/2018,-0.193888176
3/23/2018,-0.287901348
3/26/2018,-0.212651086
3/27/2018,-0.398626641
3/28/2018,-0.42147856
3/29/2018,-0.544756172
4/2/2018,-0.495089757
4/3/2018,-0.131737814
4/4/2018,-0.117775373
4/5/2018,0.047623566
4/6/2018,-0.230289167
4/9/2018,-0.287615769
4/10/2018,-0.110626164
4/11/2018,-0.334152562
4/12/2018,-0.225652473
4/13/2018,-0.075821587
4/16/2018,-0.043637677
4/17/2018,-0.210268087
4/18/2018,0.059715242
4/19/2018,0.138951369
4/20/2018,0.087895633
4/23/2018,-0.028828052
4/24/2018,0.077785871
4/25/2018,0.411665177
4/26/2018,0.22493789
4/27/2018,0.363341832
4/30/2018,-0.100156247
5/1/2018,0.129359861
5/2/2018,0.084323069
5/3/2018,-0.078937595
5/4/2018,0.190568448
5/7/2018,-0.071162675
5/8/2018,0.343616229
5/9/2018,0.349695675
5/10/2018,0.089479524
5/11/2018,-0.22736584
5/14/2018,0.03104631
5/15/2018,0.069301993
5/16/2018,0.063373364
5/17/2018,-0.024126001
5/18/2018,-0.15535847
5/21/2018,0.143060647
5/22/2018,-0.041077384
5/23/2018,-0.237844486
5/24/2018,-0.11749302
5/25/2018,-0.091119928
5/29/2018,-0.470618139
5/30/2018,-0.750309278
5/31/2018,-0.149995362
6/1/2018,-0.171192735
6/4/2018,-0.035339978
6/5/2018,-0.231906906
6/6/2018,0.109696834
6/7/2018,-0.414695845
6/8/2018,-0.474138055
6/11/2018,-0.150480708
6/12/2018,0.064248182
6/13/2018,0.227556229
6/14/2018,0.085018735
6/15/2018,-0.132024848
6/18/2018,-0.145932225
6/19/2018,-0.130359857
6/20/2018,-0.19759048
6/21/2018,-0.376402059
6/22/2018,-0.174721046
6/25/2018,-0.385285641
6/26/2018,-0.377423639
6/27/2018,-0.488110248
6/28/2018,-0.108957018
6/29/2018,-0.287896681
7/2/2018,-0.147160473
7/3/2018,-0.356250671
7/5/2018,-0.262875842
7/6/2018,-0.39100719
7/9/2018,-0.30744828
7/10/2018,0.229341023
7/11/2018,-0.219218294
7/12/2018,0.003627779
7/13/2018,-0.165021781
7/16/2018,-0.22437265
7/17/2018,0.161655448
7/18/2018,0.074235609
7/19/2018,-0.025372654
7/20/2018,-0.300198693
7/23/2018,-0.125414444
7/24/2018,0.105158416
7/25/2018,0.210722832
7/27/2018,0.294807164
7/30/2018,0.208632639
7/31/2018,0.086788598
8/1/2018,0.115485969
8/2/2018,0.15196552
8/3/2018,-0.074782709
8/6/2018,-0.032048516
8/7/2018,-0.08840419
8/8/2018,-1.38E-13
8/9/2018,-0.092882596
8/10/2018,-0.665178143
8/13/2018,-0.509747405
8/14/2018,-0.148177118
8/15/2018,-0.518587829
8/16/2018,-0.150432742
8/17/2018,-0.478469333
8/20/2018,-0.444071231
8/21/2018,-0.234300116
8/22/2018,-0.467493843
8/23/2018,-0.406509551
8/24/2018,-0.257098608
8/27/2018,-0.300947029
8/28/2018,-0.295396722
8/29/2018,-0.201766166
8/30/2018,-0.328097907
8/31/2018,-0.342473919
9/4/2018,-0.325464686
9/5/2018,-0.347669808
9/6/2018,-0.28593463
9/7/2018,-0.348781842
9/10/2018,-0.265681461
9/11/2018,-0.17767474
9/12/2018,-0.275312555
9/13/2018,-0.297594252
9/14/2018,-0.057833279
9/17/2018,-0.095589126
9/18/2018,-0.000264153
9/19/2018,0.028875003
9/20/2018,-0.103456968
9/21/2018,-0.198714212
9/24/2018,-0.133374803
9/25/2018,-0.149596102
9/26/2018,-0.026134054
9/27/2018,-0.187917776
9/28/2018,-0.176718288
10/1/2018,-0.082868729
10/2/2018,-0.210487864
10/3/2018,-0.106139415
10/4/2018,0.361049006
10/5/2018,0.253272283
10/8/2018,0.220608007
10/9/2018,0.076193875
10/10/2018,0.229285253
10/11/2018,-0.274851248
10/12/2018,-0.37690194
10/15/2018,0.071097117
10/16/2018,0.181435138
10/17/2018,0.100724581
10/18/2018,-0.128798893
10/19/2018,0.117017772
10/22/2018,-0.074072839
10/23/2018,-0.247767772
10/24/2018,-0.144179168
10/25/2018,-0.279242663
10/26/2018,-0.396369033
10/29/2018,-0.622065371
10/30/2018,-0.467803473
10/31/2018,-0.115815233
11/1/2018,-0.253126955
11/2/2018,-0.109465541
11/5/2018,-0.166429848
11/6/2018,0.203383612
11/7/2018,0.236821774
11/8/2018,0.113473036
11/9/2018,-0.32222974
11/12/2018,-0.431992016
11/13/2018,-0.242185401
11/14/2018,-0.3646781
11/15/2018,-0.249735586
11/16/2018,-0.279135078
11/19/2018,-0.393586255
11/20/2018,-0.364749936
11/21/2018,-0.26085902
11/23/2018,-0.374736642
11/26/2018,-0.16117474
11/27/2018,-0.348387332
11/28/2018,-0.180291728
11/29/2018,-0.05466215
11/30/2018,-0.141599612
12/3/2018,-0.355523843
12/4/2018,-0.344092801
12/5/2018,-0.344091147
12/6/2018,-0.890007301
12/7/2018,-1.059422286
12/10/2018,-0.796321039
12/11/2018,-0.620932862
12/12/2018,-0.422049032
12/13/2018,-0.40239515
12/14/2018,-0.471853729
12/17/2018,-0.847810186
12/18/2018,-0.618264983
12/19/2018,-0.472248419
12/20/2018,-0.782175721
12/21/2018,-0.743824398
12/24/2018,-1.199445491
12/26/2018,-1.012209967
12/27/2018,-1.101421137
12/28/2018,-1.023181477
12/31/2018,-0.867535161
1/2/2019,-0.358532134
1/3/2019,-1.331717885
1/4/2019,-0.645116151
1/7/2019,-0.697816055
1/8/2019,-0.927416851
1/9/2019,-0.808756281
1/10/2019,-0.472535531
1/11/2019,-0.482139359
1/14/2019,-0.35426762
1/15/2019,-0.439891876
1/16/2019,-0.800184838
1/17/2019,-0.25566361
1/18/2019,-0.400960616
1/22/2019,-0.701131341
1/23/2019,-0.972472527
1/24/2019,-0.236271371
1/25/2019,-0.384151585
1/28/2019,-0.272353726
1/29/2019,-0.476133294
1/30/2019,-0.235818727
1/31/2019,-0.471471295
2/1/2019,-0.361819931
2/4/2019,-0.115265623
2/5/2019,-0.446055047
2/6/2019,-0.314342706
2/7/2019,-0.423161965
2/8/2019,-0.446921828
2/11/2019,-0.415819531
2/12/2019,-0.537726301
2/13/2019,-0.539839806
2/14/2019,-0.653693699
2/15/2019,-0.655621306
2/19/2019,-0.607995288
2/20/2019,-0.495105018
2/21/2019,-0.48996086
2/22/2019,-0.723524026
2/25/2019,-0.457179405
2/26/2019,-0.657772484
2/27/2019,-0.473704178
2/28/2019,-0.508760714
3/1/2019,-0.334558233
3/4/2019,-0.302575543
3/5/2019,-0.49642916
3/6/2019,-0.056347799
3/7/2019,-0.344252225
3/8/2019,-0.525811873
3/11/2019,-0.454986142
3/12/2019,-0.823112459
3/13/2019,-0.459992212
3/14/2019,-0.489210675
3/15/2019,-0.611356526
3/18/2019,-0.840875343
3/19/2019,-0.587072225
3/20/2019,-0.9720811
3/21/2019,-0.640775973
3/22/2019,-1.504430618
3/25/2019,-1.54028122
3/26/2019,-1.335425013
3/27/2019,-1.29172256
3/28/2019,-1.309616767
3/29/2019,-1.289242872
4/1/2019,-0.731643882
4/2/2019,-0.966571632
4/3/2019,-0.688805573
4/4/2019,-0.676123372
4/5/2019,-0.815635641
4/8/2019,-0.394652998
4/9/2019,-0.65920626
4/10/2019,-0.540776487
4/11/2019,-0.559342903
4/12/2019,-0.228419591
4/15/2019,-0.149779492
4/16/2019,-0.205016631
4/17/2019,-0.192845897
4/18/2019,-0.168529342
4/22/2019,-0.346219359
4/23/2019,-0.12619878
4/24/2019,-0.275090535
4/25/2019,-0.209589785
4/26/2019,-0.169662007
4/29/2019,-0.111586604
4/30/2019,-0.328960539
5/1/2019,-0.301099127
5/2/2019,-0.406386744
5/3/2019,-0.089623001
5/6/2019,-0.698267497
5/7/2019,-0.624083333
5/8/2019,-0.710151484
5/9/2019,-0.647449747
5/10/2019,-0.614668187
5/13/2019,-0.759997136
5/14/2019,-0.793297598
5/15/2019,-0.875064143
5/16/2019,-0.904566646
5/17/2019,-0.783655157
5/20/2019,-0.680132447
5/21/2019,-0.73342984
5/22/2019,-0.639318029
5/23/2019,-0.812352337
5/24/2019,-0.838501066
5/28/2019,-0.953283715
5/29/2019,-0.880281236
5/30/2019,-0.864869649
5/31/2019,-1.026240289
6/3/2019,-0.978317429
6/4/2019,-0.780695451
6/5/2019,-0.676859643
6/6/2019,-0.473838123
6/7/2019,-0.675782412
6/10/2019,-0.589900603
6/11/2019,-0.781320774
6/12/2019,-0.701807273
6/13/2019,-0.901387651
6/14/2019,-0.944065575
6/17/2019,-0.679213083
6/18/2019,-0.561646828
6/19/2019,-0.42254818
6/20/2019,-0.792274515
6/21/2019,-0.337394309
6/24/2019,-0.220448227
6/25/2019,-0.312119003
6/26/2019,-0.275329491
6/27/2019,-0.2113095
6/28/2019,-0.318827998
7/1/2019,-0.215704915
7/2/2019,-0.491397675
7/3/2019,-0.26521077
7/5/2019,0.031452143
7/8/2019,0.144551686
7/9/2019,-0.07656425
7/10/2019,-0.275154955
7/11/2019,0.268294713
7/12/2019,0.047762424
7/15/2019,0.022639599
7/16/2019,0.043554022
7/17/2019,-0.018341654
7/18/2019,-0.357413338
7/19/2019,-0.058505199
7/22/2019,0.018844512
7/23/2019,0.052466388
7/24/2019,-0.212166756
7/25/2019,-0.044350646
7/26/2019,0.170302863
7/29/2019,-0.134098878
7/30/2019,-0.049528668
7/31/2019,0.007090026
8/1/2019,-0.760342044
8/2/2019,-0.924370035
8/5/2019,-0.920311455
8/6/2019,-1.004684092
8/7/2019,-0.997926733
8/8/2019,-0.850823377
8/9/2019,-0.518904915
8/12/2019,-0.716997613
8/13/2019,-0.830251286
8/14/2019,-0.685133287
8/15/2019,-0.762060335
8/16/2019,-0.628255631
8/19/2019,-0.370713255
8/20/2019,-0.396204682
8/21/2019,-0.438970293
8/22/2019,-0.442534225
8/23/2019,-0.566675287
8/26/2019,-0.46730066
8/27/2019,-0.463402632
8/28/2019,-0.449981968
8/29/2019,-0.396081937
8/30/2019,-0.34278794
9/3/2019,-0.45756556
9/4/2019,-0.418647205
9/5/2019,-0.222347904
9/6/2019,-0.300635266
9/9/2019,-0.262098824
9/10/2019,-0.230835666
9/11/2019,-0.096586379
9/12/2019,0.03662552
9/13/2019,-0.069911071
9/16/2019,-0.305060813
9/17/2019,-0.128949616
9/18/2019,-0.154894513
9/19/2019,-0.34080982
9/20/2019,-0.398758896
9/23/2019,-0.288891294
9/24/2019,-0.321251683
9/25/2019,-0.031964762
9/26/2019,-0.181463164
9/27/2019,-0.359822983
9/30/2019,-0.380329771
10/1/2019,-0.350173338
10/2/2019,-0.269694647
10/3/2019,-0.305114122
10/4/2019,-0.289504923
10/7/2019,-0.43127534
10/8/2019,-0.334193885
10/9/2019,-0.336423372
10/10/2019,-0.462393365
10/11/2019,-0.374971502
10/14/2019,-0.200476181
10/15/2019,-0.030921908
10/16/2019,-0.03408733
10/17/2019,-0.134805216
10/18/2019,-0.286100986
10/21/2019,-0.102230337
10/22/2019,-0.150865453
10/23/2019,-0.166892621
10/24/2019,-0.12112287
10/25/2019,0.042743179
10/28/2019,0.125740341
10/29/2019,0.121657292
10/30/2019,0.010604678
10/31/2019,-0.264003166
11/1/2019,-0.167483189
11/4/2019,-0.052759361
11/5/2019,-0.096393801
11/6/2019,-0.289724023
11/7/2019,0.637799168
11/8/2019,-0.019182499
11/11/2019,-0.066244398
11/12/2019,-0.147016322
11/13/2019,-0.119971031
11/14/2019,-0.269362684
11/15/2019,-0.225756552
11/18/2019,-0.254239505
11/19/2019,-0.278550529
11/20/2019,-0.374506264
11/21/2019,-0.260882611
11/22/2019,-0.349734698
11/25/2019,-0.347856559
11/26/2019,-0.183344166
11/27/2019,-0.403328174
11/29/2019,-0.292759044
12/2/2019,-0.234448344
12/3/2019,-0.285426721
12/4/2019,-0.412329954
12/5/2019,-0.180973008
12/6/2019,-0.285781257
12/9/2019,-0.524019435
12/10/2019,-0.476781648
12/11/2019,-0.312455332
12/12/2019,-0.449245954
12/13/2019,-0.333083678
12/16/2019,-0.112334707
12/17/2019,-0.20797155
12/18/2019,-0.196376631
12/19/2019,-0.005521047
12/20/2019,-0.035869058
12/23/2019,-0.072476367
12/24/2019,-0.011626716
12/26/2019,-0.103064089
12/27/2019,-0.141914498
12/30/2019,-0.288491799
12/31/2019,-0.125095355
1/2/2020,-0.107527473
1/3/2020,-0.447496617
1/6/2020,-0.578201661
1/7/2020,-0.312888283
1/8/2020,-0.420796995
1/9/2020,-0.393687622
1/10/2020,-0.331492459
1/13/2020,-0.357679043
1/14/2020,-0.163873373
1/15/2020,-0.23793488
1/16/2020,-0.272472989
1/17/2020,-0.253246836
1/21/2020,-0.460871531
1/22/2020,-0.573533332
1/23/2020,-0.431820219
1/24/2020,-0.332645652
1/27/2020,-0.524163402
1/28/2020,-0.570640475
1/29/2020,-0.535631231
1/30/2020,-0.357717702
1/31/2020,-0.612325097
2/3/2020,-0.513965657
2/4/2020,-0.630883308
2/5/2020,-0.3654547
2/6/2020,-0.393008154
2/7/2020,-0.591583521
2/10/2020,-0.61306504
2/11/2020,-0.563755474
2/12/2020,-0.615409448
2/13/2020,-0.58399847
2/14/2020,-0.639193229
2/18/2020,-0.536685601
2/19/2020,-0.456492258
2/20/2020,-0.596321296
2/21/2020,-0.533448573
2/24/2020,-0.769622963
2/25/2020,-0.61649495
2/26/2020,-0.724727995
2/27/2020,-0.616626353
2/28/2020,-0.836055035
3/2/2020,-0.809026937
3/3/2020,-0.747460275
3/4/2020,-0.539912608
3/5/2020,-0.553045849
3/6/2020,-1.323953031
3/9/2020,-1.28570217
3/10/2020,-1.007836346
3/11/2020,-0.834113483
3/12/2020,-1.273057245
3/13/2020,-1.011150403
3/16/2020,-1.089888289
3/17/2020,-0.354813829
3/18/2020,0.581233892
3/19/2020,0.347242479
3/20/2020,0.052556262
3/23/2020,0.311552524
3/24/2020,0.614233061
3/25/2020,0.137660969
3/26/2020,-0.130074424
3/27/2020,-0.398444965
3/30/2020,-0.259748072
3/31/2020,0.108929749
4/1/2020,-0.070946513
4/2/2020,-0.159281781
4/3/2020,-0.366277002
4/6/2020,-0.14130879
4/7/2020,0.076217283
4/8/2020,0.22717614
4/9/2020,0.234980442
4/13/2020,0.003469137
4/14/2020,0.064491933
4/15/2020,-1.114717337
4/16/2020,-0.673129372
4/17/2020,-0.597151436
4/20/2020,-0.263733304
4/21/2020,-0.471271374
4/22/2020,-0.977117754
4/23/2020,-0.799164298
4/24/2020,-0.993696365
4/27/2020,-0.078853511
4/28/2020,-0.176477279
4/29/2020,0.126277259
4/30/2020,-0.129157411
5/1/2020,-0.473178439
5/4/2020,-0.658383334
5/5/2020,0.014744995
5/6/2020,-0.085067626
5/7/2020,-0.777418618
5/8/2020,-0.262638059
5/11/2020,0.031258564
5/12/2020,-0.24154211
5/13/2020,-0.610579962
5/14/2020,-0.278711626
5/15/2020,-0.354043446
5/18/2020,-0.020725286
5/19/2020,-0.065732584
5/20/2020,-0.528474143
5/21/2020,-0.636986962
5/22/2020,-0.669627802
5/26/2020,-0.517253952
5/27/2020,-0.289490093
5/28/2020,-0.003613126
5/29/2020,-0.507593169
6/1/2020,-0.568111037
6/2/2020,-0.516676966
6/3/2020,0.060803973
6/4/2020,0.304092273
6/5/2020,0.104202163
6/8/2020,-0.039368727
6/9/2020,-0.110913284
6/10/2020,-0.402015184
6/11/2020,-0.794811253
6/12/2020,-1.086713332
6/15/2020,-0.954593935
6/16/2020,-0.776610201
6/17/2020,-0.790945084
6/18/2020,-0.432467507
6/19/2020,-0.371935648
6/22/2020,-0.179913517
6/23/2020,-0.403258193
6/24/2020,-0.638113298
6/25/2020,-0.614083885
6/26/2020,-0.843811482
6/29/2020,-0.677345268
6/30/2020,-0.271168588
7/1/2020,-0.2272048
7/2/2020,-0.234568346
7/6/2020,0.130091208
7/7/2020,-0.161273566
7/8/2020,0.284638736
7/9/2020,-0.350992432
7/10/2020,0.03642484
7/13/2020,0.222463358
7/14/2020,-0.494973257
7/15/2020,-0.116763162
7/16/2020,-0.256426581
7/17/2020,0.611229642
7/20/2020,0.665655732
7/21/2020,0.284327785
7/22/2020,0.10561671
7/23/2020,0.338514958
7/24/2020,0.382447106
7/27/2020,0.307899085
7/28/2020,0.029366185
7/29/2020,0.068897062
7/30/2020,-0.773447345
7/31/2020,-0.502506096
8/3/2020,-0.11947466
8/4/2020,-0.705343226
8/5/2020,-0.208715735
8/6/2020,-0.243344595
8/7/2020,0.28260206
8/10/2020,0.35120522
8/11/2020,0.738597566
8/12/2020,0.555241439
8/13/2020,0.605714072
8/14/2020,0.351961045
8/17/2020,0.15702602
8/18/2020,-0.038208988
8/19/2020,0.521074141
8/20/2020,0.498091269
8/21/2020,0.52305876
8/24/2020,0.488775789
8/25/2020,0.446753277
8/26/2020,0.497666708
8/27/2020,0.476085172
8/28/2020,0.430381924
8/31/2020,0.196543873
9/1/2020,0.217366679
9/2/2020,0.131529628
9/3/2020,0.111633972
9/4/2020,0.232438314
9/8/2020,0.14833981
9/9/2020,0.343945131
9/10/2020,0.436958059
9/11/2020,0.516576518
9/14/2020,0.602153842
9/15/2020,0.562828985
9/16/2020,0.702586165
9/17/2020,0.948494995
9/18/2020,0.812630805
9/21/2020,0.763298919
9/22/2020,0.637392937
9/23/2020,0.772256534
9/24/2020,0.582611603
9/25/2020,0.607051952
9/28/2020,0.566051663
9/29/2020,0.70082276
9/30/2020,0.608365585
10/1/2020,0.561176676
10/2/2020,0.57590086
10/5/2020,0.673459499
10/6/2020,0.742965289
10/7/2020,0.324539316
10/8/2020,0.450766771
10/9/2020,0.461134312
10/12/2020,0.335718832
10/13/2020,0.354017851
10/14/2020,0.372868148
10/15/2020,0.524037638
10/16/2020,0.467820395
10/19/2020,0.521065668
10/20/2020,0.159320494
10/21/2020,0.435435799
10/22/2020,0.342453955
10/23/2020,0.336155819
10/26/2020,0.305407982
10/27/2020,0.644004169
10/28/2020,0.486258229
10/29/2020,0.374171041
10/30/2020,0.514797327
11/2/2020,0.281723874
11/3/2020,0.376369109
11/4/2020,0.430608334
11/5/2020,0.582424117
11/6/2020,0.594927707
11/9/2020,0.665893085
11/10/2020,0.688997244
11/11/2020,0.651470706
11/12/2020,0.776261396
11/13/2020,0.709551196
11/16/2020,0.708907596
11/17/2020,0.530529484
11/18/2020,0.709525663
11/19/2020,0.746506371
11/20/2020,0.604215302
11/23/2020,0.71911378
11/24/2020,0.713691874
11/25/2020,0.885586043
11/27/2020,0.577854511
11/30/2020,0.641882517
12/1/2020,0.732901348
12/2/2020,0.645515457
12/3/2020,0.649270743
12/4/2020,0.667855268
12/7/2020,0.872283199
12/8/2020,0.755206054
12/9/2020,0.777421935
12/10/2020,0.967874756
12/11/2020,0.785415393
12/14/2020,1.037203531
12/15/2020,0.757299753
12/16/2020,0.71583621
12/17/2020,0.711386513
12/18/2020,0.643423266
12/21/2020,0.604864796
12/22/2020,0.45994594
12/23/2020,0.469905571
12/24/2020,0.532248871
12/28/2020,0.577608946
12/29/2020,0.470107527
12/30/2020,0.462079359
12/31/2020,0.562711962
1/4/2021,0.621912922
1/5/2021,0.568173079
1/6/2021,0.628152071
1/7/2021,0.62805989
1/8/2021,0.655389849
1/11/2021,0.889075276
1/12/2021,0.735044035
1/13/2021,0.649997323
1/14/2021,0.848113622
1/15/2021,0.539672249
1/19/2021,0.395033515
1/20/2021,0.374059539
1/21/2021,0.611965584
1/22/2021,0.177255289
1/25/2021,0.306090048
1/26/2021,0.341069958
1/27/2021,-0.070545949
1/28/2021,0.075860669
1/29/2021,0.097890303
2/1/2021,-0.042362192
2/2/2021,0.155349598
2/3/2021,0.344508689
2/4/2021,0.152877908
2/5/2021,0.790467222
2/8/2021,0.734022492
2/9/2021,0.652587308
2/10/2021,0.759837282
2/11/2021,0.686790843
2/12/2021,0.679829485
2/16/2021,0.614435758
2/17/2021,0.650283413
2/18/2021,0.513898307
2/19/2021,0.852708702
2/22/2021,0.402111814
2/23/2021,0.608404127
2/24/2021,0.496992427
2/25/2021,0.990459212
2/26/2021,1.058354264
3/1/2021,0.80538131
3/2/2021,0.634307114
3/3/2021,0.763377737
3/4/2021,0.663974532
3/5/2021,0.725678837
3/8/2021,0.727488318
3/9/2021,0.880638988
3/10/2021,0.845930931
3/11/2021,0.644622262
3/12/2021,0.783122013
3/15/2021,0.766921797
3/16/2021,0.825850938
3/17/2021,0.726032181
3/18/2021,0.703223556
3/19/2021,0.764799831
3/22/2021,0.802675886
3/23/2021,0.831612948
3/24/2021,0.637322099
3/25/2021,0.555328361
3/26/2021,0.59091246
3/29/2021,0.509063684
3/30/2021,0.515392967
3/31/2021,0.652486457
4/1/2021,0.458188778
4/2/2021,0.597666724
4/5/2021,0.521953762
4/6/2021,0.289612932
4/7/2021,0.380714229
4/8/2021,0.38510809
4/9/2021,0.196565244
4/12/2021,0.33220684
4/13/2021,0.346976407
4/14/2021,0.392828599
4/15/2021,0.112901861
4/16/2021,0.112704313
4/19/2021,-0.003695432
4/20/2021,0.039624155
4/21/2021,-0.033755464
4/22/2021,0.113053457
4/23/2021,0.085430636
4/26/2021,0.20266874
4/27/2021,0.127376218
4/28/2021,0.289030347
4/29/2021,0.337002531
4/30/2021,0.392974642
5/3/2021,0.356117552
5/4/2021,0.150776272
5/5/2021,0.29768361
5/6/2021,0.129039699
5/7/2021,0.671476567
5/10/2021,0.75836426
5/11/2021,0.650523119
5/12/2021,0.545968499
5/13/2021,0.553932527
5/14/2021,0.43339237
5/17/2021,0.448800169
5/18/2021,0.266402005
5/19/2021,0.437569184
5/20/2021,0.46423273
5/21/2021,0.549290208
5/24/2021,0.50882691
5/25/2021,0.504043887
5/26/2021,0.698089488
5/27/2021,0.63078947
5/28/2021,0.657407227
6/1/2021,0.59535046
6/2/2021,0.524447945
6/3/2021,0.549585638
6/4/2021,0.523651312
6/7/2021,0.452536401
6/8/2021,0.511450401
6/9/2021,0.204069457
6/10/2021,0.374019238
6/11/2021,0.417395059
6/14/2021,0.500416597
6/15/2021,0.577070307
6/16/2021,0.713296474
6/17/2021,0.473230288
6/18/2021,0.453119446
6/21/2021,0.345838082
6/22/2021,0.315544856
6/23/2021,0.203787128
6/24/2021,0.311671873
6/25/2021,0.182027022
6/29/2021,0.193017648
6/30/2021,0.065777315
7/1/2021,0.232504771
7/2/2021,0.273937462
7/6/2021,0.468862206
7/7/2021,0.112909855
7/8/2021,0.151906398
7/9/2021,0.190499377
7/12/2021,0.164585015
7/13/2021,0.266788677
7/14/2021,0.258626758
7/15/2021,-0.00603774
7/16/2021,-0.00166158
7/19/2021,-0.003814131
7/20/2021,-0.155070552
7/21/2021,0.137017951
7/22/2021,0.064639365
7/23/2021,0.068607247
7/26/2021,0.113909165
7/27/2021,0.184413739
7/28/2021,0.213723488
7/29/2021,0.262620428
7/30/2021,0.335184768
8/2/2021,0.272092007
8/3/2021,0.371497877
8/4/2021,0.374257638
8/5/2021,0.400526736
8/6/2021,0.561674353
8/9/2021,0.539704429
8/10/2021,0.438899
8/11/2021,0.365493514
8/12/2021,0.381211579
8/13/2021,0.560683883
8/16/2021,0.431676635
8/17/2021,0.413452742
8/18/2021,0.416051298
8/19/2021,0.304231194
8/20/2021,0.38352469
8/23/2021,0.369104778
8/24/2021,0.247731461
8/25/2021,0.226441903
8/26/2021,0.295397499
8/27/2021,0.100975288
8/30/2021,0.068020441
8/31/2021,0.21478949
9/1/2021,0.24225662
9/2/2021,0.160744836
9/3/2021,0.116858014
9/7/2021,0.389220832
9/8/2021,0.2634396
9/9/2021,0.324547308
9/10/2021,0.383860356
9/13/2021,0.439152774
9/14/2021,0.261884919
9/15/2021,0.399460654
9/16/2021,0.386546238
9/17/2021,0.309649425
9/20/2021,0.169752153
9/21/2021,0.225496982
9/22/2021,0.325673058
9/23/2021,0.520171965
9/24/2021,0.636753157
9/27/2021,0.469473712
9/28/2021,0.544921372
9/29/2021,0.578621805
9/30/2021,0.705034841
10/1/2021,0.335291352
10/4/2021,0.413132343
10/5/2021,0.250415174
10/6/2021,0.233067819
10/7/2021,0.397117069
10/8/2021,0.10725846
10/11/2021,0.312651479
10/12/2021,0.104155547
10/13/2021,0.254774317
10/14/2021,0.297938429
10/15/2021,0.283619981
10/18/2021,0.618007525
10/19/2021,0.439565817
10/20/2021,0.575731736
10/21/2021,0.574997164
10/22/2021,0.563972407
10/25/2021,0.596106063
10/26/2021,0.47293267
10/27/2021,0.310428268
10/28/2021,0.521985564
10/29/2021,0.442827009
11/1/2021,0.415164099
11/2/2021,0.547619665
11/3/2021,0.265275535
11/4/2021,0.417740024
11/5/2021,-0.44118001
11/8/2021,0.15389569
11/9/2021,0.201166784
11/10/2021,0.228388733
11/11/2021,0.347985567
11/12/2021,0.283039266
11/15/2021,0.347434306
11/16/2021,0.248287488
11/17/2021,0.320110801
11/18/2021,0.424796144
11/19/2021,0.400573797
11/22/2021,0.321762374
11/23/2021,0.373486222
11/24/2021,0.362585197
11/26/2021,-0.167477224
11/29/2021,0.146062332
11/30/2021,0.117935004
12/1/2021,0.000296264
12/2/2021,-0.064178544
12/3/2021,-0.057222909
12/6/2021,0.146753307
12/7/2021,0.128316348
12/8/2021,0.099064428
12/9/2021,0.115225496
12/10/2021,0.3960201
12/13/2021,0.38297714
12/14/2021,0.52313706
12/15/2021,0.520176041
12/16/2021,0.288294561
12/17/2021,0.107912009
12/20/2021,0.060478306
12/21/2021,0.2660254
12/22/2021,0.327643823
12/23/2021,0.192761766
12/27/2021,0.288580019
12/28/2021,0.319843273
12/29/2021,0.366528631
12/30/2021,0.605809277
12/31/2021,0.444885731
1/3/2022,0.36429364
1/4/2022,0.325211217
1/5/2022,0.618940666
1/6/2022,0.51533064
1/7/2022,0.362944906
1/10/2022,0.436373034
1/11/2022,0.583064476
1/12/2022,0.315853219
1/13/2022,0.181694531
1/14/2022,0.419193736
1/18/2022,0.237296994
1/19/2022,0.342081875
1/20/2022,0.037126425
1/21/2022,0.152939814
1/24/2022,0.268557852
1/25/2022,0.247742782
1/26/2022,0.270557673
1/27/2022,0.165405916
1/28/2022,0.030589045
1/31/2022,-0.029040947
2/1/2022,0.096815896
2/2/2022,-0.076143913
2/3/2022,0.08803828
2/4/2022,0.209404141
2/7/2022,0.191002757
2/8/2022,0.260159773
2/9/2022,0.245703277
2/10/2022,0.245361699
2/11/2022,0.220917034
2/14/2022,0.333656009
2/15/2022,0.274891478
2/16/2022,0.41049128
2/17/2022,0.208570634
2/18/2022,0.20304304
2/22/2022,0.227789432
2/23/2022,0.130022316
2/24/2022,-0.012663502
2/25/2022,0.16584594
2/28/2022,-0.311700352
3/1/2022,-0.732123635
3/2/2022,-0.710094498
3/3/2022,-0.394768087
3/4/2022,-0.370195724
3/7/2022,-0.495771327
3/8/2022,-0.60203945
3/9/2022,-0.483297962
3/10/2022,-0.35648125
3/11/2022,-0.40773486
3/14/2022,0.094375845
3/15/2022,0.144775577
3/16/2022,0.197445729
3/17/2022,0.025858458
3/18/2022,-0.137747601
3/21/2022,0.04232096
3/22/2022,0.066206585
3/23/2022,0.253739192
3/24/2022,0.125583708
3/25/2022,0.27248334
3/28/2022,0.288983897
3/29/2022,0.233224954
3/30/2022,0.172482463
3/31/2022,0.000858863
4/1/2022,0.137280357
4/4/2022,0.06433315
4/5/2022,0.177661426
4/6/2022,0.113523551
4/7/2022,0.082108198
4/8/2022,0.026274685
4/11/2022,0.045880791
4/12/2022,0.151002613
4/13/2022,0.090410561
4/14/2022,0.110460449
4/18/2022,0.111604248
4/19/2022,0.17185705
4/20/2022,0.130892006
4/21/2022,-0.134058593
4/22/2022,0.090319307
4/25/2022,-0.064118864
4/26/2022,-0.343320631
4/27/2022,-0.410237141
4/28/2022,-0.205915766
4/29/2022,-0.248113161
5/2/2022,-0.22202971
5/3/2022,-0.106344185
5/4/2022,0.044412854
5/5/2022,0.046119943
5/6/2022,0.067453867
5/9/2022,0.087700624
5/10/2022,0.057303482
5/11/2022,0.022604567
5/12/2022,-0.240887771
5/13/2022,-0.148170867
5/16/2022,-0.16133394
5/17/2022,-0.114175755
5/18/2022,-0.019764051
5/19/2022,-0.10623668
5/20/2022,-0.160760704
5/23/2022,-0.1500281
5/24/2022,-0.121585914
5/25/2022,-0.085021281
5/26/2022,-0.153613566
5/27/2022,-0.059426036
5/31/2022,0.037599468
6/1/2022,0.014160071
6/2/2022,0.099639852
6/3/2022,0.146968991
6/6/2022,0.15871259
6/7/2022,0.137690785
6/8/2022,0.15452065
6/9/2022,0.191834746
6/10/2022,0.35058005
6/13/2022,0.454205416
6/14/2022,0.594084092
6/15/2022,0.625509319
6/16/2022,0.497717446
6/17/2022,0.432055292
6/21/2022,0.452106225
6/22/2022,0.403065054
6/23/2022,0.318958976
6/24/2022,0.229430156
6/27/2022,0.269553752
6/28/2022,0.198602281
6/29/2022,0.242409647
6/30/2022,-0.097154111
7/1/2022,-0.346755507
7/5/2022,-0.407964834
7/6/2022,-0.365549937
7/7/2022,-0.346831923
7/8/2022,-0.289618256
7/11/2022,0.026262264
7/12/2022,0.062285198
7/13/2022,0.077470527
7/14/2022,0.059067051
7/15/2022,0.118558131
7/18/2022,0.016975559
7/19/2022,0.05208609
7/20/2022,0.184502174
7/21/2022,0.176978747
7/22/2022,-0.005505461
7/25/2022,-0.038191796
7/26/2022,-0.12367264
7/27/2022,-0.051753879
7/28/2022,-0.110371479
7/29/2022,-0.046856752
8/1/2022,-0.211755852
8/2/2022,-0.200425866
8/3/2022,-0.0276312
8/4/2022,-0.11265788
8/5/2022,0.05558452
8/8/2022,0.063933206
8/9/2022,0.171869854
8/10/2022,0.215437705
8/11/2022,0.171507284
8/12/2022,0.150564056
8/15/2022,0.086536266
8/16/2022,0.071488286
8/17/2022,0.084877597
8/18/2022,0.119165884
8/19/2022,0.126233767
8/22/2022,0.09584558
8/23/2022,0.128136752
8/24/2022,0.079953063
8/25/2022,0.094845885
8/26/2022,0.059587253
8/29/2022,0.041454311
8/30/2022,-0.08545954
8/31/2022,0.066833354
9/1/2022,0.064188925
9/2/2022,0.022217183
9/6/2022,0.011777196
9/7/2022,0.063000067
9/8/2022,0.005709967
9/9/2022,0.119519864
9/12/2022,0.145290642
9/13/2022,0.203449928
9/14/2022,0.204743287
9/15/2022,0.102188628
9/16/2022,0.138640885
9/19/2022,0.099824425
9/20/2022,0.076379216
9/21/2022,0.052521184
9/22/2022,0.144289902
9/23/2022,0.08788102
9/26/2022,0.17196803
9/27/2022,0.340870485
9/28/2022,0.318241998
9/29/2022,0.032413214
9/30/2022,0.038632161
10/3/2022,0.100473188
10/4/2022,-0.084067103
10/5/2022,-0.008728165
10/6/2022,0.093283847
10/7/2022,0.122447229
10/10/2022,0.153974074
10/11/2022,0.183402714
10/12/2022,0.114110305
10/13/2022,0.061508304
10/14/2022,0.240037758
10/17/2022,0.304304955
10/18/2022,0.276896582
10/19/2022,0.274702044
10/20/2022,0.218955163
10/21/2022,0.320140451
10/24/2022,0.214233095
10/25/2022,0.267402697
10/26/2022,0.179545797
10/27/2022,0.127083607
10/28/2022,0.152329686
10/31/2022,0.143212133
11/1/2022,0.186245115
11/2/2022,0.254037062
11/3/2022,0.268339109
11/4/2022,0.223393532
11/7/2022,0.133180976
11/8/2022,0.04380067
11/9/2022,0.179045877
11/10/2022,0.389149881
11/11/2022,0.266177076
11/14/2022,0.051384457
11/15/2022,-0.07594452
11/16/2022,-0.119428185
11/17/2022,0.07945495
11/18/2022,0.132508918
11/21/2022,-0.045124514
11/22/2022,0.090822421
11/23/2022,-0.030648915
11/25/2022,-0.079166418
11/28/2022,-0.031643912
11/29/2022,0.04115164
11/30/2022,-0.066169582
12/1/2022,0.008194271
12/2/2022,-0.00429827
12/5/2022,-0.006546932
12/6/2022,-0.172463583
12/7/2022,-0.251425961
12/8/2022,-0.102063672
12/9/2022,-0.123995293
12/12/2022,-0.055265722
12/13/2022,-0.007433792
12/14/2022,-0.016030719
12/15/2022,0.018835672
12/16/2022,-0.046532348
12/19/2022,-0.025324581
12/20/2022,0.052729913
12/21/2022,0.027697247
12/22/2022,-0.022255096
12/23/2022,0.018942219
12/27/2022,0.047052167
12/28/2022,0.051065197
12/29/2022,0.063572796
12/30/2022,0.019585944
1/3/2023,0.178185823
1/4/2023,-0.025278676
1/5/2023,0.056948723
1/6/2023,-0.12124881
1/9/2023,-0.115498828
1/10/2023,0.023680832
1/11/2023,0.028282436
1/12/2023,0.017640948
1/13/2023,0.143754068
1/17/2023,0.059764623
1/18/2023,-0.128559877
1/19/2023,-0.01049585
1/20/2023,0.027184712
1/23/2023,0.155384149
1/24/2023,0.061747306
1/25/2023,-0.044829243
1/26/2023,0.089808513
1/27/2023,-0.034296442
1/30/2023,0.020320497
1/31/2023,0.090726932
2/1/2023,0.013978093
2/2/2023,-0.130390333
2/3/2023,0.030397239
2/6/2023,0.078180882
2/7/2023,0.220498316
2/8/2023,0.024428919
2/9/2023,0.138064652
2/10/2023,0.03799744
2/13/2023,0.097629576
2/14/2023,0.243633654
2/15/2023,0.184746622
2/16/2023,0.181568045
2/17/2023,0.145816583
2/21/2023,0.128125328
2/22/2023,0.122151191
2/23/2023,0.154610178
2/24/2023,0.104337993
2/27/2023,0.075659447
2/28/2023,0.091660897
3/1/2023,0.155518504
3/2/2023,0.164930014
3/3/2023,0.14477642
3/6/2023,0.1997479
3/7/2023,0.133476712
3/8/2023,0.181195199
3/9/2023,0.098742499
3/10/2023,-0.128610806
3/13/2023,-0.406319575
3/14/2023,-0.443088453
3/15/2023,-0.750767097
3/16/2023,-0.41028635
3/17/2023,-0.569159047
3/20/2023,-0.553975092
3/21/2023,-0.377948219
3/22/2023,-0.463158931
3/23/2023,-0.64793172
3/24/2023,-0.605609632
3/27/2023,-0.594003932
3/28/2023,-0.627190477
3/29/2023,-0.532155457
3/30/2023,-0.473930442
3/31/2023,-0.644708852
4/3/2023,-0.527141164
4/4/2023,-0.680257366
4/5/2023,-0.632044925
4/6/2023,-0.596711288
4/7/2023,-0.510102211
4/10/2023,-0.381002261
4/11/2023,-0.519568196
4/12/2023,-0.292307646
4/13/2023,-0.294451171
4/14/2023,-0.185862016
4/17/2023,-0.286950294
4/18/2023,-0.143481703
4/19/2023,-0.041962442
4/20/2023,-0.332065279
4/21/2023,-0.255857977
4/24/2023,-0.261432264
4/25/2023,-0.602700764
4/26/2023,-0.464014907
4/27/2023,-0.420793032
4/28/2023,-0.560532108
5/1/2023,-0.396486813
5/2/2023,-0.589905838
5/3/2023,-0.484129639
5/4/2023,-0.71456511
5/5/2023,-0.497015562
5/8/2023,-0.394791594
5/9/2023,-0.48001518
5/10/2023,-0.372742445
5/11/2023,-0.268251668
5/12/2023,-0.349795683
5/15/2023,-0.347936711
5/16/2023,-0.425060019
5/17/2023,-0.416917269
5/18/2023,-0.419716429
5/19/2023,-0.509366782
5/22/2023,-0.430924692
5/23/2023,-0.427712541
5/24/2023,-0.348868516
5/25/2023,-0.208206669
5/26/2023,-0.059852253
5/30/2023,-0.087088969
5/31/2023,-0.110927126
6/1/2023,-0.297243172
6/2/2023,-0.110512289
6/5/2023,-0.109646436
6/6/2023,-0.134537873
6/7/2023,-0.065321795
6/8/2023,-0.178060618
6/9/2023,-0.202621816
6/12/2023,-0.269368043
6/13/2023,-0.014623594
6/14/2023,-0.092050625
6/15/2023,-0.240613753
6/16/2023,-0.10370016
6/20/2023,-0.140789469
6/21/2023,-0.138070952
6/22/2023,-0.181656747
6/23/2023,-0.282149578
6/26/2023,-0.313699975
6/27/2023,-0.28898689
6/28/2023,-0.406552574
6/29/2023,-0.159832631
6/30/2023,-0.094212453
7/3/2023,-0.09788482
7/5/2023,-0.092288206
7/6/2023,0.051049683
7/7/2023,0.130839171
7/10/2023,0.075932316
7/11/2023,0.136893462
7/12/2023,0.016200906
7/13/2023,0.179858928
7/14/2023,0.159307704
7/17/2023,0.094301248
7/18/2023,0.023330338
7/19/2023,4.05E-15
7/20/2023,0.091694789
7/21/2023,0.23785186
7/24/2023,0.02763294
7/25/2023,0.109478233
7/26/2023,-0.014635582
7/27/2023,0.333022666
7/28/2023,0.308059904
7/31/2023,0.251503319
8/1/2023,0.16867572
8/2/2023,0.101907779
8/3/2023,0.073316924
8/4/2023,0.139772866
8/7/2023,0.274858414
8/8/2023,0.09264233
8/9/2023,0.273361115
8/10/2023,0.276245385
8/11/2023,-0.005783925
8/14/2023,0.083012325
8/15/2023,0.029821681
8/16/2023,-0.018359168
8/17/2023,0.011114037
8/18/2023,-0.133008221
8/21/2023,-0.097488149
8/22/2023,0.031816402
8/23/2023,0.026514932
8/24/2023,0.10555941
8/25/2023,0.086017605
8/28/2023,0.075041411
8/29/2023,-0.085069162
8/30/2023,-0.038768487
8/31/2023,-0.039761742
9/1/2023,0.002066501
9/5/2023,0.038546758
9/6/2023,0.049160169
9/7/2023,-0.061473723
9/8/2023,-0.078979661
9/11/2023,-0.046905932
9/12/2023,0.021297598
9/13/2023,-0.121853683
9/14/2023,0.043296174
9/15/2023,0.022477796
9/18/2023,-0.039846422
9/19/2023,-0.04694286
9/20/2023,-0.085025856
9/21/2023,0.122121359
9/22/2023,0.05429418
9/25/2023,0.149524586
9/26/2023,0.083709066
9/27/2023,0.202877359
9/28/2023,0.228855857
9/29/2023,0.236702487
10/2/2023,0.200505075
10/3/2023,0.108085801
10/4/2023,0.051229956
10/5/2023,0.071242068
10/6/2023,0.084900104
10/9/2023,-0.15997873
10/10/2023,-0.126553126
10/11/2023,-0.088701254
10/12/2023,0.034453488
10/13/2023,-0.276267031
10/16/2023,-0.210163182
10/17/2023,-0.156895101
10/18/2023,-0.207103693
10/19/2023,-0.038399898
10/20/2023,-0.258922741
10/23/2023,-0.273993937
10/24/2023,-0.103177197
10/25/2023,-0.136291586
10/26/2023,-0.384022319
10/27/2023,-0.670295142
10/30/2023,-0.395403942
10/31/2023,-0.247172282
11/1/2023,-0.149399156
11/2/2023,-0.208609707
11/3/2023,-0.377885041
11/6/2023,-0.148040592
11/7/2023,-0.15779923
11/8/2023,-0.100242844
11/9/2023,-0.068179583
11/10/2023,-0.294456828
11/13/2023,-0.264172315
11/14/2023,-0.244598769
11/15/2023,-0.280798476
11/16/2023,-0.313041776
11/17/2023,-0.332060586
11/20/2023,-0.403204746
11/21/2023,-0.33318188
11/22/2023,-0.383460369
11/24/2023,-0.312652015
11/27/2023,-0.390403283
11/28/2023,-0.403669816
11/29/2023,-0.39490445
11/30/2023,-0.438962816
12/1/2023,-0.549655102
12/4/2023,-0.545992403
12/5/2023,-0.679334793
12/6/2023,-0.704595598
12/7/2023,-0.700815169
12/8/2023,-0.644481721
12/11/2023,-0.616549558
12/12/2023,-0.69374466
12/13/2023,-0.792273373
12/14/2023,-0.698304185
12/15/2023,-0.574304689
12/18/2023,-0.496202388
12/19/2023,-0.528419621
12/20/2023,-0.583088261
12/21/2023,-0.431729288
12/22/2023,-0.481149394
12/26/2023,-0.482079946
12/27/2023,-0.509404537
12/28/2023,-0.399140783
12/29/2023,-0.524254908
1/2/2024,-0.284991056
1/3/2024,-0.300418099
1/4/2024,-0.275725212
1/5/2024,-0.358090966
1/8/2024,-0.43520543
1/9/2024,-0.405340229
1/10/2024,-0.425805623
1/11/2024,-0.461495334
1/12/2024,-0.579127318
1/16/2024,-0.333759131
1/17/2024,-0.268655566
1/18/2024,-0.151572036
1/19/2024,-0.01417896
1/22/2024,-0.157245144
1/23/2024,-0.052281249
1/24/2024,-0.052774803
1/25/2024,-0.106709254
1/26/2024,0.040298323
1/29/2024,-0.136664836
1/30/2024,-0.350576034
1/31/2024,-0.342548258
2/1/2024,-0.621490504
2/2/2024,-0.455040446
2/5/2024,-0.204828397
2/6/2024,-0.432348413
2/7/2024,-0.398580214
2/8/2024,-0.117770685
2/9/2024,-0.357248799
2/12/2024,-0.389691698
2/13/2024,-0.272456603
2/14/2024,-0.172521823
2/15/2024,-0.103202528
2/16/2024,-0.045796918
2/20/2024,-0.070104707
2/21/2024,-0.01847159
2/22/2024,-0.000179195
2/23/2024,-0.026299026
2/26/2024,0.02178851
2/27/2024,0.006248747
2/28/2024,-0.061664491
2/29/2024,-0.070042002
3/1/2024,-0.139909065
3/4/2024,-0.060734756
3/5/2024,-0.217185608
3/6/2024,-0.028668544
3/7/2024,-0.085470859
3/8/2024,-0.02557643
3/11/2024,-0.056104151
3/12/2024,0.069336965
3/13/2024,0.094928358
3/14/2024,0.104605756
3/15/2024,0.063212695
3/18/2024,0.182839554
3/19/2024,-0.011603609
3/20/2024,0.071195325
3/21/2024,0.060618277
3/22/2024,-0.159482107
3/25/2024,-0.053304266
3/26/2024,-0.041119257
3/27/2024,-0.152624675
3/28/2024,-0.133380322
4/1/2024,0.089708969
4/2/2024,0.154224601
4/3/2024,-0.037474387
4/4/2024,-0.232416121
4/5/2024,-0.257564467
4/8/2024,-0.123133161
4/9/2024,-0.073958775
4/10/2024,0.364890262
4/11/2024,0.384513459
4/12/2024,-0.183166427
4/15/2024,-0.147843436
4/16/2024,-0.06826677
4/17/2024,-0.116936482
4/18/2024,0.128029311
4/19/2024,-0.15957259
4/22/2024,-0.061870831
4/23/2024,-0.191638527
4/24/2024,-0.029441198
4/25/2024,-0.06050859
4/26/2024,-0.065681146
4/29/2024,-0.181599898
4/30/2024,-0.099800838
5/1/2024,-0.055415969
5/2/2024,-0.220775563
5/3/2024,-0.125833977
5/6/2024,-0.07171502
5/7/2024,-0.075749342
5/8/2024,-0.037247251
5/9/2024,-0.152984162
5/10/2024,-0.06283116
5/13/2024,-0.14824855
5/14/2024,-0.07366548
5/15/2024,-0.054420019
5/16/2024,0.024811912
5/17/2024,-0.141792852
5/20/2024,-0.106435553
5/21/2024,-0.0877808
5/22/2024,-0.073682086
5/23/2024,-0.038380567
5/24/2024,-0.01613323
5/28/2024,-0.046542402
5/29/2024,0.154302776
5/30/2024,-0.044230042
5/31/2024,-0.115898922
6/3/2024,-0.120603696
6/4/2024,-0.324179427
6/5/2024,-0.353289124
6/6/2024,-0.351028999
6/7/2024,-0.159388623
6/10/2024,-0.086584309
6/11/2024,-0.180664511
6/12/2024,-0.159770976
6/13/2024,-0.388871309
6/14/2024,-0.403900466
6/17/2024,-0.258576148
6/18/2024,-0.179076565
6/20/2024,-0.240004291
6/21/2024,-0.270428354
6/24/2024,-0.336896308
6/25/2024,-0.3018631
6/26/2024,-0.270298593
6/27/2024,-0.178479245
6/28/2024,-0.154303404
7/1/2024,-0.072119494
7/2/2024,-0.125233554
7/3/2024,-0.180089911
7/5/2024,-0.246141518
7/8/2024,-0.116994308
7/9/2024,-0.063030596
7/10/2024,0.076569242
7/11/2024,0.008127242
7/12/2024,-0.11495961
7/15/2024,0.017911135
7/16/2024,-0.122390253
7/17/2024,0.030225477
7/18/2024,-0.098555869
7/19/2024,0.029475087
7/22/2024,-0.158290046
7/23/2024,-0.207308422
7/24/2024,-0.071531945
7/25/2024,-0.082910521
7/26/2024,-0.129403664
7/29/2024,-0.271309508
7/30/2024,-0.284718151
7/31/2024,-0.215095752
8/1/2024,-0.450874686
8/2/2024,-0.947066915
8/5/2024,-0.958595766
8/6/2024,-0.812119709
8/7/2024,-0.441797351
8/8/2024,-0.29741878
8/9/2024,-0.418125645
8/12/2024,-0.522970692
8/13/2024,-0.487837631
8/14/2024,-0.282150611
8/15/2024,-0.365549137
8/16/2024,-0.355243357
8/19/2024,-0.214569169
8/20/2024,-0.370420848
8/21/2024,-0.253532054
8/22/2024,-0.153921667
8/23/2024,-0.199069517
8/26/2024,-0.101039883
8/27/2024,-0.096389428
8/28/2024,-0.170526368
8/29/2024,-0.110263592
8/30/2024,-0.128192708
9/3/2024,-0.162646014
9/4/2024,-0.210803979
9/5/2024,-0.211231152
9/6/2024,-0.398804821
9/9/2024,-0.301259015
9/10/2024,-0.413314601
9/11/2024,-0.244901437
9/12/2024,-0.276655041
9/13/2024,-0.234628611
9/16/2024,-0.256836597
9/17/2024,-0.211883214
9/18/2024,-0.106003744
9/19/2024,0.050466108
9/20/2024,-0.047096382
9/23/2024,-0.039132658
9/24/2024,-0.085610072
9/25/2024,-0.063761478
9/26/2024,0.113961923
9/27/2024,-0.073041213
9/30/2024,-0.014741807
10/1/2024,-0.183126582
10/2/2024,-0.027900624
10/3/2024,-0.09441099
10/4/2024,0.177994694
10/7/2024,0.100132583
10/8/2024,0.089225208
10/9/2024,0.344078879
10/10/2024,0.428213317
10/11/2024,0.307977117
10/14/2024,0.313336145
10/15/2024,0.154142722
10/16/2024,0.296644274
10/17/2024,0.410699589
10/18/2024,0.444445043
10/21/2024,0.446449474
10/22/2024,0.352859274
10/23/2024,0.281877942
10/24/2024,0.108379037
10/25/2024,0.043687416
10/28/2024,0.296362834
10/29/2024,0.151003094
10/30/2024,0.181404995
10/31/2024,0.103610622
11/1/2024,0.014382484
11/4/2024,0.143194469
11/5/2024,0.090133974
11/6/2024,0.140830103
11/7/2024,0.034370408
11/8/2024,0.044357514
11/11/2024,-0.013838634
11/12/2024,-0.041157337
11/13/2024,-0.003739085
11/14/2024,-0.056346486
11/15/2024,-0.195882234
11/18/2024,-0.081990497
11/19/2024,-0.312507601
11/20/2024,-0.156244579
11/21/2024,-0.23224068
11/22/2024,-0.370048556
11/25/2024,-0.219350275
11/26/2024,-0.17782098
11/27/2024,-0.032417238
11/29/2024,-0.173497135
12/2/2024,-0.042094968
12/3/2024,-0.147367767
12/4/2024,-0.148505348
12/5/2024,-0.113700698
12/6/2024,-0.031744158
12/9/2024,0.100036405
12/10/2024,-0.026169476
12/11/2024,0.177263341
12/12/2024,0.174236937
12/13/2024,0.089463085
12/16/2024,0.051620857
12/17/2024,0.071565329
12/18/2024,0.207683978
12/19/2024,0.026178991
12/20/2024,0.073448319
12/23/2024,0.341874514
12/24/2024,0.15687629
12/26/2024,0.156087698
12/27/2024,-0.00553075
12/30/2024,0.064736258
12/31/2024,-0.154892384
1/2/2025,0.020542583
1/3/2025,0.127651752
1/6/2025,0.034746183
1/7/2025,0.058367079
1/8/2025,-0.088521869
1/9/2025,-0.036308904
1/10/2025,0.286870316
1/13/2025,0.010378852
1/14/2025,-0.007561757
1/15/2025,0.036634839
1/16/2025,-0.078423401
1/17/2025,0.174397931
1/21/2025,-0.003455347
1/22/2025,0.022439713
1/23/2025,0.037569999
1/24/2025,0.133783144
1/27/2025,-0.244554805
1/28/2025,-0.211314788
1/29/2025,-0.127949455
1/30/2025,-0.021511078
1/31/2025,-0.006510364
2/3/2025,-0.101759986
2/4/2025,-0.148226382
2/5/2025,-0.066570203
2/6/2025,-0.176470625
2/7/2025,-0.070957782
2/10/2025,-0.060737385
2/11/2025,-0.112335536
2/12/2025,-0.159827274
2/13/2025,-0.342251358
2/14/2025,-0.471975023
2/18/2025,-0.256785584
2/19/2025,-0.267243785
2/20/2025,-0.312606047
2/21/2025,-0.615841506
2/24/2025,-0.674396043
2/25/2025,-0.546130666
2/26/2025,-0.688016402
2/27/2025,-0.626637014
2/28/2025,-0.42320868
3/3/2025,-0.495909818
3/4/2025,-0.522323744
3/5/2025,-0.287986401
3/6/2025,-0.382500621
3/7/2025,-0.349685095
3/10/2025,-0.494849166
3/11/2025,-0.598392377
3/12/2025,-0.428364567
3/13/2025,-0.534838684
3/14/2025,-0.525622034
3/17/2025,-0.500584506
3/18/2025,-0.624500254
3/19/2025,-0.589712451
3/20/2025,-0.635290597
3/21/2025,-0.638604687
3/24/2025,-0.389979555
3/25/2025,-0.399326935
3/26/2025,-0.388774053
3/27/2025,-0.250263938
3/28/2025,-0.557981083
3/31/2025,-0.45317656
4/1/2025,-0.603474949
4/2/2025,-0.453205859
4/3/2025,-0.51995149
4/4/2025,-1.608846621
4/7/2025,-1.241296051
4/8/2025,-0.620988103
4/9/2025,-0.202230406
